nohup: ignoring input




















INSaNe version v1.0.6.0-Membrane-16 (2025-12-02 22:13:24 +0000)
Using OpenSSL version OpenSSL 3.0.13 30 Jan 2024
Default data directory /home/codespace/.INSN
Used data directory /home/codespace/.INSN/regtest
Failed to create backup boost::filesystem::copy_file: No such file or directory [system:2]: "/home/codespace/.INSN/regtest/wallet.dat", "/home/codespace/.INSN/regtest/backups/wallet.dat.2025-12-02-23.26"
init message: Verifying database integrity...
dbenv.open LogDir=/home/codespace/.INSN/regtest/database ErrorFile=/home/codespace/.INSN/regtest/db.log
init message: Loading block index...
Opening LevelDB in /home/codespace/.INSN/regtest/txleveldb
Opened LevelDB successfully
SetBestChain: new best=b772ef430a34e04f015ab7a4e4fbe2e882794a83b1dc0056573d74880649d073  height=0  trust=2  blocktrust=2  date=05/01/17 00:01:30
 block index              19ms
init message: Loading wallet...
nFileVersion = 1000600
Keys: 0 plaintext, 0 encrypted, 0 w/ metadata, 0 total
Performing wallet upgrade to 60000
keypool added key 1, size=1
init message: Loading wallet... (0.10 %)
keypool added key 2, size=2
init message: Loading wallet... (0.20 %)
keypool added key 3, size=3
init message: Loading wallet... (0.30 %)
keypool added key 4, size=4
init message: Loading wallet... (0.40 %)
keypool added key 5, size=5
init message: Loading wallet... (0.50 %)
keypool added key 6, size=6
init message: Loading wallet... (0.60 %)
keypool added key 7, size=7
init message: Loading wallet... (0.70 %)
keypool added key 8, size=8
init message: Loading wallet... (0.80 %)
keypool added key 9, size=9
init message: Loading wallet... (0.90 %)
keypool added key 10, size=10
init message: Loading wallet... (1.00 %)
keypool added key 11, size=11
init message: Loading wallet... (1.10 %)
keypool added key 12, size=12
init message: Loading wallet... (1.20 %)
keypool added key 13, size=13
init message: Loading wallet... (1.30 %)
keypool added key 14, size=14
init message: Loading wallet... (1.40 %)
keypool added key 15, size=15
init message: Loading wallet... (1.50 %)
keypool added key 16, size=16
init message: Loading wallet... (1.60 %)
keypool added key 17, size=17
init message: Loading wallet... (1.70 %)
keypool added key 18, size=18
init message: Loading wallet... (1.80 %)
keypool added key 19, size=19
init message: Loading wallet... (1.90 %)
keypool added key 20, size=20
init message: Loading wallet... (2.00 %)
keypool added key 21, size=21
init message: Loading wallet... (2.10 %)
keypool added key 22, size=22
init message: Loading wallet... (2.20 %)
keypool added key 23, size=23
init message: Loading wallet... (2.30 %)
keypool added key 24, size=24
init message: Loading wallet... (2.40 %)
keypool added key 25, size=25
init message: Loading wallet... (2.50 %)
keypool added key 26, size=26
init message: Loading wallet... (2.60 %)
keypool added key 27, size=27
init message: Loading wallet... (2.70 %)
keypool added key 28, size=28
init message: Loading wallet... (2.80 %)
keypool added key 29, size=29
init message: Loading wallet... (2.90 %)
keypool added key 30, size=30
init message: Loading wallet... (3.00 %)
keypool added key 31, size=31
init message: Loading wallet... (3.10 %)
keypool added key 32, size=32
init message: Loading wallet... (3.20 %)
keypool added key 33, size=33
init message: Loading wallet... (3.30 %)
keypool added key 34, size=34
init message: Loading wallet... (3.40 %)
keypool added key 35, size=35
init message: Loading wallet... (3.50 %)
keypool added key 36, size=36
init message: Loading wallet... (3.60 %)
keypool added key 37, size=37
init message: Loading wallet... (3.70 %)
keypool added key 38, size=38
init message: Loading wallet... (3.80 %)
keypool added key 39, size=39
init message: Loading wallet... (3.90 %)
keypool added key 40, size=40
init message: Loading wallet... (4.00 %)
keypool added key 41, size=41
init message: Loading wallet... (4.10 %)
keypool added key 42, size=42
init message: Loading wallet... (4.20 %)
keypool added key 43, size=43
init message: Loading wallet... (4.30 %)
keypool added key 44, size=44
init message: Loading wallet... (4.40 %)
keypool added key 45, size=45
init message: Loading wallet... (4.50 %)
keypool added key 46, size=46
init message: Loading wallet... (4.60 %)
keypool added key 47, size=47
init message: Loading wallet... (4.70 %)
keypool added key 48, size=48
init message: Loading wallet... (4.80 %)
keypool added key 49, size=49
init message: Loading wallet... (4.90 %)
keypool added key 50, size=50
init message: Loading wallet... (5.00 %)
keypool added key 51, size=51
init message: Loading wallet... (5.09 %)
keypool added key 52, size=52
init message: Loading wallet... (5.19 %)
keypool added key 53, size=53
init message: Loading wallet... (5.29 %)
keypool added key 54, size=54
init message: Loading wallet... (5.39 %)
keypool added key 55, size=55
init message: Loading wallet... (5.49 %)
keypool added key 56, size=56
init message: Loading wallet... (5.59 %)
keypool added key 57, size=57
init message: Loading wallet... (5.69 %)
keypool added key 58, size=58
init message: Loading wallet... (5.79 %)
keypool added key 59, size=59
init message: Loading wallet... (5.89 %)
keypool added key 60, size=60
init message: Loading wallet... (5.99 %)
keypool added key 61, size=61
init message: Loading wallet... (6.09 %)
keypool added key 62, size=62
init message: Loading wallet... (6.19 %)
keypool added key 63, size=63
init message: Loading wallet... (6.29 %)
keypool added key 64, size=64
init message: Loading wallet... (6.39 %)
keypool added key 65, size=65
init message: Loading wallet... (6.49 %)
keypool added key 66, size=66
init message: Loading wallet... (6.59 %)
keypool added key 67, size=67
init message: Loading wallet... (6.69 %)
keypool added key 68, size=68
init message: Loading wallet... (6.79 %)
keypool added key 69, size=69
init message: Loading wallet... (6.89 %)
keypool added key 70, size=70
init message: Loading wallet... (6.99 %)
keypool added key 71, size=71
init message: Loading wallet... (7.09 %)
keypool added key 72, size=72
init message: Loading wallet... (7.19 %)
keypool added key 73, size=73
init message: Loading wallet... (7.29 %)
keypool added key 74, size=74
init message: Loading wallet... (7.39 %)
keypool added key 75, size=75
init message: Loading wallet... (7.49 %)
keypool added key 76, size=76
init message: Loading wallet... (7.59 %)
keypool added key 77, size=77
init message: Loading wallet... (7.69 %)
keypool added key 78, size=78
init message: Loading wallet... (7.79 %)
keypool added key 79, size=79
init message: Loading wallet... (7.89 %)
keypool added key 80, size=80
init message: Loading wallet... (7.99 %)
keypool added key 81, size=81
init message: Loading wallet... (8.09 %)
keypool added key 82, size=82
init message: Loading wallet... (8.19 %)
keypool added key 83, size=83
init message: Loading wallet... (8.29 %)
keypool added key 84, size=84
init message: Loading wallet... (8.39 %)
keypool added key 85, size=85
init message: Loading wallet... (8.49 %)
keypool added key 86, size=86
init message: Loading wallet... (8.59 %)
keypool added key 87, size=87
init message: Loading wallet... (8.69 %)
keypool added key 88, size=88
init message: Loading wallet... (8.79 %)
keypool added key 89, size=89
init message: Loading wallet... (8.89 %)
keypool added key 90, size=90
init message: Loading wallet... (8.99 %)
keypool added key 91, size=91
init message: Loading wallet... (9.09 %)
keypool added key 92, size=92
init message: Loading wallet... (9.19 %)
keypool added key 93, size=93
init message: Loading wallet... (9.29 %)
keypool added key 94, size=94
init message: Loading wallet... (9.39 %)
keypool added key 95, size=95
init message: Loading wallet... (9.49 %)
keypool added key 96, size=96
init message: Loading wallet... (9.59 %)
keypool added key 97, size=97
init message: Loading wallet... (9.69 %)
keypool added key 98, size=98
init message: Loading wallet... (9.79 %)
keypool added key 99, size=99
init message: Loading wallet... (9.89 %)
keypool added key 100, size=100
init message: Loading wallet... (9.99 %)
keypool added key 101, size=101
init message: Loading wallet... (10.09 %)
keypool added key 102, size=102
init message: Loading wallet... (10.19 %)
keypool added key 103, size=103
init message: Loading wallet... (10.29 %)
keypool added key 104, size=104
init message: Loading wallet... (10.39 %)
keypool added key 105, size=105
init message: Loading wallet... (10.49 %)
keypool added key 106, size=106
init message: Loading wallet... (10.59 %)
keypool added key 107, size=107
init message: Loading wallet... (10.69 %)
keypool added key 108, size=108
init message: Loading wallet... (10.79 %)
keypool added key 109, size=109
init message: Loading wallet... (10.89 %)
keypool added key 110, size=110
init message: Loading wallet... (10.99 %)
keypool added key 111, size=111
init message: Loading wallet... (11.09 %)
keypool added key 112, size=112
init message: Loading wallet... (11.19 %)
keypool added key 113, size=113
init message: Loading wallet... (11.29 %)
keypool added key 114, size=114
init message: Loading wallet... (11.39 %)
keypool added key 115, size=115
init message: Loading wallet... (11.49 %)
keypool added key 116, size=116
init message: Loading wallet... (11.59 %)
keypool added key 117, size=117
init message: Loading wallet... (11.69 %)
keypool added key 118, size=118
init message: Loading wallet... (11.79 %)
keypool added key 119, size=119
init message: Loading wallet... (11.89 %)
keypool added key 120, size=120
init message: Loading wallet... (11.99 %)
keypool added key 121, size=121
init message: Loading wallet... (12.09 %)
keypool added key 122, size=122
init message: Loading wallet... (12.19 %)
keypool added key 123, size=123
init message: Loading wallet... (12.29 %)
keypool added key 124, size=124
init message: Loading wallet... (12.39 %)
keypool added key 125, size=125
init message: Loading wallet... (12.49 %)
keypool added key 126, size=126
init message: Loading wallet... (12.59 %)
keypool added key 127, size=127
init message: Loading wallet... (12.69 %)
keypool added key 128, size=128
init message: Loading wallet... (12.79 %)
keypool added key 129, size=129
init message: Loading wallet... (12.89 %)
keypool added key 130, size=130
init message: Loading wallet... (12.99 %)
keypool added key 131, size=131
init message: Loading wallet... (13.09 %)
keypool added key 132, size=132
init message: Loading wallet... (13.19 %)
keypool added key 133, size=133
init message: Loading wallet... (13.29 %)
keypool added key 134, size=134
init message: Loading wallet... (13.39 %)
keypool added key 135, size=135
init message: Loading wallet... (13.49 %)
keypool added key 136, size=136
init message: Loading wallet... (13.59 %)
keypool added key 137, size=137
init message: Loading wallet... (13.69 %)
keypool added key 138, size=138
init message: Loading wallet... (13.79 %)
keypool added key 139, size=139
init message: Loading wallet... (13.89 %)
keypool added key 140, size=140
init message: Loading wallet... (13.99 %)
keypool added key 141, size=141
init message: Loading wallet... (14.09 %)
keypool added key 142, size=142
init message: Loading wallet... (14.19 %)
keypool added key 143, size=143
init message: Loading wallet... (14.29 %)
keypool added key 144, size=144
init message: Loading wallet... (14.39 %)
keypool added key 145, size=145
init message: Loading wallet... (14.49 %)
keypool added key 146, size=146
init message: Loading wallet... (14.59 %)
keypool added key 147, size=147
init message: Loading wallet... (14.69 %)
keypool added key 148, size=148
init message: Loading wallet... (14.79 %)
keypool added key 149, size=149
init message: Loading wallet... (14.89 %)
keypool added key 150, size=150
init message: Loading wallet... (14.99 %)
keypool added key 151, size=151
init message: Loading wallet... (15.08 %)
keypool added key 152, size=152
init message: Loading wallet... (15.18 %)
keypool added key 153, size=153
init message: Loading wallet... (15.28 %)
keypool added key 154, size=154
init message: Loading wallet... (15.38 %)
keypool added key 155, size=155
init message: Loading wallet... (15.48 %)
keypool added key 156, size=156
init message: Loading wallet... (15.58 %)
keypool added key 157, size=157
init message: Loading wallet... (15.68 %)
keypool added key 158, size=158
init message: Loading wallet... (15.78 %)
keypool added key 159, size=159
init message: Loading wallet... (15.88 %)
keypool added key 160, size=160
init message: Loading wallet... (15.98 %)
keypool added key 161, size=161
init message: Loading wallet... (16.08 %)
keypool added key 162, size=162
init message: Loading wallet... (16.18 %)
keypool added key 163, size=163
init message: Loading wallet... (16.28 %)
keypool added key 164, size=164
init message: Loading wallet... (16.38 %)
keypool added key 165, size=165
init message: Loading wallet... (16.48 %)
keypool added key 166, size=166
init message: Loading wallet... (16.58 %)
keypool added key 167, size=167
init message: Loading wallet... (16.68 %)
keypool added key 168, size=168
init message: Loading wallet... (16.78 %)
keypool added key 169, size=169
init message: Loading wallet... (16.88 %)
keypool added key 170, size=170
init message: Loading wallet... (16.98 %)
keypool added key 171, size=171
init message: Loading wallet... (17.08 %)
keypool added key 172, size=172
init message: Loading wallet... (17.18 %)
keypool added key 173, size=173
init message: Loading wallet... (17.28 %)
keypool added key 174, size=174
init message: Loading wallet... (17.38 %)
keypool added key 175, size=175
init message: Loading wallet... (17.48 %)
keypool added key 176, size=176
init message: Loading wallet... (17.58 %)
keypool added key 177, size=177
init message: Loading wallet... (17.68 %)
keypool added key 178, size=178
init message: Loading wallet... (17.78 %)
keypool added key 179, size=179
init message: Loading wallet... (17.88 %)
keypool added key 180, size=180
init message: Loading wallet... (17.98 %)
keypool added key 181, size=181
init message: Loading wallet... (18.08 %)
keypool added key 182, size=182
init message: Loading wallet... (18.18 %)
keypool added key 183, size=183
init message: Loading wallet... (18.28 %)
keypool added key 184, size=184
init message: Loading wallet... (18.38 %)
keypool added key 185, size=185
init message: Loading wallet... (18.48 %)
keypool added key 186, size=186
init message: Loading wallet... (18.58 %)
keypool added key 187, size=187
init message: Loading wallet... (18.68 %)
keypool added key 188, size=188
init message: Loading wallet... (18.78 %)
keypool added key 189, size=189
init message: Loading wallet... (18.88 %)
keypool added key 190, size=190
init message: Loading wallet... (18.98 %)
keypool added key 191, size=191
init message: Loading wallet... (19.08 %)
keypool added key 192, size=192
init message: Loading wallet... (19.18 %)
keypool added key 193, size=193
init message: Loading wallet... (19.28 %)
keypool added key 194, size=194
init message: Loading wallet... (19.38 %)
keypool added key 195, size=195
init message: Loading wallet... (19.48 %)
keypool added key 196, size=196
init message: Loading wallet... (19.58 %)
keypool added key 197, size=197
init message: Loading wallet... (19.68 %)
keypool added key 198, size=198
init message: Loading wallet... (19.78 %)
keypool added key 199, size=199
init message: Loading wallet... (19.88 %)
keypool added key 200, size=200
init message: Loading wallet... (19.98 %)
keypool added key 201, size=201
init message: Loading wallet... (20.08 %)
keypool added key 202, size=202
init message: Loading wallet... (20.18 %)
keypool added key 203, size=203
init message: Loading wallet... (20.28 %)
keypool added key 204, size=204
init message: Loading wallet... (20.38 %)
keypool added key 205, size=205
init message: Loading wallet... (20.48 %)
keypool added key 206, size=206
init message: Loading wallet... (20.58 %)
keypool added key 207, size=207
init message: Loading wallet... (20.68 %)
keypool added key 208, size=208
init message: Loading wallet... (20.78 %)
keypool added key 209, size=209
init message: Loading wallet... (20.88 %)
keypool added key 210, size=210
init message: Loading wallet... (20.98 %)
keypool added key 211, size=211
init message: Loading wallet... (21.08 %)
keypool added key 212, size=212
init message: Loading wallet... (21.18 %)
keypool added key 213, size=213
init message: Loading wallet... (21.28 %)
keypool added key 214, size=214
init message: Loading wallet... (21.38 %)
keypool added key 215, size=215
init message: Loading wallet... (21.48 %)
keypool added key 216, size=216
init message: Loading wallet... (21.58 %)
keypool added key 217, size=217
init message: Loading wallet... (21.68 %)
keypool added key 218, size=218
init message: Loading wallet... (21.78 %)
keypool added key 219, size=219
init message: Loading wallet... (21.88 %)
keypool added key 220, size=220
init message: Loading wallet... (21.98 %)
keypool added key 221, size=221
init message: Loading wallet... (22.08 %)
keypool added key 222, size=222
init message: Loading wallet... (22.18 %)
keypool added key 223, size=223
init message: Loading wallet... (22.28 %)
keypool added key 224, size=224
init message: Loading wallet... (22.38 %)
keypool added key 225, size=225
init message: Loading wallet... (22.48 %)
keypool added key 226, size=226
init message: Loading wallet... (22.58 %)
keypool added key 227, size=227
init message: Loading wallet... (22.68 %)
keypool added key 228, size=228
init message: Loading wallet... (22.78 %)
keypool added key 229, size=229
init message: Loading wallet... (22.88 %)
keypool added key 230, size=230
init message: Loading wallet... (22.98 %)
keypool added key 231, size=231
init message: Loading wallet... (23.08 %)
keypool added key 232, size=232
init message: Loading wallet... (23.18 %)
keypool added key 233, size=233
init message: Loading wallet... (23.28 %)
keypool added key 234, size=234
init message: Loading wallet... (23.38 %)
keypool added key 235, size=235
init message: Loading wallet... (23.48 %)
keypool added key 236, size=236
init message: Loading wallet... (23.58 %)
keypool added key 237, size=237
init message: Loading wallet... (23.68 %)
keypool added key 238, size=238
init message: Loading wallet... (23.78 %)
keypool added key 239, size=239
init message: Loading wallet... (23.88 %)
keypool added key 240, size=240
init message: Loading wallet... (23.98 %)
keypool added key 241, size=241
init message: Loading wallet... (24.08 %)
keypool added key 242, size=242
init message: Loading wallet... (24.18 %)
keypool added key 243, size=243
init message: Loading wallet... (24.28 %)
keypool added key 244, size=244
init message: Loading wallet... (24.38 %)
keypool added key 245, size=245
init message: Loading wallet... (24.48 %)
keypool added key 246, size=246
init message: Loading wallet... (24.58 %)
keypool added key 247, size=247
init message: Loading wallet... (24.68 %)
keypool added key 248, size=248
init message: Loading wallet... (24.78 %)
keypool added key 249, size=249
init message: Loading wallet... (24.88 %)
keypool added key 250, size=250
init message: Loading wallet... (24.98 %)
keypool added key 251, size=251
init message: Loading wallet... (25.07 %)
keypool added key 252, size=252
init message: Loading wallet... (25.17 %)
keypool added key 253, size=253
init message: Loading wallet... (25.27 %)
keypool added key 254, size=254
init message: Loading wallet... (25.37 %)
keypool added key 255, size=255
init message: Loading wallet... (25.47 %)
keypool added key 256, size=256
init message: Loading wallet... (25.57 %)
keypool added key 257, size=257
init message: Loading wallet... (25.67 %)
keypool added key 258, size=258
init message: Loading wallet... (25.77 %)
keypool added key 259, size=259
init message: Loading wallet... (25.87 %)
keypool added key 260, size=260
init message: Loading wallet... (25.97 %)
keypool added key 261, size=261
init message: Loading wallet... (26.07 %)
keypool added key 262, size=262
init message: Loading wallet... (26.17 %)
keypool added key 263, size=263
init message: Loading wallet... (26.27 %)
keypool added key 264, size=264
init message: Loading wallet... (26.37 %)
keypool added key 265, size=265
init message: Loading wallet... (26.47 %)
keypool added key 266, size=266
init message: Loading wallet... (26.57 %)
keypool added key 267, size=267
init message: Loading wallet... (26.67 %)
keypool added key 268, size=268
init message: Loading wallet... (26.77 %)
keypool added key 269, size=269
init message: Loading wallet... (26.87 %)
keypool added key 270, size=270
init message: Loading wallet... (26.97 %)
keypool added key 271, size=271
init message: Loading wallet... (27.07 %)
keypool added key 272, size=272
init message: Loading wallet... (27.17 %)
keypool added key 273, size=273
init message: Loading wallet... (27.27 %)
keypool added key 274, size=274
init message: Loading wallet... (27.37 %)
keypool added key 275, size=275
init message: Loading wallet... (27.47 %)
keypool added key 276, size=276
init message: Loading wallet... (27.57 %)
keypool added key 277, size=277
init message: Loading wallet... (27.67 %)
keypool added key 278, size=278
init message: Loading wallet... (27.77 %)
keypool added key 279, size=279
init message: Loading wallet... (27.87 %)
keypool added key 280, size=280
init message: Loading wallet... (27.97 %)
keypool added key 281, size=281
init message: Loading wallet... (28.07 %)
keypool added key 282, size=282
init message: Loading wallet... (28.17 %)
keypool added key 283, size=283
init message: Loading wallet... (28.27 %)
keypool added key 284, size=284
init message: Loading wallet... (28.37 %)
keypool added key 285, size=285
init message: Loading wallet... (28.47 %)
keypool added key 286, size=286
init message: Loading wallet... (28.57 %)
keypool added key 287, size=287
init message: Loading wallet... (28.67 %)
keypool added key 288, size=288
init message: Loading wallet... (28.77 %)
keypool added key 289, size=289
init message: Loading wallet... (28.87 %)
keypool added key 290, size=290
init message: Loading wallet... (28.97 %)
keypool added key 291, size=291
init message: Loading wallet... (29.07 %)
keypool added key 292, size=292
init message: Loading wallet... (29.17 %)
keypool added key 293, size=293
init message: Loading wallet... (29.27 %)
keypool added key 294, size=294
init message: Loading wallet... (29.37 %)
keypool added key 295, size=295
init message: Loading wallet... (29.47 %)
keypool added key 296, size=296
init message: Loading wallet... (29.57 %)
keypool added key 297, size=297
init message: Loading wallet... (29.67 %)
keypool added key 298, size=298
init message: Loading wallet... (29.77 %)
keypool added key 299, size=299
init message: Loading wallet... (29.87 %)
keypool added key 300, size=300
init message: Loading wallet... (29.97 %)
keypool added key 301, size=301
init message: Loading wallet... (30.07 %)
keypool added key 302, size=302
init message: Loading wallet... (30.17 %)
keypool added key 303, size=303
init message: Loading wallet... (30.27 %)
keypool added key 304, size=304
init message: Loading wallet... (30.37 %)
keypool added key 305, size=305
init message: Loading wallet... (30.47 %)
keypool added key 306, size=306
init message: Loading wallet... (30.57 %)
keypool added key 307, size=307
init message: Loading wallet... (30.67 %)
keypool added key 308, size=308
init message: Loading wallet... (30.77 %)
keypool added key 309, size=309
init message: Loading wallet... (30.87 %)
keypool added key 310, size=310
init message: Loading wallet... (30.97 %)
keypool added key 311, size=311
init message: Loading wallet... (31.07 %)
keypool added key 312, size=312
init message: Loading wallet... (31.17 %)
keypool added key 313, size=313
init message: Loading wallet... (31.27 %)
keypool added key 314, size=314
init message: Loading wallet... (31.37 %)
keypool added key 315, size=315
init message: Loading wallet... (31.47 %)
keypool added key 316, size=316
init message: Loading wallet... (31.57 %)
keypool added key 317, size=317
init message: Loading wallet... (31.67 %)
keypool added key 318, size=318
init message: Loading wallet... (31.77 %)
keypool added key 319, size=319
init message: Loading wallet... (31.87 %)
keypool added key 320, size=320
init message: Loading wallet... (31.97 %)
keypool added key 321, size=321
init message: Loading wallet... (32.07 %)
keypool added key 322, size=322
init message: Loading wallet... (32.17 %)
keypool added key 323, size=323
init message: Loading wallet... (32.27 %)
keypool added key 324, size=324
init message: Loading wallet... (32.37 %)
keypool added key 325, size=325
init message: Loading wallet... (32.47 %)
keypool added key 326, size=326
init message: Loading wallet... (32.57 %)
keypool added key 327, size=327
init message: Loading wallet... (32.67 %)
keypool added key 328, size=328
init message: Loading wallet... (32.77 %)
keypool added key 329, size=329
init message: Loading wallet... (32.87 %)
keypool added key 330, size=330
init message: Loading wallet... (32.97 %)
keypool added key 331, size=331
init message: Loading wallet... (33.07 %)
keypool added key 332, size=332
init message: Loading wallet... (33.17 %)
keypool added key 333, size=333
init message: Loading wallet... (33.27 %)
keypool added key 334, size=334
init message: Loading wallet... (33.37 %)
keypool added key 335, size=335
init message: Loading wallet... (33.47 %)
keypool added key 336, size=336
init message: Loading wallet... (33.57 %)
keypool added key 337, size=337
init message: Loading wallet... (33.67 %)
keypool added key 338, size=338
init message: Loading wallet... (33.77 %)
keypool added key 339, size=339
init message: Loading wallet... (33.87 %)
keypool added key 340, size=340
init message: Loading wallet... (33.97 %)
keypool added key 341, size=341
init message: Loading wallet... (34.07 %)
keypool added key 342, size=342
init message: Loading wallet... (34.17 %)
keypool added key 343, size=343
init message: Loading wallet... (34.27 %)
keypool added key 344, size=344
init message: Loading wallet... (34.37 %)
keypool added key 345, size=345
init message: Loading wallet... (34.47 %)
keypool added key 346, size=346
init message: Loading wallet... (34.57 %)
keypool added key 347, size=347
init message: Loading wallet... (34.67 %)
keypool added key 348, size=348
init message: Loading wallet... (34.77 %)
keypool added key 349, size=349
init message: Loading wallet... (34.87 %)
keypool added key 350, size=350
init message: Loading wallet... (34.97 %)
keypool added key 351, size=351
init message: Loading wallet... (35.06 %)
keypool added key 352, size=352
init message: Loading wallet... (35.16 %)
keypool added key 353, size=353
init message: Loading wallet... (35.26 %)
keypool added key 354, size=354
init message: Loading wallet... (35.36 %)
keypool added key 355, size=355
init message: Loading wallet... (35.46 %)
keypool added key 356, size=356
init message: Loading wallet... (35.56 %)
keypool added key 357, size=357
init message: Loading wallet... (35.66 %)
keypool added key 358, size=358
init message: Loading wallet... (35.76 %)
keypool added key 359, size=359
init message: Loading wallet... (35.86 %)
keypool added key 360, size=360
init message: Loading wallet... (35.96 %)
keypool added key 361, size=361
init message: Loading wallet... (36.06 %)
keypool added key 362, size=362
init message: Loading wallet... (36.16 %)
keypool added key 363, size=363
init message: Loading wallet... (36.26 %)
keypool added key 364, size=364
init message: Loading wallet... (36.36 %)
keypool added key 365, size=365
init message: Loading wallet... (36.46 %)
keypool added key 366, size=366
init message: Loading wallet... (36.56 %)
keypool added key 367, size=367
init message: Loading wallet... (36.66 %)
keypool added key 368, size=368
init message: Loading wallet... (36.76 %)
keypool added key 369, size=369
init message: Loading wallet... (36.86 %)
keypool added key 370, size=370
init message: Loading wallet... (36.96 %)
keypool added key 371, size=371
init message: Loading wallet... (37.06 %)
keypool added key 372, size=372
init message: Loading wallet... (37.16 %)
keypool added key 373, size=373
init message: Loading wallet... (37.26 %)
keypool added key 374, size=374
init message: Loading wallet... (37.36 %)
keypool added key 375, size=375
init message: Loading wallet... (37.46 %)
keypool added key 376, size=376
init message: Loading wallet... (37.56 %)
keypool added key 377, size=377
init message: Loading wallet... (37.66 %)
keypool added key 378, size=378
init message: Loading wallet... (37.76 %)
keypool added key 379, size=379
init message: Loading wallet... (37.86 %)
keypool added key 380, size=380
init message: Loading wallet... (37.96 %)
keypool added key 381, size=381
init message: Loading wallet... (38.06 %)
keypool added key 382, size=382
init message: Loading wallet... (38.16 %)
keypool added key 383, size=383
init message: Loading wallet... (38.26 %)
keypool added key 384, size=384
init message: Loading wallet... (38.36 %)
keypool added key 385, size=385
init message: Loading wallet... (38.46 %)
keypool added key 386, size=386
init message: Loading wallet... (38.56 %)
keypool added key 387, size=387
init message: Loading wallet... (38.66 %)
keypool added key 388, size=388
init message: Loading wallet... (38.76 %)
keypool added key 389, size=389
init message: Loading wallet... (38.86 %)
keypool added key 390, size=390
init message: Loading wallet... (38.96 %)
keypool added key 391, size=391
init message: Loading wallet... (39.06 %)
keypool added key 392, size=392
init message: Loading wallet... (39.16 %)
keypool added key 393, size=393
init message: Loading wallet... (39.26 %)
keypool added key 394, size=394
init message: Loading wallet... (39.36 %)
keypool added key 395, size=395
init message: Loading wallet... (39.46 %)
keypool added key 396, size=396
init message: Loading wallet... (39.56 %)
keypool added key 397, size=397
init message: Loading wallet... (39.66 %)
keypool added key 398, size=398
init message: Loading wallet... (39.76 %)
keypool added key 399, size=399
init message: Loading wallet... (39.86 %)
keypool added key 400, size=400
init message: Loading wallet... (39.96 %)
keypool added key 401, size=401
init message: Loading wallet... (40.06 %)
keypool added key 402, size=402
init message: Loading wallet... (40.16 %)
keypool added key 403, size=403
init message: Loading wallet... (40.26 %)
keypool added key 404, size=404
init message: Loading wallet... (40.36 %)
keypool added key 405, size=405
init message: Loading wallet... (40.46 %)
keypool added key 406, size=406
init message: Loading wallet... (40.56 %)
keypool added key 407, size=407
init message: Loading wallet... (40.66 %)
keypool added key 408, size=408
init message: Loading wallet... (40.76 %)
keypool added key 409, size=409
init message: Loading wallet... (40.86 %)
keypool added key 410, size=410
init message: Loading wallet... (40.96 %)
keypool added key 411, size=411
init message: Loading wallet... (41.06 %)
keypool added key 412, size=412
init message: Loading wallet... (41.16 %)
keypool added key 413, size=413
init message: Loading wallet... (41.26 %)
keypool added key 414, size=414
init message: Loading wallet... (41.36 %)
keypool added key 415, size=415
init message: Loading wallet... (41.46 %)
keypool added key 416, size=416
init message: Loading wallet... (41.56 %)
keypool added key 417, size=417
init message: Loading wallet... (41.66 %)
keypool added key 418, size=418
init message: Loading wallet... (41.76 %)
keypool added key 419, size=419
init message: Loading wallet... (41.86 %)
keypool added key 420, size=420
init message: Loading wallet... (41.96 %)
keypool added key 421, size=421
init message: Loading wallet... (42.06 %)
keypool added key 422, size=422
init message: Loading wallet... (42.16 %)
keypool added key 423, size=423
init message: Loading wallet... (42.26 %)
keypool added key 424, size=424
init message: Loading wallet... (42.36 %)
keypool added key 425, size=425
init message: Loading wallet... (42.46 %)
keypool added key 426, size=426
init message: Loading wallet... (42.56 %)
keypool added key 427, size=427
init message: Loading wallet... (42.66 %)
keypool added key 428, size=428
init message: Loading wallet... (42.76 %)
keypool added key 429, size=429
init message: Loading wallet... (42.86 %)
keypool added key 430, size=430
init message: Loading wallet... (42.96 %)
keypool added key 431, size=431
init message: Loading wallet... (43.06 %)
keypool added key 432, size=432
init message: Loading wallet... (43.16 %)
keypool added key 433, size=433
init message: Loading wallet... (43.26 %)
keypool added key 434, size=434
init message: Loading wallet... (43.36 %)
keypool added key 435, size=435
init message: Loading wallet... (43.46 %)
keypool added key 436, size=436
init message: Loading wallet... (43.56 %)
keypool added key 437, size=437
init message: Loading wallet... (43.66 %)
keypool added key 438, size=438
init message: Loading wallet... (43.76 %)
keypool added key 439, size=439
init message: Loading wallet... (43.86 %)
keypool added key 440, size=440
init message: Loading wallet... (43.96 %)
keypool added key 441, size=441
init message: Loading wallet... (44.06 %)
keypool added key 442, size=442
init message: Loading wallet... (44.16 %)
keypool added key 443, size=443
init message: Loading wallet... (44.26 %)
keypool added key 444, size=444
init message: Loading wallet... (44.36 %)
keypool added key 445, size=445
init message: Loading wallet... (44.46 %)
keypool added key 446, size=446
init message: Loading wallet... (44.56 %)
keypool added key 447, size=447
init message: Loading wallet... (44.66 %)
keypool added key 448, size=448
init message: Loading wallet... (44.76 %)
keypool added key 449, size=449
init message: Loading wallet... (44.86 %)
keypool added key 450, size=450
init message: Loading wallet... (44.96 %)
keypool added key 451, size=451
init message: Loading wallet... (45.05 %)
keypool added key 452, size=452
init message: Loading wallet... (45.15 %)
keypool added key 453, size=453
init message: Loading wallet... (45.25 %)
keypool added key 454, size=454
init message: Loading wallet... (45.35 %)
keypool added key 455, size=455
init message: Loading wallet... (45.45 %)
keypool added key 456, size=456
init message: Loading wallet... (45.55 %)
keypool added key 457, size=457
init message: Loading wallet... (45.65 %)
keypool added key 458, size=458
init message: Loading wallet... (45.75 %)
keypool added key 459, size=459
init message: Loading wallet... (45.85 %)
keypool added key 460, size=460
init message: Loading wallet... (45.95 %)
keypool added key 461, size=461
init message: Loading wallet... (46.05 %)
keypool added key 462, size=462
init message: Loading wallet... (46.15 %)
keypool added key 463, size=463
init message: Loading wallet... (46.25 %)
keypool added key 464, size=464
init message: Loading wallet... (46.35 %)
keypool added key 465, size=465
init message: Loading wallet... (46.45 %)
keypool added key 466, size=466
init message: Loading wallet... (46.55 %)
keypool added key 467, size=467
init message: Loading wallet... (46.65 %)
keypool added key 468, size=468
init message: Loading wallet... (46.75 %)
keypool added key 469, size=469
init message: Loading wallet... (46.85 %)
keypool added key 470, size=470
init message: Loading wallet... (46.95 %)
keypool added key 471, size=471
init message: Loading wallet... (47.05 %)
keypool added key 472, size=472
init message: Loading wallet... (47.15 %)
keypool added key 473, size=473
init message: Loading wallet... (47.25 %)
keypool added key 474, size=474
init message: Loading wallet... (47.35 %)
keypool added key 475, size=475
init message: Loading wallet... (47.45 %)
keypool added key 476, size=476
init message: Loading wallet... (47.55 %)
keypool added key 477, size=477
init message: Loading wallet... (47.65 %)
keypool added key 478, size=478
init message: Loading wallet... (47.75 %)
keypool added key 479, size=479
init message: Loading wallet... (47.85 %)
keypool added key 480, size=480
init message: Loading wallet... (47.95 %)
keypool added key 481, size=481
init message: Loading wallet... (48.05 %)
keypool added key 482, size=482
init message: Loading wallet... (48.15 %)
keypool added key 483, size=483
init message: Loading wallet... (48.25 %)
keypool added key 484, size=484
init message: Loading wallet... (48.35 %)
keypool added key 485, size=485
init message: Loading wallet... (48.45 %)
keypool added key 486, size=486
init message: Loading wallet... (48.55 %)
keypool added key 487, size=487
init message: Loading wallet... (48.65 %)
keypool added key 488, size=488
init message: Loading wallet... (48.75 %)
keypool added key 489, size=489
init message: Loading wallet... (48.85 %)
keypool added key 490, size=490
init message: Loading wallet... (48.95 %)
keypool added key 491, size=491
init message: Loading wallet... (49.05 %)
keypool added key 492, size=492
init message: Loading wallet... (49.15 %)
keypool added key 493, size=493
init message: Loading wallet... (49.25 %)
keypool added key 494, size=494
init message: Loading wallet... (49.35 %)
keypool added key 495, size=495
init message: Loading wallet... (49.45 %)
keypool added key 496, size=496
init message: Loading wallet... (49.55 %)
keypool added key 497, size=497
init message: Loading wallet... (49.65 %)
keypool added key 498, size=498
init message: Loading wallet... (49.75 %)
keypool added key 499, size=499
init message: Loading wallet... (49.85 %)
keypool added key 500, size=500
init message: Loading wallet... (49.95 %)
keypool added key 501, size=501
init message: Loading wallet... (50.05 %)
keypool added key 502, size=502
init message: Loading wallet... (50.15 %)
keypool added key 503, size=503
init message: Loading wallet... (50.25 %)
keypool added key 504, size=504
init message: Loading wallet... (50.35 %)
keypool added key 505, size=505
init message: Loading wallet... (50.45 %)
keypool added key 506, size=506
init message: Loading wallet... (50.55 %)
keypool added key 507, size=507
init message: Loading wallet... (50.65 %)
keypool added key 508, size=508
init message: Loading wallet... (50.75 %)
keypool added key 509, size=509
init message: Loading wallet... (50.85 %)
keypool added key 510, size=510
init message: Loading wallet... (50.95 %)
keypool added key 511, size=511
init message: Loading wallet... (51.05 %)
keypool added key 512, size=512
init message: Loading wallet... (51.15 %)
keypool added key 513, size=513
init message: Loading wallet... (51.25 %)
keypool added key 514, size=514
init message: Loading wallet... (51.35 %)
keypool added key 515, size=515
init message: Loading wallet... (51.45 %)
keypool added key 516, size=516
init message: Loading wallet... (51.55 %)
keypool added key 517, size=517
init message: Loading wallet... (51.65 %)
keypool added key 518, size=518
init message: Loading wallet... (51.75 %)
keypool added key 519, size=519
init message: Loading wallet... (51.85 %)
keypool added key 520, size=520
init message: Loading wallet... (51.95 %)
keypool added key 521, size=521
init message: Loading wallet... (52.05 %)
keypool added key 522, size=522
init message: Loading wallet... (52.15 %)
keypool added key 523, size=523
init message: Loading wallet... (52.25 %)
keypool added key 524, size=524
init message: Loading wallet... (52.35 %)
keypool added key 525, size=525
init message: Loading wallet... (52.45 %)
keypool added key 526, size=526
init message: Loading wallet... (52.55 %)
keypool added key 527, size=527
init message: Loading wallet... (52.65 %)
keypool added key 528, size=528
init message: Loading wallet... (52.75 %)
keypool added key 529, size=529
init message: Loading wallet... (52.85 %)
keypool added key 530, size=530
init message: Loading wallet... (52.95 %)
keypool added key 531, size=531
init message: Loading wallet... (53.05 %)
keypool added key 532, size=532
init message: Loading wallet... (53.15 %)
keypool added key 533, size=533
init message: Loading wallet... (53.25 %)
keypool added key 534, size=534
init message: Loading wallet... (53.35 %)
keypool added key 535, size=535
init message: Loading wallet... (53.45 %)
keypool added key 536, size=536
init message: Loading wallet... (53.55 %)
keypool added key 537, size=537
init message: Loading wallet... (53.65 %)
keypool added key 538, size=538
init message: Loading wallet... (53.75 %)
keypool added key 539, size=539
init message: Loading wallet... (53.85 %)
keypool added key 540, size=540
init message: Loading wallet... (53.95 %)
keypool added key 541, size=541
init message: Loading wallet... (54.05 %)
keypool added key 542, size=542
init message: Loading wallet... (54.15 %)
keypool added key 543, size=543
init message: Loading wallet... (54.25 %)
keypool added key 544, size=544
init message: Loading wallet... (54.35 %)
keypool added key 545, size=545
init message: Loading wallet... (54.45 %)
keypool added key 546, size=546
init message: Loading wallet... (54.55 %)
keypool added key 547, size=547
init message: Loading wallet... (54.65 %)
keypool added key 548, size=548
init message: Loading wallet... (54.75 %)
keypool added key 549, size=549
init message: Loading wallet... (54.85 %)
keypool added key 550, size=550
init message: Loading wallet... (54.95 %)
keypool added key 551, size=551
init message: Loading wallet... (55.04 %)
keypool added key 552, size=552
init message: Loading wallet... (55.14 %)
keypool added key 553, size=553
init message: Loading wallet... (55.24 %)
keypool added key 554, size=554
init message: Loading wallet... (55.34 %)
keypool added key 555, size=555
init message: Loading wallet... (55.44 %)
keypool added key 556, size=556
init message: Loading wallet... (55.54 %)
keypool added key 557, size=557
init message: Loading wallet... (55.64 %)
keypool added key 558, size=558
init message: Loading wallet... (55.74 %)
keypool added key 559, size=559
init message: Loading wallet... (55.84 %)
keypool added key 560, size=560
init message: Loading wallet... (55.94 %)
keypool added key 561, size=561
init message: Loading wallet... (56.04 %)
keypool added key 562, size=562
init message: Loading wallet... (56.14 %)
keypool added key 563, size=563
init message: Loading wallet... (56.24 %)
keypool added key 564, size=564
init message: Loading wallet... (56.34 %)
keypool added key 565, size=565
init message: Loading wallet... (56.44 %)
keypool added key 566, size=566
init message: Loading wallet... (56.54 %)
keypool added key 567, size=567
init message: Loading wallet... (56.64 %)
keypool added key 568, size=568
init message: Loading wallet... (56.74 %)
keypool added key 569, size=569
init message: Loading wallet... (56.84 %)
keypool added key 570, size=570
init message: Loading wallet... (56.94 %)
keypool added key 571, size=571
init message: Loading wallet... (57.04 %)
keypool added key 572, size=572
init message: Loading wallet... (57.14 %)
keypool added key 573, size=573
init message: Loading wallet... (57.24 %)
keypool added key 574, size=574
init message: Loading wallet... (57.34 %)
keypool added key 575, size=575
init message: Loading wallet... (57.44 %)
keypool added key 576, size=576
init message: Loading wallet... (57.54 %)
keypool added key 577, size=577
init message: Loading wallet... (57.64 %)
keypool added key 578, size=578
init message: Loading wallet... (57.74 %)
keypool added key 579, size=579
init message: Loading wallet... (57.84 %)
keypool added key 580, size=580
init message: Loading wallet... (57.94 %)
keypool added key 581, size=581
init message: Loading wallet... (58.04 %)
keypool added key 582, size=582
init message: Loading wallet... (58.14 %)
keypool added key 583, size=583
init message: Loading wallet... (58.24 %)
keypool added key 584, size=584
init message: Loading wallet... (58.34 %)
keypool added key 585, size=585
init message: Loading wallet... (58.44 %)
keypool added key 586, size=586
init message: Loading wallet... (58.54 %)
keypool added key 587, size=587
init message: Loading wallet... (58.64 %)
keypool added key 588, size=588
init message: Loading wallet... (58.74 %)
keypool added key 589, size=589
init message: Loading wallet... (58.84 %)
keypool added key 590, size=590
init message: Loading wallet... (58.94 %)
keypool added key 591, size=591
init message: Loading wallet... (59.04 %)
keypool added key 592, size=592
init message: Loading wallet... (59.14 %)
keypool added key 593, size=593
init message: Loading wallet... (59.24 %)
keypool added key 594, size=594
init message: Loading wallet... (59.34 %)
keypool added key 595, size=595
init message: Loading wallet... (59.44 %)
keypool added key 596, size=596
init message: Loading wallet... (59.54 %)
keypool added key 597, size=597
init message: Loading wallet... (59.64 %)
keypool added key 598, size=598
init message: Loading wallet... (59.74 %)
keypool added key 599, size=599
init message: Loading wallet... (59.84 %)
keypool added key 600, size=600
init message: Loading wallet... (59.94 %)
keypool added key 601, size=601
init message: Loading wallet... (60.04 %)
keypool added key 602, size=602
init message: Loading wallet... (60.14 %)
keypool added key 603, size=603
init message: Loading wallet... (60.24 %)
keypool added key 604, size=604
init message: Loading wallet... (60.34 %)
keypool added key 605, size=605
init message: Loading wallet... (60.44 %)
keypool added key 606, size=606
init message: Loading wallet... (60.54 %)
keypool added key 607, size=607
init message: Loading wallet... (60.64 %)
keypool added key 608, size=608
init message: Loading wallet... (60.74 %)
keypool added key 609, size=609
init message: Loading wallet... (60.84 %)
keypool added key 610, size=610
init message: Loading wallet... (60.94 %)
keypool added key 611, size=611
init message: Loading wallet... (61.04 %)
keypool added key 612, size=612
init message: Loading wallet... (61.14 %)
keypool added key 613, size=613
init message: Loading wallet... (61.24 %)
keypool added key 614, size=614
init message: Loading wallet... (61.34 %)
keypool added key 615, size=615
init message: Loading wallet... (61.44 %)
keypool added key 616, size=616
init message: Loading wallet... (61.54 %)
keypool added key 617, size=617
init message: Loading wallet... (61.64 %)
keypool added key 618, size=618
init message: Loading wallet... (61.74 %)
keypool added key 619, size=619
init message: Loading wallet... (61.84 %)
keypool added key 620, size=620
init message: Loading wallet... (61.94 %)
keypool added key 621, size=621
init message: Loading wallet... (62.04 %)
keypool added key 622, size=622
init message: Loading wallet... (62.14 %)
keypool added key 623, size=623
init message: Loading wallet... (62.24 %)
keypool added key 624, size=624
init message: Loading wallet... (62.34 %)
keypool added key 625, size=625
init message: Loading wallet... (62.44 %)
keypool added key 626, size=626
init message: Loading wallet... (62.54 %)
keypool added key 627, size=627
init message: Loading wallet... (62.64 %)
keypool added key 628, size=628
init message: Loading wallet... (62.74 %)
keypool added key 629, size=629
init message: Loading wallet... (62.84 %)
keypool added key 630, size=630
init message: Loading wallet... (62.94 %)
keypool added key 631, size=631
init message: Loading wallet... (63.04 %)
keypool added key 632, size=632
init message: Loading wallet... (63.14 %)
keypool added key 633, size=633
init message: Loading wallet... (63.24 %)
keypool added key 634, size=634
init message: Loading wallet... (63.34 %)
keypool added key 635, size=635
init message: Loading wallet... (63.44 %)
keypool added key 636, size=636
init message: Loading wallet... (63.54 %)
keypool added key 637, size=637
init message: Loading wallet... (63.64 %)
keypool added key 638, size=638
init message: Loading wallet... (63.74 %)
keypool added key 639, size=639
init message: Loading wallet... (63.84 %)
keypool added key 640, size=640
init message: Loading wallet... (63.94 %)
keypool added key 641, size=641
init message: Loading wallet... (64.04 %)
keypool added key 642, size=642
init message: Loading wallet... (64.14 %)
keypool added key 643, size=643
init message: Loading wallet... (64.24 %)
keypool added key 644, size=644
init message: Loading wallet... (64.34 %)
keypool added key 645, size=645
init message: Loading wallet... (64.44 %)
keypool added key 646, size=646
init message: Loading wallet... (64.54 %)
keypool added key 647, size=647
init message: Loading wallet... (64.64 %)
keypool added key 648, size=648
init message: Loading wallet... (64.74 %)
keypool added key 649, size=649
init message: Loading wallet... (64.84 %)
keypool added key 650, size=650
init message: Loading wallet... (64.94 %)
keypool added key 651, size=651
init message: Loading wallet... (65.03 %)
keypool added key 652, size=652
init message: Loading wallet... (65.13 %)
keypool added key 653, size=653
init message: Loading wallet... (65.23 %)
keypool added key 654, size=654
init message: Loading wallet... (65.33 %)
keypool added key 655, size=655
init message: Loading wallet... (65.43 %)
keypool added key 656, size=656
init message: Loading wallet... (65.53 %)
keypool added key 657, size=657
init message: Loading wallet... (65.63 %)
keypool added key 658, size=658
init message: Loading wallet... (65.73 %)
keypool added key 659, size=659
init message: Loading wallet... (65.83 %)
keypool added key 660, size=660
init message: Loading wallet... (65.93 %)
keypool added key 661, size=661
init message: Loading wallet... (66.03 %)
keypool added key 662, size=662
init message: Loading wallet... (66.13 %)
keypool added key 663, size=663
init message: Loading wallet... (66.23 %)
keypool added key 664, size=664
init message: Loading wallet... (66.33 %)
keypool added key 665, size=665
init message: Loading wallet... (66.43 %)
keypool added key 666, size=666
init message: Loading wallet... (66.53 %)
keypool added key 667, size=667
init message: Loading wallet... (66.63 %)
keypool added key 668, size=668
init message: Loading wallet... (66.73 %)
keypool added key 669, size=669
init message: Loading wallet... (66.83 %)
keypool added key 670, size=670
init message: Loading wallet... (66.93 %)
keypool added key 671, size=671
init message: Loading wallet... (67.03 %)
keypool added key 672, size=672
init message: Loading wallet... (67.13 %)
keypool added key 673, size=673
init message: Loading wallet... (67.23 %)
keypool added key 674, size=674
init message: Loading wallet... (67.33 %)
keypool added key 675, size=675
init message: Loading wallet... (67.43 %)
keypool added key 676, size=676
init message: Loading wallet... (67.53 %)
keypool added key 677, size=677
init message: Loading wallet... (67.63 %)
keypool added key 678, size=678
init message: Loading wallet... (67.73 %)
keypool added key 679, size=679
init message: Loading wallet... (67.83 %)
keypool added key 680, size=680
init message: Loading wallet... (67.93 %)
keypool added key 681, size=681
init message: Loading wallet... (68.03 %)
keypool added key 682, size=682
init message: Loading wallet... (68.13 %)
keypool added key 683, size=683
init message: Loading wallet... (68.23 %)
keypool added key 684, size=684
init message: Loading wallet... (68.33 %)
keypool added key 685, size=685
init message: Loading wallet... (68.43 %)
keypool added key 686, size=686
init message: Loading wallet... (68.53 %)
keypool added key 687, size=687
init message: Loading wallet... (68.63 %)
keypool added key 688, size=688
init message: Loading wallet... (68.73 %)
keypool added key 689, size=689
init message: Loading wallet... (68.83 %)
keypool added key 690, size=690
init message: Loading wallet... (68.93 %)
keypool added key 691, size=691
init message: Loading wallet... (69.03 %)
keypool added key 692, size=692
init message: Loading wallet... (69.13 %)
keypool added key 693, size=693
init message: Loading wallet... (69.23 %)
keypool added key 694, size=694
init message: Loading wallet... (69.33 %)
keypool added key 695, size=695
init message: Loading wallet... (69.43 %)
keypool added key 696, size=696
init message: Loading wallet... (69.53 %)
keypool added key 697, size=697
init message: Loading wallet... (69.63 %)
keypool added key 698, size=698
init message: Loading wallet... (69.73 %)
keypool added key 699, size=699
init message: Loading wallet... (69.83 %)
keypool added key 700, size=700
init message: Loading wallet... (69.93 %)
keypool added key 701, size=701
init message: Loading wallet... (70.03 %)
keypool added key 702, size=702
init message: Loading wallet... (70.13 %)
keypool added key 703, size=703
init message: Loading wallet... (70.23 %)
keypool added key 704, size=704
init message: Loading wallet... (70.33 %)
keypool added key 705, size=705
init message: Loading wallet... (70.43 %)
keypool added key 706, size=706
init message: Loading wallet... (70.53 %)
keypool added key 707, size=707
init message: Loading wallet... (70.63 %)
keypool added key 708, size=708
init message: Loading wallet... (70.73 %)
keypool added key 709, size=709
init message: Loading wallet... (70.83 %)
keypool added key 710, size=710
init message: Loading wallet... (70.93 %)
keypool added key 711, size=711
init message: Loading wallet... (71.03 %)
keypool added key 712, size=712
init message: Loading wallet... (71.13 %)
keypool added key 713, size=713
init message: Loading wallet... (71.23 %)
keypool added key 714, size=714
init message: Loading wallet... (71.33 %)
keypool added key 715, size=715
init message: Loading wallet... (71.43 %)
keypool added key 716, size=716
init message: Loading wallet... (71.53 %)
keypool added key 717, size=717
init message: Loading wallet... (71.63 %)
keypool added key 718, size=718
init message: Loading wallet... (71.73 %)
keypool added key 719, size=719
init message: Loading wallet... (71.83 %)
keypool added key 720, size=720
init message: Loading wallet... (71.93 %)
keypool added key 721, size=721
init message: Loading wallet... (72.03 %)
keypool added key 722, size=722
init message: Loading wallet... (72.13 %)
keypool added key 723, size=723
init message: Loading wallet... (72.23 %)
keypool added key 724, size=724
init message: Loading wallet... (72.33 %)
keypool added key 725, size=725
init message: Loading wallet... (72.43 %)
keypool added key 726, size=726
init message: Loading wallet... (72.53 %)
keypool added key 727, size=727
init message: Loading wallet... (72.63 %)
keypool added key 728, size=728
init message: Loading wallet... (72.73 %)
keypool added key 729, size=729
init message: Loading wallet... (72.83 %)
keypool added key 730, size=730
init message: Loading wallet... (72.93 %)
keypool added key 731, size=731
init message: Loading wallet... (73.03 %)
keypool added key 732, size=732
init message: Loading wallet... (73.13 %)
keypool added key 733, size=733
init message: Loading wallet... (73.23 %)
keypool added key 734, size=734
init message: Loading wallet... (73.33 %)
keypool added key 735, size=735
init message: Loading wallet... (73.43 %)
keypool added key 736, size=736
init message: Loading wallet... (73.53 %)
keypool added key 737, size=737
init message: Loading wallet... (73.63 %)
keypool added key 738, size=738
init message: Loading wallet... (73.73 %)
keypool added key 739, size=739
init message: Loading wallet... (73.83 %)
keypool added key 740, size=740
init message: Loading wallet... (73.93 %)
keypool added key 741, size=741
init message: Loading wallet... (74.03 %)
keypool added key 742, size=742
init message: Loading wallet... (74.13 %)
keypool added key 743, size=743
init message: Loading wallet... (74.23 %)
keypool added key 744, size=744
init message: Loading wallet... (74.33 %)
keypool added key 745, size=745
init message: Loading wallet... (74.43 %)
keypool added key 746, size=746
init message: Loading wallet... (74.53 %)
keypool added key 747, size=747
init message: Loading wallet... (74.63 %)
keypool added key 748, size=748
init message: Loading wallet... (74.73 %)
keypool added key 749, size=749
init message: Loading wallet... (74.83 %)
keypool added key 750, size=750
init message: Loading wallet... (74.93 %)
keypool added key 751, size=751
init message: Loading wallet... (75.02 %)
keypool added key 752, size=752
init message: Loading wallet... (75.12 %)
keypool added key 753, size=753
init message: Loading wallet... (75.22 %)
keypool added key 754, size=754
init message: Loading wallet... (75.32 %)
keypool added key 755, size=755
init message: Loading wallet... (75.42 %)
keypool added key 756, size=756
init message: Loading wallet... (75.52 %)
keypool added key 757, size=757
init message: Loading wallet... (75.62 %)
keypool added key 758, size=758
init message: Loading wallet... (75.72 %)
keypool added key 759, size=759
init message: Loading wallet... (75.82 %)
keypool added key 760, size=760
init message: Loading wallet... (75.92 %)
keypool added key 761, size=761
init message: Loading wallet... (76.02 %)
keypool added key 762, size=762
init message: Loading wallet... (76.12 %)
keypool added key 763, size=763
init message: Loading wallet... (76.22 %)
keypool added key 764, size=764
init message: Loading wallet... (76.32 %)
keypool added key 765, size=765
init message: Loading wallet... (76.42 %)
keypool added key 766, size=766
init message: Loading wallet... (76.52 %)
keypool added key 767, size=767
init message: Loading wallet... (76.62 %)
keypool added key 768, size=768
init message: Loading wallet... (76.72 %)
keypool added key 769, size=769
init message: Loading wallet... (76.82 %)
keypool added key 770, size=770
init message: Loading wallet... (76.92 %)
keypool added key 771, size=771
init message: Loading wallet... (77.02 %)
keypool added key 772, size=772
init message: Loading wallet... (77.12 %)
keypool added key 773, size=773
init message: Loading wallet... (77.22 %)
keypool added key 774, size=774
init message: Loading wallet... (77.32 %)
keypool added key 775, size=775
init message: Loading wallet... (77.42 %)
keypool added key 776, size=776
init message: Loading wallet... (77.52 %)
keypool added key 777, size=777
init message: Loading wallet... (77.62 %)
keypool added key 778, size=778
init message: Loading wallet... (77.72 %)
keypool added key 779, size=779
init message: Loading wallet... (77.82 %)
keypool added key 780, size=780
init message: Loading wallet... (77.92 %)
keypool added key 781, size=781
init message: Loading wallet... (78.02 %)
keypool added key 782, size=782
init message: Loading wallet... (78.12 %)
keypool added key 783, size=783
init message: Loading wallet... (78.22 %)
keypool added key 784, size=784
init message: Loading wallet... (78.32 %)
keypool added key 785, size=785
init message: Loading wallet... (78.42 %)
keypool added key 786, size=786
init message: Loading wallet... (78.52 %)
keypool added key 787, size=787
init message: Loading wallet... (78.62 %)
keypool added key 788, size=788
init message: Loading wallet... (78.72 %)
keypool added key 789, size=789
init message: Loading wallet... (78.82 %)
keypool added key 790, size=790
init message: Loading wallet... (78.92 %)
keypool added key 791, size=791
init message: Loading wallet... (79.02 %)
keypool added key 792, size=792
init message: Loading wallet... (79.12 %)
keypool added key 793, size=793
init message: Loading wallet... (79.22 %)
keypool added key 794, size=794
init message: Loading wallet... (79.32 %)
keypool added key 795, size=795
init message: Loading wallet... (79.42 %)
keypool added key 796, size=796
init message: Loading wallet... (79.52 %)
keypool added key 797, size=797
init message: Loading wallet... (79.62 %)
keypool added key 798, size=798
init message: Loading wallet... (79.72 %)
keypool added key 799, size=799
init message: Loading wallet... (79.82 %)
keypool added key 800, size=800
init message: Loading wallet... (79.92 %)
keypool added key 801, size=801
init message: Loading wallet... (80.02 %)
keypool added key 802, size=802
init message: Loading wallet... (80.12 %)
keypool added key 803, size=803
init message: Loading wallet... (80.22 %)
keypool added key 804, size=804
init message: Loading wallet... (80.32 %)
keypool added key 805, size=805
init message: Loading wallet... (80.42 %)
keypool added key 806, size=806
init message: Loading wallet... (80.52 %)
keypool added key 807, size=807
init message: Loading wallet... (80.62 %)
keypool added key 808, size=808
init message: Loading wallet... (80.72 %)
keypool added key 809, size=809
init message: Loading wallet... (80.82 %)
keypool added key 810, size=810
init message: Loading wallet... (80.92 %)
keypool added key 811, size=811
init message: Loading wallet... (81.02 %)
keypool added key 812, size=812
init message: Loading wallet... (81.12 %)
keypool added key 813, size=813
init message: Loading wallet... (81.22 %)
keypool added key 814, size=814
init message: Loading wallet... (81.32 %)
keypool added key 815, size=815
init message: Loading wallet... (81.42 %)
keypool added key 816, size=816
init message: Loading wallet... (81.52 %)
keypool added key 817, size=817
init message: Loading wallet... (81.62 %)
keypool added key 818, size=818
init message: Loading wallet... (81.72 %)
keypool added key 819, size=819
init message: Loading wallet... (81.82 %)
keypool added key 820, size=820
init message: Loading wallet... (81.92 %)
keypool added key 821, size=821
init message: Loading wallet... (82.02 %)
keypool added key 822, size=822
init message: Loading wallet... (82.12 %)
keypool added key 823, size=823
init message: Loading wallet... (82.22 %)
keypool added key 824, size=824
init message: Loading wallet... (82.32 %)
keypool added key 825, size=825
init message: Loading wallet... (82.42 %)
keypool added key 826, size=826
init message: Loading wallet... (82.52 %)
keypool added key 827, size=827
init message: Loading wallet... (82.62 %)
keypool added key 828, size=828
init message: Loading wallet... (82.72 %)
keypool added key 829, size=829
init message: Loading wallet... (82.82 %)
keypool added key 830, size=830
init message: Loading wallet... (82.92 %)
keypool added key 831, size=831
init message: Loading wallet... (83.02 %)
keypool added key 832, size=832
init message: Loading wallet... (83.12 %)
keypool added key 833, size=833
init message: Loading wallet... (83.22 %)
keypool added key 834, size=834
init message: Loading wallet... (83.32 %)
keypool added key 835, size=835
init message: Loading wallet... (83.42 %)
keypool added key 836, size=836
init message: Loading wallet... (83.52 %)
keypool added key 837, size=837
init message: Loading wallet... (83.62 %)
keypool added key 838, size=838
init message: Loading wallet... (83.72 %)
keypool added key 839, size=839
init message: Loading wallet... (83.82 %)
keypool added key 840, size=840
init message: Loading wallet... (83.92 %)
keypool added key 841, size=841
init message: Loading wallet... (84.02 %)
keypool added key 842, size=842
init message: Loading wallet... (84.12 %)
keypool added key 843, size=843
init message: Loading wallet... (84.22 %)
keypool added key 844, size=844
init message: Loading wallet... (84.32 %)
keypool added key 845, size=845
init message: Loading wallet... (84.42 %)
keypool added key 846, size=846
init message: Loading wallet... (84.52 %)
keypool added key 847, size=847
init message: Loading wallet... (84.62 %)
keypool added key 848, size=848
init message: Loading wallet... (84.72 %)
keypool added key 849, size=849
init message: Loading wallet... (84.82 %)
keypool added key 850, size=850
init message: Loading wallet... (84.92 %)
keypool added key 851, size=851
init message: Loading wallet... (85.01 %)
keypool added key 852, size=852
init message: Loading wallet... (85.11 %)
keypool added key 853, size=853
init message: Loading wallet... (85.21 %)
keypool added key 854, size=854
init message: Loading wallet... (85.31 %)
keypool added key 855, size=855
init message: Loading wallet... (85.41 %)
keypool added key 856, size=856
init message: Loading wallet... (85.51 %)
keypool added key 857, size=857
init message: Loading wallet... (85.61 %)
keypool added key 858, size=858
init message: Loading wallet... (85.71 %)
keypool added key 859, size=859
init message: Loading wallet... (85.81 %)
keypool added key 860, size=860
init message: Loading wallet... (85.91 %)
keypool added key 861, size=861
init message: Loading wallet... (86.01 %)
keypool added key 862, size=862
init message: Loading wallet... (86.11 %)
keypool added key 863, size=863
init message: Loading wallet... (86.21 %)
keypool added key 864, size=864
init message: Loading wallet... (86.31 %)
keypool added key 865, size=865
init message: Loading wallet... (86.41 %)
keypool added key 866, size=866
init message: Loading wallet... (86.51 %)
keypool added key 867, size=867
init message: Loading wallet... (86.61 %)
keypool added key 868, size=868
init message: Loading wallet... (86.71 %)
keypool added key 869, size=869
init message: Loading wallet... (86.81 %)
keypool added key 870, size=870
init message: Loading wallet... (86.91 %)
keypool added key 871, size=871
init message: Loading wallet... (87.01 %)
keypool added key 872, size=872
init message: Loading wallet... (87.11 %)
keypool added key 873, size=873
init message: Loading wallet... (87.21 %)
keypool added key 874, size=874
init message: Loading wallet... (87.31 %)
keypool added key 875, size=875
init message: Loading wallet... (87.41 %)
keypool added key 876, size=876
init message: Loading wallet... (87.51 %)
keypool added key 877, size=877
init message: Loading wallet... (87.61 %)
keypool added key 878, size=878
init message: Loading wallet... (87.71 %)
keypool added key 879, size=879
init message: Loading wallet... (87.81 %)
keypool added key 880, size=880
init message: Loading wallet... (87.91 %)
keypool added key 881, size=881
init message: Loading wallet... (88.01 %)
keypool added key 882, size=882
init message: Loading wallet... (88.11 %)
keypool added key 883, size=883
init message: Loading wallet... (88.21 %)
keypool added key 884, size=884
init message: Loading wallet... (88.31 %)
keypool added key 885, size=885
init message: Loading wallet... (88.41 %)
keypool added key 886, size=886
init message: Loading wallet... (88.51 %)
keypool added key 887, size=887
init message: Loading wallet... (88.61 %)
keypool added key 888, size=888
init message: Loading wallet... (88.71 %)
keypool added key 889, size=889
init message: Loading wallet... (88.81 %)
keypool added key 890, size=890
init message: Loading wallet... (88.91 %)
keypool added key 891, size=891
init message: Loading wallet... (89.01 %)
keypool added key 892, size=892
init message: Loading wallet... (89.11 %)
keypool added key 893, size=893
init message: Loading wallet... (89.21 %)
keypool added key 894, size=894
init message: Loading wallet... (89.31 %)
keypool added key 895, size=895
init message: Loading wallet... (89.41 %)
keypool added key 896, size=896
init message: Loading wallet... (89.51 %)
keypool added key 897, size=897
init message: Loading wallet... (89.61 %)
keypool added key 898, size=898
init message: Loading wallet... (89.71 %)
keypool added key 899, size=899
init message: Loading wallet... (89.81 %)
keypool added key 900, size=900
init message: Loading wallet... (89.91 %)
keypool added key 901, size=901
init message: Loading wallet... (90.01 %)
keypool added key 902, size=902
init message: Loading wallet... (90.11 %)
keypool added key 903, size=903
init message: Loading wallet... (90.21 %)
keypool added key 904, size=904
init message: Loading wallet... (90.31 %)
keypool added key 905, size=905
init message: Loading wallet... (90.41 %)
keypool added key 906, size=906
init message: Loading wallet... (90.51 %)
keypool added key 907, size=907
init message: Loading wallet... (90.61 %)
keypool added key 908, size=908
init message: Loading wallet... (90.71 %)
keypool added key 909, size=909
init message: Loading wallet... (90.81 %)
keypool added key 910, size=910
init message: Loading wallet... (90.91 %)
keypool added key 911, size=911
init message: Loading wallet... (91.01 %)
keypool added key 912, size=912
init message: Loading wallet... (91.11 %)
keypool added key 913, size=913
init message: Loading wallet... (91.21 %)
keypool added key 914, size=914
init message: Loading wallet... (91.31 %)
keypool added key 915, size=915
init message: Loading wallet... (91.41 %)
keypool added key 916, size=916
init message: Loading wallet... (91.51 %)
keypool added key 917, size=917
init message: Loading wallet... (91.61 %)
keypool added key 918, size=918
init message: Loading wallet... (91.71 %)
keypool added key 919, size=919
init message: Loading wallet... (91.81 %)
keypool added key 920, size=920
init message: Loading wallet... (91.91 %)
keypool added key 921, size=921
init message: Loading wallet... (92.01 %)
keypool added key 922, size=922
init message: Loading wallet... (92.11 %)
keypool added key 923, size=923
init message: Loading wallet... (92.21 %)
keypool added key 924, size=924
init message: Loading wallet... (92.31 %)
keypool added key 925, size=925
init message: Loading wallet... (92.41 %)
keypool added key 926, size=926
init message: Loading wallet... (92.51 %)
keypool added key 927, size=927
init message: Loading wallet... (92.61 %)
keypool added key 928, size=928
init message: Loading wallet... (92.71 %)
keypool added key 929, size=929
init message: Loading wallet... (92.81 %)
keypool added key 930, size=930
init message: Loading wallet... (92.91 %)
keypool added key 931, size=931
init message: Loading wallet... (93.01 %)
keypool added key 932, size=932
init message: Loading wallet... (93.11 %)
keypool added key 933, size=933
init message: Loading wallet... (93.21 %)
keypool added key 934, size=934
init message: Loading wallet... (93.31 %)
keypool added key 935, size=935
init message: Loading wallet... (93.41 %)
keypool added key 936, size=936
init message: Loading wallet... (93.51 %)
keypool added key 937, size=937
init message: Loading wallet... (93.61 %)
keypool added key 938, size=938
init message: Loading wallet... (93.71 %)
keypool added key 939, size=939
init message: Loading wallet... (93.81 %)
keypool added key 940, size=940
init message: Loading wallet... (93.91 %)
keypool added key 941, size=941
init message: Loading wallet... (94.01 %)
keypool added key 942, size=942
init message: Loading wallet... (94.11 %)
keypool added key 943, size=943
init message: Loading wallet... (94.21 %)
keypool added key 944, size=944
init message: Loading wallet... (94.31 %)
keypool added key 945, size=945
init message: Loading wallet... (94.41 %)
keypool added key 946, size=946
init message: Loading wallet... (94.51 %)
keypool added key 947, size=947
init message: Loading wallet... (94.61 %)
keypool added key 948, size=948
init message: Loading wallet... (94.71 %)
keypool added key 949, size=949
init message: Loading wallet... (94.81 %)
keypool added key 950, size=950
init message: Loading wallet... (94.91 %)
keypool added key 951, size=951
init message: Loading wallet... (95.00 %)
keypool added key 952, size=952
init message: Loading wallet... (95.10 %)
keypool added key 953, size=953
init message: Loading wallet... (95.20 %)
keypool added key 954, size=954
init message: Loading wallet... (95.30 %)
keypool added key 955, size=955
init message: Loading wallet... (95.40 %)
keypool added key 956, size=956
init message: Loading wallet... (95.50 %)
keypool added key 957, size=957
init message: Loading wallet... (95.60 %)
keypool added key 958, size=958
init message: Loading wallet... (95.70 %)
keypool added key 959, size=959
init message: Loading wallet... (95.80 %)
keypool added key 960, size=960
init message: Loading wallet... (95.90 %)
keypool added key 961, size=961
init message: Loading wallet... (96.00 %)
keypool added key 962, size=962
init message: Loading wallet... (96.10 %)
keypool added key 963, size=963
init message: Loading wallet... (96.20 %)
keypool added key 964, size=964
init message: Loading wallet... (96.30 %)
keypool added key 965, size=965
init message: Loading wallet... (96.40 %)
keypool added key 966, size=966
init message: Loading wallet... (96.50 %)
keypool added key 967, size=967
init message: Loading wallet... (96.60 %)
keypool added key 968, size=968
init message: Loading wallet... (96.70 %)
keypool added key 969, size=969
init message: Loading wallet... (96.80 %)
keypool added key 970, size=970
init message: Loading wallet... (96.90 %)
keypool added key 971, size=971
init message: Loading wallet... (97.00 %)
keypool added key 972, size=972
init message: Loading wallet... (97.10 %)
keypool added key 973, size=973
init message: Loading wallet... (97.20 %)
keypool added key 974, size=974
init message: Loading wallet... (97.30 %)
keypool added key 975, size=975
init message: Loading wallet... (97.40 %)
keypool added key 976, size=976
init message: Loading wallet... (97.50 %)
keypool added key 977, size=977
init message: Loading wallet... (97.60 %)
keypool added key 978, size=978
init message: Loading wallet... (97.70 %)
keypool added key 979, size=979
init message: Loading wallet... (97.80 %)
keypool added key 980, size=980
init message: Loading wallet... (97.90 %)
keypool added key 981, size=981
init message: Loading wallet... (98.00 %)
keypool added key 982, size=982
init message: Loading wallet... (98.10 %)
keypool added key 983, size=983
init message: Loading wallet... (98.20 %)
keypool added key 984, size=984
init message: Loading wallet... (98.30 %)
keypool added key 985, size=985
init message: Loading wallet... (98.40 %)
keypool added key 986, size=986
init message: Loading wallet... (98.50 %)
keypool added key 987, size=987
init message: Loading wallet... (98.60 %)
keypool added key 988, size=988
init message: Loading wallet... (98.70 %)
keypool added key 989, size=989
init message: Loading wallet... (98.80 %)
keypool added key 990, size=990
init message: Loading wallet... (98.90 %)
keypool added key 991, size=991
init message: Loading wallet... (99.00 %)
keypool added key 992, size=992
init message: Loading wallet... (99.10 %)
keypool added key 993, size=993
init message: Loading wallet... (99.20 %)
keypool added key 994, size=994
init message: Loading wallet... (99.30 %)
keypool added key 995, size=995
init message: Loading wallet... (99.40 %)
keypool added key 996, size=996
init message: Loading wallet... (99.50 %)
keypool added key 997, size=997
init message: Loading wallet... (99.60 %)
keypool added key 998, size=998
init message: Loading wallet... (99.70 %)
keypool added key 999, size=999
init message: Loading wallet... (99.80 %)
keypool added key 1000, size=1000
init message: Loading wallet... (99.90 %)
keypool added key 1001, size=1001
init message: Loading wallet... (100.00 %)
keypool reserve 1
keypool keep 1
 wallet                 2042ms
init message: Loading addresses...
ERROR: CAddrman::Read() : open failed
Invalid or missing peers.dat; recreating
Loaded 0 addresses from peers.dat  1ms
init message: Loading masternode cache...
ERROR: Read : Failed to open file /home/codespace/.INSN/regtest/mncache.dat
Missing masternode cache file - mncache.dat, will try to recreate
fLiteMode 0
nInstantXDepth 10
Darksend rounds 2
Anonymize INSaNe Amount 2
smsg thread start
mapBlockIndex.size() = 1
nBestHeight = 0
setKeyPool.size() = 1000
mapWallet.size() = 0
mapAddressBook.size() = 1
DNS seeding disabled
smsg-pow thread start
addcon thread start
net thread start
opencon thread start
msghand thread start
dumpaddr thread start
init message: Done loading
keypool added key 1002, size=1001
init message: Loading wallet... (100.10 %)
keypool reserve 2
keypool keep 2
keypool added key 1003, size=1001
init message: Loading wallet... (100.20 %)
keypool reserve 3
keypool keep 3
keypool added key 1004, size=1001
init message: Loading wallet... (100.30 %)
keypool reserve 4
keypool keep 4
keypool added key 1005, size=1001
init message: Loading wallet... (100.40 %)
keypool reserve 5
keypool keep 5
keypool added key 1006, size=1001
init message: Loading wallet... (100.50 %)
keypool reserve 6
keypool keep 6
keypool added key 1007, size=1001
init message: Loading wallet... (100.60 %)
keypool reserve 7
keypool keep 7
keypool added key 1008, size=1001
init message: Loading wallet... (100.70 %)
keypool reserve 8
keypool keep 8
keypool added key 1009, size=1001
init message: Loading wallet... (100.80 %)
keypool reserve 9
keypool keep 9
keypool added key 1010, size=1001
init message: Loading wallet... (100.90 %)
keypool reserve 10
keypool keep 10
keypool added key 1011, size=1001
init message: Loading wallet... (101.00 %)
keypool reserve 11
keypool keep 11
keypool added key 1012, size=1001
init message: Loading wallet... (101.10 %)
keypool reserve 12
keypool keep 12
keypool added key 1013, size=1001
init message: Loading wallet... (101.20 %)
keypool reserve 13
keypool keep 13
keypool added key 1014, size=1001
init message: Loading wallet... (101.30 %)
keypool reserve 14
keypool keep 14
keypool added key 1015, size=1001
init message: Loading wallet... (101.40 %)
keypool reserve 15
keypool keep 15
keypool added key 1016, size=1001
init message: Loading wallet... (101.50 %)
keypool reserve 16
keypool keep 16
keypool added key 1017, size=1001
init message: Loading wallet... (101.60 %)
keypool reserve 17
keypool keep 17
keypool added key 1018, size=1001
init message: Loading wallet... (101.70 %)
keypool reserve 18
keypool keep 18
keypool added key 1019, size=1001
init message: Loading wallet... (101.80 %)
keypool reserve 19
keypool keep 19
keypool added key 1020, size=1001
init message: Loading wallet... (101.90 %)
keypool reserve 20
keypool keep 20
keypool added key 1021, size=1001
init message: Loading wallet... (102.00 %)
keypool reserve 21
keypool keep 21
keypool added key 1022, size=1001
=================================================================
==93597==ERROR: LeakSanitizer: detected memory leaks

Direct leak of 936 byte(s) in 1 object(s) allocated from:
    #0 0x7d1a09be1548 in operator new(unsigned long) ../../../../src/libsanitizer/asan/asan_new_delete.cpp:95
    #1 0x5c43df8f9631 in RPCListen<boost::asio::ip::tcp> /workspaces/INSN/src/rpcserver.cpp:465
    #2 0x5c43df90b940 in RPCAcceptHandler<boost::asio::ip::tcp> /workspaces/INSN/src/rpcserver.cpp:491
    #3 0x5c43df9684fb in void boost::_bi::list5<boost::_bi::value<boost::shared_ptr<boost::asio::basic_socket_acceptor<boost::asio::ip::tcp, boost::asio::any_io_executor> > >, boost::reference_wrapper<boost::asio::ssl::context>, boost::_bi::value<bool>, boost::_bi::value<AcceptedConnectionImpl<boost::asio::ip::tcp>*>, boost::arg<1> (*)()>::operator()<void (*)(boost::shared_ptr<boost::asio::basic_socket_acceptor<boost::asio::ip::tcp, boost::asio::any_io_executor> >, boost::asio::ssl::context&, bool, AcceptedConnection*, boost::system::error_code const&), boost::_bi::rrlist1<boost::system::error_code const&> >(boost::_bi::type<void>, void (*&)(boost::shared_ptr<boost::asio::basic_socket_acceptor<boost::asio::ip::tcp, boost::asio::any_io_executor> >, boost::asio::ssl::context&, bool, AcceptedConnection*, boost::system::error_code const&), boost::_bi::rrlist1<boost::system::error_code const&>&, int) /usr/include/boost/bind/bind.hpp:511
    #4 0x5c43df9684fb in void boost::_bi::bind_t<void, void (*)(boost::shared_ptr<boost::asio::basic_socket_acceptor<boost::asio::ip::tcp, boost::asio::any_io_executor> >, boost::asio::ssl::context&, bool, AcceptedConnection*, boost::system::error_code const&), boost::_bi::list5<boost::_bi::value<boost::shared_ptr<boost::asio::basic_socket_acceptor<boost::asio::ip::tcp, boost::asio::any_io_executor> > >, boost::reference_wrapper<boost::asio::ssl::context>, boost::_bi::value<bool>, boost::_bi::value<AcceptedConnectionImpl<boost::asio::ip::tcp>*>, boost::arg<1> (*)()> >::operator()<boost::system::error_code const&>(boost::system::error_code const&) /usr/include/boost/bind/bind.hpp:1286
    #5 0x5c43df9684fb in boost::asio::detail::binder1<boost::_bi::bind_t<void, void (*)(boost::shared_ptr<boost::asio::basic_socket_acceptor<boost::asio::ip::tcp, boost::asio::any_io_executor> >, boost::asio::ssl::context&, bool, AcceptedConnection*, boost::system::error_code const&), boost::_bi::list5<boost::_bi::value<boost::shared_ptr<boost::asio::basic_socket_acceptor<boost::asio::ip::tcp, boost::asio::any_io_executor> > >, boost::reference_wrapper<boost::asio::ssl::context>, boost::_bi::value<bool>, boost::_bi::value<AcceptedConnectionImpl<boost::asio::ip::tcp>*>, boost::arg<1> (*)()> >, boost::system::error_code>::operator()() /usr/include/boost/asio/detail/bind_handler.hpp:171
    #6 0x5c43df9684fb in void boost::asio::asio_handler_invoke<boost::asio::detail::binder1<boost::_bi::bind_t<void, void (*)(boost::shared_ptr<boost::asio::basic_socket_acceptor<boost::asio::ip::tcp, boost::asio::any_io_executor> >, boost::asio::ssl::context&, bool, AcceptedConnection*, boost::system::error_code const&), boost::_bi::list5<boost::_bi::value<boost::shared_ptr<boost::asio::basic_socket_acceptor<boost::asio::ip::tcp, boost::asio::any_io_executor> > >, boost::reference_wrapper<boost::asio::ssl::context>, boost::_bi::value<bool>, boost::_bi::value<AcceptedConnectionImpl<boost::asio::ip::tcp>*>, boost::arg<1> (*)()> >, boost::system::error_code> >(boost::asio::detail::binder1<boost::_bi::bind_t<void, void (*)(boost::shared_ptr<boost::asio::basic_socket_acceptor<boost::asio::ip::tcp, boost::asio::any_io_executor> >, boost::asio::ssl::context&, bool, AcceptedConnection*, boost::system::error_code const&), boost::_bi::list5<boost::_bi::value<boost::shared_ptr<boost::asio::basic_socket_acceptor<boost::asio::ip::tcp, boost::asio::any_io_executor> > >, boost::reference_wrapper<boost::asio::ssl::context>, boost::_bi::value<bool>, boost::_bi::value<AcceptedConnectionImpl<boost::asio::ip::tcp>*>, boost::arg<1> (*)()> >, boost::system::error_code>&, ...) /usr/include/boost/asio/handler_invoke_hook.hpp:88
    #7 0x5c43df9684fb in void boost_asio_handler_invoke_helpers::invoke<boost::asio::detail::binder1<boost::_bi::bind_t<void, void (*)(boost::shared_ptr<boost::asio::basic_socket_acceptor<boost::asio::ip::tcp, boost::asio::any_io_executor> >, boost::asio::ssl::context&, bool, AcceptedConnection*, boost::system::error_code const&), boost::_bi::list5<boost::_bi::value<boost::shared_ptr<boost::asio::basic_socket_acceptor<boost::asio::ip::tcp, boost::asio::any_io_executor> > >, boost::reference_wrapper<boost::asio::ssl::context>, boost::_bi::value<bool>, boost::_bi::value<AcceptedConnectionImpl<boost::asio::ip::tcp>*>, boost::arg<1> (*)()> >, boost::system::error_code>, boost::_bi::bind_t<void, void (*)(boost::shared_ptr<boost::asio::basic_socket_acceptor<boost::asio::ip::tcp, boost::asio::any_io_executor> >, boost::asio::ssl::context&, bool, AcceptedConnection*, boost::system::error_code const&), boost::_bi::list5<boost::_bi::value<boost::shared_ptr<boost::asio::basic_socket_acceptor<boost::asio::ip::tcp, boost::asio::any_io_executor> > >, boost::reference_wrapper<boost::asio::ssl::context>, boost::_bi::value<bool>, boost::_bi::value<AcceptedConnectionImpl<boost::asio::ip::tcp>*>, boost::arg<1> (*)()> > >(boost::asio::detail::binder1<boost::_bi::bind_t<void, void (*)(boost::shared_ptr<boost::asio::basic_socket_acceptor<boost::asio::ip::tcp, boost::asio::any_io_executor> >, boost::asio::ssl::context&, bool, AcceptedConnection*, boost::system::error_code const&), boost::_bi::list5<boost::_bi::value<boost::shared_ptr<boost::asio::basic_socket_acceptor<boost::asio::ip::tcp, boost::asio::any_io_executor> > >, boost::reference_wrapper<boost::asio::ssl::context>, boost::_bi::value<bool>, boost::_bi::value<AcceptedConnectionImpl<boost::asio::ip::tcp>*>, boost::arg<1> (*)()> >, boost::system::error_code>&, boost::_bi::bind_t<void, void (*)(boost::shared_ptr<boost::asio::basic_socket_acceptor<boost::asio::ip::tcp, boost::asio::any_io_executor> >, boost::asio::ssl::context&, bool, AcceptedConnection*, boost::system::error_code const&), boost::_bi::list5<boost::_bi::value<boost::shared_ptr<boost::asio::basic_socket_acceptor<boost::asio::ip::tcp, boost::asio::any_io_executor> > >, boost::reference_wrapper<boost::asio::ssl::context>, boost::_bi::value<bool>, boost::_bi::value<AcceptedConnectionImpl<boost::asio::ip::tcp>*>, boost::arg<1> (*)()> >&) /usr/include/boost/asio/detail/handler_invoke_helpers.hpp:54
    #8 0x5c43df9684fb in void boost::asio::detail::handler_work<boost::_bi::bind_t<void, void (*)(boost::shared_ptr<boost::asio::basic_socket_acceptor<boost::asio::ip::tcp, boost::asio::any_io_executor> >, boost::asio::ssl::context&, bool, AcceptedConnection*, boost::system::error_code const&), boost::_bi::list5<boost::_bi::value<boost::shared_ptr<boost::asio::basic_socket_acceptor<boost::asio::ip::tcp, boost::asio::any_io_executor> > >, boost::reference_wrapper<boost::asio::ssl::context>, boost::_bi::value<bool>, boost::_bi::value<AcceptedConnectionImpl<boost::asio::ip::tcp>*>, boost::arg<1> (*)()> >, boost::asio::any_io_executor, void>::complete<boost::asio::detail::binder1<boost::_bi::bind_t<void, void (*)(boost::shared_ptr<boost::asio::basic_socket_acceptor<boost::asio::ip::tcp, boost::asio::any_io_executor> >, boost::asio::ssl::context&, bool, AcceptedConnection*, boost::system::error_code const&), boost::_bi::list5<boost::_bi::value<boost::shared_ptr<boost::asio::basic_socket_acceptor<boost::asio::ip::tcp, boost::asio::any_io_executor> > >, boost::reference_wrapper<boost::asio::ssl::context>, boost::_bi::value<bool>, boost::_bi::value<AcceptedConnectionImpl<boost::asio::ip::tcp>*>, boost::arg<1> (*)()> >, boost::system::error_code> >(boost::asio::detail::binder1<boost::_bi::bind_t<void, void (*)(boost::shared_ptr<boost::asio::basic_socket_acceptor<boost::asio::ip::tcp, boost::asio::any_io_executor> >, boost::asio::ssl::context&, bool, AcceptedConnection*, boost::system::error_code const&), boost::_bi::list5<boost::_bi::value<boost::shared_ptr<boost::asio::basic_socket_acceptor<boost::asio::ip::tcp, boost::asio::any_io_executor> > >, boost::reference_wrapper<boost::asio::ssl::context>, boost::_bi::value<bool>, boost::_bi::value<AcceptedConnectionImpl<boost::asio::ip::tcp>*>, boost::arg<1> (*)()> >, boost::system::error_code>&, boost::_bi::bind_t<void, void (*)(boost::shared_ptr<boost::asio::basic_socket_acceptor<boost::asio::ip::tcp, boost::asio::any_io_executor> >, boost::asio::ssl::context&, bool, AcceptedConnection*, boost::system::error_code const&), boost::_bi::list5<boost::_bi::value<boost::shared_ptr<boost::asio::basic_socket_acceptor<boost::asio::ip::tcp, boost::asio::any_io_executor> > >, boost::reference_wrapper<boost::asio::ssl::context>, boost::_bi::value<bool>, boost::_bi::value<AcceptedConnectionImpl<boost::asio::ip::tcp>*>, boost::arg<1> (*)()> >&) /usr/include/boost/asio/detail/handler_work.hpp:524
    #9 0x5c43df9684fb in boost::asio::detail::reactive_socket_accept_op<boost::asio::basic_socket<boost::asio::ip::tcp, boost::asio::any_io_executor>, boost::asio::ip::tcp, boost::_bi::bind_t<void, void (*)(boost::shared_ptr<boost::asio::basic_socket_acceptor<boost::asio::ip::tcp, boost::asio::any_io_executor> >, boost::asio::ssl::context&, bool, AcceptedConnection*, boost::system::error_code const&), boost::_bi::list5<boost::_bi::value<boost::shared_ptr<boost::asio::basic_socket_acceptor<boost::asio::ip::tcp, boost::asio::any_io_executor> > >, boost::reference_wrapper<boost::asio::ssl::context>, boost::_bi::value<bool>, boost::_bi::value<AcceptedConnectionImpl<boost::asio::ip::tcp>*>, boost::arg<1> (*)()> >, boost::asio::any_io_executor>::do_complete(void*, boost::asio::detail::scheduler_operation*, boost::system::error_code const&, unsigned long) /usr/include/boost/asio/detail/reactive_socket_accept_op.hpp:155
    #10 0x5c43df7ce7c3 in boost::asio::detail::scheduler_operation::complete(void*, boost::system::error_code const&, unsigned long) /usr/include/boost/asio/detail/scheduler_operation.hpp:40
    #11 0x5c43df7ce7c3 in boost::asio::detail::epoll_reactor::descriptor_state::do_complete(void*, boost::asio::detail::scheduler_operation*, boost::system::error_code const&, unsigned long) /usr/include/boost/asio/detail/impl/epoll_reactor.ipp:815
    #12 0x5c43df7c8e7f in boost::asio::detail::scheduler::do_run_one(boost::asio::detail::conditionally_enabled_mutex::scoped_lock&, boost::asio::detail::scheduler_thread_info&, boost::system::error_code const&) (/workspaces/INSN/src/INSaNed+0x5c55e7f) (BuildId: ebe454c866988f44aa6059bd878123a717c12eb9)
    #13 0x5c43df7ca9be in boost::asio::detail::scheduler::run(boost::system::error_code&) /usr/include/boost/asio/detail/impl/scheduler.ipp:210
    #14 0x5c43df928686 in boost::asio::io_context::run() /usr/include/boost/asio/impl/io_context.ipp:64
    #15 0x5c43df9156e9 in boost::_mfi::mf0<unsigned long, boost::asio::io_context>::operator()(boost::asio::io_context*) const /usr/include/boost/bind/mem_fn_template.hpp:49
    #16 0x5c43df9156e9 in unsigned long boost::_bi::list1<boost::_bi::value<boost::asio::io_context*> >::operator()<unsigned long, boost::_mfi::mf0<unsigned long, boost::asio::io_context>, boost::_bi::list0>(boost::_bi::type<unsigned long>, boost::_mfi::mf0<unsigned long, boost::asio::io_context>&, boost::_bi::list0&, long) /usr/include/boost/bind/bind.hpp:229
    #17 0x5c43df9156e9 in boost::_bi::bind_t<unsigned long, boost::_mfi::mf0<unsigned long, boost::asio::io_context>, boost::_bi::list1<boost::_bi::value<boost::asio::io_context*> > >::operator()() /usr/include/boost/bind/bind.hpp:1274
    #18 0x5c43df9156e9 in boost::detail::thread_data<boost::_bi::bind_t<unsigned long, boost::_mfi::mf0<unsigned long, boost::asio::io_context>, boost::_bi::list1<boost::_bi::value<boost::asio::io_context*> > > >::run() /usr/include/boost/thread/detail/thread.hpp:120
    #19 0x7d1a09a6e99e  (/lib/x86_64-linux-gnu/libboost_thread.so.1.83.0+0x1699e) (BuildId: cdf2ab5aa23cece03cad83b104e3376e2e8edecb)
    #20 0x7d1a09b41a41 in asan_thread_start ../../../../src/libsanitizer/asan/asan_interceptors.cpp:234
    #21 0x7d1a086e5aa3 in start_thread nptl/pthread_create.c:447

Direct leak of 936 byte(s) in 1 object(s) allocated from:
    #0 0x7d1a09be1548 in operator new(unsigned long) ../../../../src/libsanitizer/asan/asan_new_delete.cpp:95
    #1 0x5c43df8f9631 in RPCListen<boost::asio::ip::tcp> /workspaces/INSN/src/rpcserver.cpp:465
    #2 0x5c43df9036ee in StartRPCThreads() /workspaces/INSN/src/rpcserver.cpp:594
    #3 0x5c43df11ac7c in AppInit2(boost::thread_group&) /workspaces/INSN/src/init.cpp:1124
    #4 0x5c43df27e953 in AppInit(int, char**) /workspaces/INSN/src/bitcoind.cpp:106
    #5 0x5c43df27f1b9 in main /workspaces/INSN/src/bitcoind.cpp:136
    #6 0x7d1a086731c9 in __libc_start_call_main ../sysdeps/nptl/libc_start_call_main.h:58
    #7 0x7d1a0867328a in __libc_start_main_impl ../csu/libc-start.c:360
    #8 0x5c43deef8834 in _start (/workspaces/INSN/src/INSaNed+0x5385834) (BuildId: ebe454c866988f44aa6059bd878123a717c12eb9)

Direct leak of 24 byte(s) in 1 object(s) allocated from:
    #0 0x7d1a09be1548 in operator new(unsigned long) ../../../../src/libsanitizer/asan/asan_new_delete.cpp:95
    #1 0x5c43e045ab20 in leveldb::NewBloomFilterPolicy(int) (/workspaces/INSN/src/INSaNed+0x68e7b20) (BuildId: ebe454c866988f44aa6059bd878123a717c12eb9)
    #2 0x5c43df35b817 in LoadBlockIndex(bool) /workspaces/INSN/src/main.cpp:3302
    #3 0x5c43df11381b in AppInit2(boost::thread_group&) /workspaces/INSN/src/init.cpp:796
    #4 0x5c43df27e953 in AppInit(int, char**) /workspaces/INSN/src/bitcoind.cpp:106
    #5 0x5c43df27f1b9 in main /workspaces/INSN/src/bitcoind.cpp:136
    #6 0x7d1a086731c9 in __libc_start_call_main ../sysdeps/nptl/libc_start_call_main.h:58
    #7 0x7d1a0867328a in __libc_start_main_impl ../csu/libc-start.c:360
    #8 0x5c43deef8834 in _start (/workspaces/INSN/src/INSaNed+0x5385834) (BuildId: ebe454c866988f44aa6059bd878123a717c12eb9)

Indirect leak of 17408 byte(s) in 1 object(s) allocated from:
    #0 0x7d1a09be1548 in operator new(unsigned long) ../../../../src/libsanitizer/asan/asan_new_delete.cpp:95
    #1 0x5c43df0a5b32 in std::__new_allocator<unsigned char>::allocate(unsigned long, void const*) /usr/include/c++/13/bits/new_allocator.h:151
    #2 0x5c43df0a5b32 in std::allocator_traits<std::allocator<unsigned char> >::allocate(std::allocator<unsigned char>&, unsigned long) /usr/include/c++/13/bits/alloc_traits.h:482
    #3 0x5c43df0a5b32 in std::_Vector_base<unsigned char, std::allocator<unsigned char> >::_M_allocate(unsigned long) /usr/include/c++/13/bits/stl_vector.h:381
    #4 0x5c43df0a5b32 in std::_Vector_base<unsigned char, std::allocator<unsigned char> >::_M_create_storage(unsigned long) /usr/include/c++/13/bits/stl_vector.h:398
    #5 0x5c43df0a5b32 in std::_Vector_base<unsigned char, std::allocator<unsigned char> >::_Vector_base(unsigned long, std::allocator<unsigned char> const&) /usr/include/c++/13/bits/stl_vector.h:335
    #6 0x5c43df0a5b32 in std::vector<unsigned char, std::allocator<unsigned char> >::vector(unsigned long, std::allocator<unsigned char> const&) /usr/include/c++/13/bits/stl_vector.h:557
    #7 0x5c43df811c27 in boost::asio::ssl::detail::stream_core::stream_core<boost::asio::any_io_executor>(ssl_ctx_st*, boost::asio::any_io_executor const&) /usr/include/boost/asio/ssl/detail/stream_core.hpp:46
    #8 0x5c43df8fa39a in boost::asio::ssl::stream<boost::asio::basic_stream_socket<boost::asio::ip::tcp, boost::asio::any_io_executor> >::stream<boost::asio::io_context&>(boost::asio::io_context&, boost::asio::ssl::context&) /usr/include/boost/asio/ssl/stream.hpp:108
    #9 0x5c43df8fa39a in AcceptedConnectionImpl<boost::asio::ip::tcp>::AcceptedConnectionImpl(boost::asio::io_context&, boost::asio::ssl::context&, bool) /workspaces/INSN/src/rpcserver.cpp:417
    #10 0x5c43df8fa39a in RPCListen<boost::asio::ip::tcp> /workspaces/INSN/src/rpcserver.cpp:465
    #11 0x5c43df90b940 in RPCAcceptHandler<boost::asio::ip::tcp> /workspaces/INSN/src/rpcserver.cpp:491
    #12 0x5c43df9684fb in void boost::_bi::list5<boost::_bi::value<boost::shared_ptr<boost::asio::basic_socket_acceptor<boost::asio::ip::tcp, boost::asio::any_io_executor> > >, boost::reference_wrapper<boost::asio::ssl::context>, boost::_bi::value<bool>, boost::_bi::value<AcceptedConnectionImpl<boost::asio::ip::tcp>*>, boost::arg<1> (*)()>::operator()<void (*)(boost::shared_ptr<boost::asio::basic_socket_acceptor<boost::asio::ip::tcp, boost::asio::any_io_executor> >, boost::asio::ssl::context&, bool, AcceptedConnection*, boost::system::error_code const&), boost::_bi::rrlist1<boost::system::error_code const&> >(boost::_bi::type<void>, void (*&)(boost::shared_ptr<boost::asio::basic_socket_acceptor<boost::asio::ip::tcp, boost::asio::any_io_executor> >, boost::asio::ssl::context&, bool, AcceptedConnection*, boost::system::error_code const&), boost::_bi::rrlist1<boost::system::error_code const&>&, int) /usr/include/boost/bind/bind.hpp:511
    #13 0x5c43df9684fb in void boost::_bi::bind_t<void, void (*)(boost::shared_ptr<boost::asio::basic_socket_acceptor<boost::asio::ip::tcp, boost::asio::any_io_executor> >, boost::asio::ssl::context&, bool, AcceptedConnection*, boost::system::error_code const&), boost::_bi::list5<boost::_bi::value<boost::shared_ptr<boost::asio::basic_socket_acceptor<boost::asio::ip::tcp, boost::asio::any_io_executor> > >, boost::reference_wrapper<boost::asio::ssl::context>, boost::_bi::value<bool>, boost::_bi::value<AcceptedConnectionImpl<boost::asio::ip::tcp>*>, boost::arg<1> (*)()> >::operator()<boost::system::error_code const&>(boost::system::error_code const&) /usr/include/boost/bind/bind.hpp:1286
    #14 0x5c43df9684fb in boost::asio::detail::binder1<boost::_bi::bind_t<void, void (*)(boost::shared_ptr<boost::asio::basic_socket_acceptor<boost::asio::ip::tcp, boost::asio::any_io_executor> >, boost::asio::ssl::context&, bool, AcceptedConnection*, boost::system::error_code const&), boost::_bi::list5<boost::_bi::value<boost::shared_ptr<boost::asio::basic_socket_acceptor<boost::asio::ip::tcp, boost::asio::any_io_executor> > >, boost::reference_wrapper<boost::asio::ssl::context>, boost::_bi::value<bool>, boost::_bi::value<AcceptedConnectionImpl<boost::asio::ip::tcp>*>, boost::arg<1> (*)()> >, boost::system::error_code>::operator()() /usr/include/boost/asio/detail/bind_handler.hpp:171
    #15 0x5c43df9684fb in void boost::asio::asio_handler_invoke<boost::asio::detail::binder1<boost::_bi::bind_t<void, void (*)(boost::shared_ptr<boost::asio::basic_socket_acceptor<boost::asio::ip::tcp, boost::asio::any_io_executor> >, boost::asio::ssl::context&, bool, AcceptedConnection*, boost::system::error_code const&), boost::_bi::list5<boost::_bi::value<boost::shared_ptr<boost::asio::basic_socket_acceptor<boost::asio::ip::tcp, boost::asio::any_io_executor> > >, boost::reference_wrapper<boost::asio::ssl::context>, boost::_bi::value<bool>, boost::_bi::value<AcceptedConnectionImpl<boost::asio::ip::tcp>*>, boost::arg<1> (*)()> >, boost::system::error_code> >(boost::asio::detail::binder1<boost::_bi::bind_t<void, void (*)(boost::shared_ptr<boost::asio::basic_socket_acceptor<boost::asio::ip::tcp, boost::asio::any_io_executor> >, boost::asio::ssl::context&, bool, AcceptedConnection*, boost::system::error_code const&), boost::_bi::list5<boost::_bi::value<boost::shared_ptr<boost::asio::basic_socket_acceptor<boost::asio::ip::tcp, boost::asio::any_io_executor> > >, boost::reference_wrapper<boost::asio::ssl::context>, boost::_bi::value<bool>, boost::_bi::value<AcceptedConnectionImpl<boost::asio::ip::tcp>*>, boost::arg<1> (*)()> >, boost::system::error_code>&, ...) /usr/include/boost/asio/handler_invoke_hook.hpp:88
    #16 0x5c43df9684fb in void boost_asio_handler_invoke_helpers::invoke<boost::asio::detail::binder1<boost::_bi::bind_t<void, void (*)(boost::shared_ptr<boost::asio::basic_socket_acceptor<boost::asio::ip::tcp, boost::asio::any_io_executor> >, boost::asio::ssl::context&, bool, AcceptedConnection*, boost::system::error_code const&), boost::_bi::list5<boost::_bi::value<boost::shared_ptr<boost::asio::basic_socket_acceptor<boost::asio::ip::tcp, boost::asio::any_io_executor> > >, boost::reference_wrapper<boost::asio::ssl::context>, boost::_bi::value<bool>, boost::_bi::value<AcceptedConnectionImpl<boost::asio::ip::tcp>*>, boost::arg<1> (*)()> >, boost::system::error_code>, boost::_bi::bind_t<void, void (*)(boost::shared_ptr<boost::asio::basic_socket_acceptor<boost::asio::ip::tcp, boost::asio::any_io_executor> >, boost::asio::ssl::context&, bool, AcceptedConnection*, boost::system::error_code const&), boost::_bi::list5<boost::_bi::value<boost::shared_ptr<boost::asio::basic_socket_acceptor<boost::asio::ip::tcp, boost::asio::any_io_executor> > >, boost::reference_wrapper<boost::asio::ssl::context>, boost::_bi::value<bool>, boost::_bi::value<AcceptedConnectionImpl<boost::asio::ip::tcp>*>, boost::arg<1> (*)()> > >(boost::asio::detail::binder1<boost::_bi::bind_t<void, void (*)(boost::shared_ptr<boost::asio::basic_socket_acceptor<boost::asio::ip::tcp, boost::asio::any_io_executor> >, boost::asio::ssl::context&, bool, AcceptedConnection*, boost::system::error_code const&), boost::_bi::list5<boost::_bi::value<boost::shared_ptr<boost::asio::basic_socket_acceptor<boost::asio::ip::tcp, boost::asio::any_io_executor> > >, boost::reference_wrapper<boost::asio::ssl::context>, boost::_bi::value<bool>, boost::_bi::value<AcceptedConnectionImpl<boost::asio::ip::tcp>*>, boost::arg<1> (*)()> >, boost::system::error_code>&, boost::_bi::bind_t<void, void (*)(boost::shared_ptr<boost::asio::basic_socket_acceptor<boost::asio::ip::tcp, boost::asio::any_io_executor> >, boost::asio::ssl::context&, bool, AcceptedConnection*, boost::system::error_code const&), boost::_bi::list5<boost::_bi::value<boost::shared_ptr<boost::asio::basic_socket_acceptor<boost::asio::ip::tcp, boost::asio::any_io_executor> > >, boost::reference_wrapper<boost::asio::ssl::context>, boost::_bi::value<bool>, boost::_bi::value<AcceptedConnectionImpl<boost::asio::ip::tcp>*>, boost::arg<1> (*)()> >&) /usr/include/boost/asio/detail/handler_invoke_helpers.hpp:54
    #17 0x5c43df9684fb in void boost::asio::detail::handler_work<boost::_bi::bind_t<void, void (*)(boost::shared_ptr<boost::asio::basic_socket_acceptor<boost::asio::ip::tcp, boost::asio::any_io_executor> >, boost::asio::ssl::context&, bool, AcceptedConnection*, boost::system::error_code const&), boost::_bi::list5<boost::_bi::value<boost::shared_ptr<boost::asio::basic_socket_acceptor<boost::asio::ip::tcp, boost::asio::any_io_executor> > >, boost::reference_wrapper<boost::asio::ssl::context>, boost::_bi::value<bool>, boost::_bi::value<AcceptedConnectionImpl<boost::asio::ip::tcp>*>, boost::arg<1> (*)()> >, boost::asio::any_io_executor, void>::complete<boost::asio::detail::binder1<boost::_bi::bind_t<void, void (*)(boost::shared_ptr<boost::asio::basic_socket_acceptor<boost::asio::ip::tcp, boost::asio::any_io_executor> >, boost::asio::ssl::context&, bool, AcceptedConnection*, boost::system::error_code const&), boost::_bi::list5<boost::_bi::value<boost::shared_ptr<boost::asio::basic_socket_acceptor<boost::asio::ip::tcp, boost::asio::any_io_executor> > >, boost::reference_wrapper<boost::asio::ssl::context>, boost::_bi::value<bool>, boost::_bi::value<AcceptedConnectionImpl<boost::asio::ip::tcp>*>, boost::arg<1> (*)()> >, boost::system::error_code> >(boost::asio::detail::binder1<boost::_bi::bind_t<void, void (*)(boost::shared_ptr<boost::asio::basic_socket_acceptor<boost::asio::ip::tcp, boost::asio::any_io_executor> >, boost::asio::ssl::context&, bool, AcceptedConnection*, boost::system::error_code const&), boost::_bi::list5<boost::_bi::value<boost::shared_ptr<boost::asio::basic_socket_acceptor<boost::asio::ip::tcp, boost::asio::any_io_executor> > >, boost::reference_wrapper<boost::asio::ssl::context>, boost::_bi::value<bool>, boost::_bi::value<AcceptedConnectionImpl<boost::asio::ip::tcp>*>, boost::arg<1> (*)()> >, boost::system::error_code>&, boost::_bi::bind_t<void, void (*)(boost::shared_ptr<boost::asio::basic_socket_acceptor<boost::asio::ip::tcp, boost::asio::any_io_executor> >, boost::asio::ssl::context&, bool, AcceptedConnection*, boost::system::error_code const&), boost::_bi::list5<boost::_bi::value<boost::shared_ptr<boost::asio::basic_socket_acceptor<boost::asio::ip::tcp, boost::asio::any_io_executor> > >, boost::reference_wrapper<boost::asio::ssl::context>, boost::_bi::value<bool>, boost::_bi::value<AcceptedConnectionImpl<boost::asio::ip::tcp>*>, boost::arg<1> (*)()> >&) /usr/include/boost/asio/detail/handler_work.hpp:524
    #18 0x5c43df9684fb in boost::asio::detail::reactive_socket_accept_op<boost::asio::basic_socket<boost::asio::ip::tcp, boost::asio::any_io_executor>, boost::asio::ip::tcp, boost::_bi::bind_t<void, void (*)(boost::shared_ptr<boost::asio::basic_socket_acceptor<boost::asio::ip::tcp, boost::asio::any_io_executor> >, boost::asio::ssl::context&, bool, AcceptedConnection*, boost::system::error_code const&), boost::_bi::list5<boost::_bi::value<boost::shared_ptr<boost::asio::basic_socket_acceptor<boost::asio::ip::tcp, boost::asio::any_io_executor> > >, boost::reference_wrapper<boost::asio::ssl::context>, boost::_bi::value<bool>, boost::_bi::value<AcceptedConnectionImpl<boost::asio::ip::tcp>*>, boost::arg<1> (*)()> >, boost::asio::any_io_executor>::do_complete(void*, boost::asio::detail::scheduler_operation*, boost::system::error_code const&, unsigned long) /usr/include/boost/asio/detail/reactive_socket_accept_op.hpp:155
    #19 0x5c43df7ce7c3 in boost::asio::detail::scheduler_operation::complete(void*, boost::system::error_code const&, unsigned long) /usr/include/boost/asio/detail/scheduler_operation.hpp:40
    #20 0x5c43df7ce7c3 in boost::asio::detail::epoll_reactor::descriptor_state::do_complete(void*, boost::asio::detail::scheduler_operation*, boost::system::error_code const&, unsigned long) /usr/include/boost/asio/detail/impl/epoll_reactor.ipp:815
    #21 0x5c43df7c8e7f in boost::asio::detail::scheduler::do_run_one(boost::asio::detail::conditionally_enabled_mutex::scoped_lock&, boost::asio::detail::scheduler_thread_info&, boost::system::error_code const&) (/workspaces/INSN/src/INSaNed+0x5c55e7f) (BuildId: ebe454c866988f44aa6059bd878123a717c12eb9)
    #22 0x5c43df7ca9be in boost::asio::detail::scheduler::run(boost::system::error_code&) /usr/include/boost/asio/detail/impl/scheduler.ipp:210
    #23 0x5c43df928686 in boost::asio::io_context::run() /usr/include/boost/asio/impl/io_context.ipp:64
    #24 0x5c43df9156e9 in boost::_mfi::mf0<unsigned long, boost::asio::io_context>::operator()(boost::asio::io_context*) const /usr/include/boost/bind/mem_fn_template.hpp:49
    #25 0x5c43df9156e9 in unsigned long boost::_bi::list1<boost::_bi::value<boost::asio::io_context*> >::operator()<unsigned long, boost::_mfi::mf0<unsigned long, boost::asio::io_context>, boost::_bi::list0>(boost::_bi::type<unsigned long>, boost::_mfi::mf0<unsigned long, boost::asio::io_context>&, boost::_bi::list0&, long) /usr/include/boost/bind/bind.hpp:229
    #26 0x5c43df9156e9 in boost::_bi::bind_t<unsigned long, boost::_mfi::mf0<unsigned long, boost::asio::io_context>, boost::_bi::list1<boost::_bi::value<boost::asio::io_context*> > >::operator()() /usr/include/boost/bind/bind.hpp:1274
    #27 0x5c43df9156e9 in boost::detail::thread_data<boost::_bi::bind_t<unsigned long, boost::_mfi::mf0<unsigned long, boost::asio::io_context>, boost::_bi::list1<boost::_bi::value<boost::asio::io_context*> > > >::run() /usr/include/boost/thread/detail/thread.hpp:120
    #28 0x7d1a09a6e99e  (/lib/x86_64-linux-gnu/libboost_thread.so.1.83.0+0x1699e) (BuildId: cdf2ab5aa23cece03cad83b104e3376e2e8edecb)
    #29 0x7d1a09b41a41 in asan_thread_start ../../../../src/libsanitizer/asan/asan_interceptors.cpp:234
    #30 0x7d1a086e5aa3 in start_thread nptl/pthread_create.c:447

Indirect leak of 17408 byte(s) in 1 object(s) allocated from:
    #0 0x7d1a09be09c7 in malloc ../../../../src/libsanitizer/asan/asan_malloc_linux.cpp:69
    #1 0x7d1a09328109  (/lib/x86_64-linux-gnu/libcrypto.so.3+0xf4109) (BuildId: 0698e1ff610cb3c6993dccbd82c1281b1b4c5ade)
    #2 0x7d1a093222a1 in BIO_ctrl (/lib/x86_64-linux-gnu/libcrypto.so.3+0xee2a1) (BuildId: 0698e1ff610cb3c6993dccbd82c1281b1b4c5ade)
    #3 0x7d1a09328285 in BIO_new_bio_pair (/lib/x86_64-linux-gnu/libcrypto.so.3+0xf4285) (BuildId: 0698e1ff610cb3c6993dccbd82c1281b1b4c5ade)
    #4 0x5c43df7eb8f7 in boost::asio::ssl::detail::engine::engine(ssl_ctx_st*) (/workspaces/INSN/src/INSaNed+0x5c788f7) (BuildId: ebe454c866988f44aa6059bd878123a717c12eb9)
    #5 0x5c43df8119a8 in boost::asio::ssl::detail::stream_core::stream_core<boost::asio::any_io_executor>(ssl_ctx_st*, boost::asio::any_io_executor const&) /usr/include/boost/asio/ssl/detail/stream_core.hpp:43
    #6 0x5c43df8fa39a in boost::asio::ssl::stream<boost::asio::basic_stream_socket<boost::asio::ip::tcp, boost::asio::any_io_executor> >::stream<boost::asio::io_context&>(boost::asio::io_context&, boost::asio::ssl::context&) /usr/include/boost/asio/ssl/stream.hpp:108
    #7 0x5c43df8fa39a in AcceptedConnectionImpl<boost::asio::ip::tcp>::AcceptedConnectionImpl(boost::asio::io_context&, boost::asio::ssl::context&, bool) /workspaces/INSN/src/rpcserver.cpp:417
    #8 0x5c43df8fa39a in RPCListen<boost::asio::ip::tcp> /workspaces/INSN/src/rpcserver.cpp:465
    #9 0x5c43df9036ee in StartRPCThreads() /workspaces/INSN/src/rpcserver.cpp:594
    #10 0x5c43df11ac7c in AppInit2(boost::thread_group&) /workspaces/INSN/src/init.cpp:1124
    #11 0x5c43df27e953 in AppInit(int, char**) /workspaces/INSN/src/bitcoind.cpp:106
    #12 0x5c43df27f1b9 in main /workspaces/INSN/src/bitcoind.cpp:136
    #13 0x7d1a086731c9 in __libc_start_call_main ../sysdeps/nptl/libc_start_call_main.h:58
    #14 0x7d1a0867328a in __libc_start_main_impl ../csu/libc-start.c:360
    #15 0x5c43deef8834 in _start (/workspaces/INSN/src/INSaNed+0x5385834) (BuildId: ebe454c866988f44aa6059bd878123a717c12eb9)

Indirect leak of 17408 byte(s) in 1 object(s) allocated from:
    #0 0x7d1a09be09c7 in malloc ../../../../src/libsanitizer/asan/asan_malloc_linux.cpp:69
    #1 0x7d1a093280da  (/lib/x86_64-linux-gnu/libcrypto.so.3+0xf40da) (BuildId: 0698e1ff610cb3c6993dccbd82c1281b1b4c5ade)
    #2 0x7d1a093222a1 in BIO_ctrl (/lib/x86_64-linux-gnu/libcrypto.so.3+0xee2a1) (BuildId: 0698e1ff610cb3c6993dccbd82c1281b1b4c5ade)
    #3 0x7d1a09328285 in BIO_new_bio_pair (/lib/x86_64-linux-gnu/libcrypto.so.3+0xf4285) (BuildId: 0698e1ff610cb3c6993dccbd82c1281b1b4c5ade)
    #4 0x5c43df7eb8f7 in boost::asio::ssl::detail::engine::engine(ssl_ctx_st*) (/workspaces/INSN/src/INSaNed+0x5c788f7) (BuildId: ebe454c866988f44aa6059bd878123a717c12eb9)
    #5 0x5c43df8119a8 in boost::asio::ssl::detail::stream_core::stream_core<boost::asio::any_io_executor>(ssl_ctx_st*, boost::asio::any_io_executor const&) /usr/include/boost/asio/ssl/detail/stream_core.hpp:43
    #6 0x5c43df8fa39a in boost::asio::ssl::stream<boost::asio::basic_stream_socket<boost::asio::ip::tcp, boost::asio::any_io_executor> >::stream<boost::asio::io_context&>(boost::asio::io_context&, boost::asio::ssl::context&) /usr/include/boost/asio/ssl/stream.hpp:108
    #7 0x5c43df8fa39a in AcceptedConnectionImpl<boost::asio::ip::tcp>::AcceptedConnectionImpl(boost::asio::io_context&, boost::asio::ssl::context&, bool) /workspaces/INSN/src/rpcserver.cpp:417
    #8 0x5c43df8fa39a in RPCListen<boost::asio::ip::tcp> /workspaces/INSN/src/rpcserver.cpp:465
    #9 0x5c43df9036ee in StartRPCThreads() /workspaces/INSN/src/rpcserver.cpp:594
    #10 0x5c43df11ac7c in AppInit2(boost::thread_group&) /workspaces/INSN/src/init.cpp:1124
    #11 0x5c43df27e953 in AppInit(int, char**) /workspaces/INSN/src/bitcoind.cpp:106
    #12 0x5c43df27f1b9 in main /workspaces/INSN/src/bitcoind.cpp:136
    #13 0x7d1a086731c9 in __libc_start_call_main ../sysdeps/nptl/libc_start_call_main.h:58
    #14 0x7d1a0867328a in __libc_start_main_impl ../csu/libc-start.c:360
    #15 0x5c43deef8834 in _start (/workspaces/INSN/src/INSaNed+0x5385834) (BuildId: ebe454c866988f44aa6059bd878123a717c12eb9)

Indirect leak of 17408 byte(s) in 1 object(s) allocated from:
    #0 0x7d1a09be09c7 in malloc ../../../../src/libsanitizer/asan/asan_malloc_linux.cpp:69
    #1 0x7d1a09328109  (/lib/x86_64-linux-gnu/libcrypto.so.3+0xf4109) (BuildId: 0698e1ff610cb3c6993dccbd82c1281b1b4c5ade)
    #2 0x7d1a093222a1 in BIO_ctrl (/lib/x86_64-linux-gnu/libcrypto.so.3+0xee2a1) (BuildId: 0698e1ff610cb3c6993dccbd82c1281b1b4c5ade)
    #3 0x7d1a09328285 in BIO_new_bio_pair (/lib/x86_64-linux-gnu/libcrypto.so.3+0xf4285) (BuildId: 0698e1ff610cb3c6993dccbd82c1281b1b4c5ade)
    #4 0x5c43df7eb8f7 in boost::asio::ssl::detail::engine::engine(ssl_ctx_st*) (/workspaces/INSN/src/INSaNed+0x5c788f7) (BuildId: ebe454c866988f44aa6059bd878123a717c12eb9)
    #5 0x5c43df8119a8 in boost::asio::ssl::detail::stream_core::stream_core<boost::asio::any_io_executor>(ssl_ctx_st*, boost::asio::any_io_executor const&) /usr/include/boost/asio/ssl/detail/stream_core.hpp:43
    #6 0x5c43df8fa39a in boost::asio::ssl::stream<boost::asio::basic_stream_socket<boost::asio::ip::tcp, boost::asio::any_io_executor> >::stream<boost::asio::io_context&>(boost::asio::io_context&, boost::asio::ssl::context&) /usr/include/boost/asio/ssl/stream.hpp:108
    #7 0x5c43df8fa39a in AcceptedConnectionImpl<boost::asio::ip::tcp>::AcceptedConnectionImpl(boost::asio::io_context&, boost::asio::ssl::context&, bool) /workspaces/INSN/src/rpcserver.cpp:417
    #8 0x5c43df8fa39a in RPCListen<boost::asio::ip::tcp> /workspaces/INSN/src/rpcserver.cpp:465
    #9 0x5c43df90b940 in RPCAcceptHandler<boost::asio::ip::tcp> /workspaces/INSN/src/rpcserver.cpp:491
    #10 0x5c43df9684fb in void boost::_bi::list5<boost::_bi::value<boost::shared_ptr<boost::asio::basic_socket_acceptor<boost::asio::ip::tcp, boost::asio::any_io_executor> > >, boost::reference_wrapper<boost::asio::ssl::context>, boost::_bi::value<bool>, boost::_bi::value<AcceptedConnectionImpl<boost::asio::ip::tcp>*>, boost::arg<1> (*)()>::operator()<void (*)(boost::shared_ptr<boost::asio::basic_socket_acceptor<boost::asio::ip::tcp, boost::asio::any_io_executor> >, boost::asio::ssl::context&, bool, AcceptedConnection*, boost::system::error_code const&), boost::_bi::rrlist1<boost::system::error_code const&> >(boost::_bi::type<void>, void (*&)(boost::shared_ptr<boost::asio::basic_socket_acceptor<boost::asio::ip::tcp, boost::asio::any_io_executor> >, boost::asio::ssl::context&, bool, AcceptedConnection*, boost::system::error_code const&), boost::_bi::rrlist1<boost::system::error_code const&>&, int) /usr/include/boost/bind/bind.hpp:511
    #11 0x5c43df9684fb in void boost::_bi::bind_t<void, void (*)(boost::shared_ptr<boost::asio::basic_socket_acceptor<boost::asio::ip::tcp, boost::asio::any_io_executor> >, boost::asio::ssl::context&, bool, AcceptedConnection*, boost::system::error_code const&), boost::_bi::list5<boost::_bi::value<boost::shared_ptr<boost::asio::basic_socket_acceptor<boost::asio::ip::tcp, boost::asio::any_io_executor> > >, boost::reference_wrapper<boost::asio::ssl::context>, boost::_bi::value<bool>, boost::_bi::value<AcceptedConnectionImpl<boost::asio::ip::tcp>*>, boost::arg<1> (*)()> >::operator()<boost::system::error_code const&>(boost::system::error_code const&) /usr/include/boost/bind/bind.hpp:1286
    #12 0x5c43df9684fb in boost::asio::detail::binder1<boost::_bi::bind_t<void, void (*)(boost::shared_ptr<boost::asio::basic_socket_acceptor<boost::asio::ip::tcp, boost::asio::any_io_executor> >, boost::asio::ssl::context&, bool, AcceptedConnection*, boost::system::error_code const&), boost::_bi::list5<boost::_bi::value<boost::shared_ptr<boost::asio::basic_socket_acceptor<boost::asio::ip::tcp, boost::asio::any_io_executor> > >, boost::reference_wrapper<boost::asio::ssl::context>, boost::_bi::value<bool>, boost::_bi::value<AcceptedConnectionImpl<boost::asio::ip::tcp>*>, boost::arg<1> (*)()> >, boost::system::error_code>::operator()() /usr/include/boost/asio/detail/bind_handler.hpp:171
    #13 0x5c43df9684fb in void boost::asio::asio_handler_invoke<boost::asio::detail::binder1<boost::_bi::bind_t<void, void (*)(boost::shared_ptr<boost::asio::basic_socket_acceptor<boost::asio::ip::tcp, boost::asio::any_io_executor> >, boost::asio::ssl::context&, bool, AcceptedConnection*, boost::system::error_code const&), boost::_bi::list5<boost::_bi::value<boost::shared_ptr<boost::asio::basic_socket_acceptor<boost::asio::ip::tcp, boost::asio::any_io_executor> > >, boost::reference_wrapper<boost::asio::ssl::context>, boost::_bi::value<bool>, boost::_bi::value<AcceptedConnectionImpl<boost::asio::ip::tcp>*>, boost::arg<1> (*)()> >, boost::system::error_code> >(boost::asio::detail::binder1<boost::_bi::bind_t<void, void (*)(boost::shared_ptr<boost::asio::basic_socket_acceptor<boost::asio::ip::tcp, boost::asio::any_io_executor> >, boost::asio::ssl::context&, bool, AcceptedConnection*, boost::system::error_code const&), boost::_bi::list5<boost::_bi::value<boost::shared_ptr<boost::asio::basic_socket_acceptor<boost::asio::ip::tcp, boost::asio::any_io_executor> > >, boost::reference_wrapper<boost::asio::ssl::context>, boost::_bi::value<bool>, boost::_bi::value<AcceptedConnectionImpl<boost::asio::ip::tcp>*>, boost::arg<1> (*)()> >, boost::system::error_code>&, ...) /usr/include/boost/asio/handler_invoke_hook.hpp:88
    #14 0x5c43df9684fb in void boost_asio_handler_invoke_helpers::invoke<boost::asio::detail::binder1<boost::_bi::bind_t<void, void (*)(boost::shared_ptr<boost::asio::basic_socket_acceptor<boost::asio::ip::tcp, boost::asio::any_io_executor> >, boost::asio::ssl::context&, bool, AcceptedConnection*, boost::system::error_code const&), boost::_bi::list5<boost::_bi::value<boost::shared_ptr<boost::asio::basic_socket_acceptor<boost::asio::ip::tcp, boost::asio::any_io_executor> > >, boost::reference_wrapper<boost::asio::ssl::context>, boost::_bi::value<bool>, boost::_bi::value<AcceptedConnectionImpl<boost::asio::ip::tcp>*>, boost::arg<1> (*)()> >, boost::system::error_code>, boost::_bi::bind_t<void, void (*)(boost::shared_ptr<boost::asio::basic_socket_acceptor<boost::asio::ip::tcp, boost::asio::any_io_executor> >, boost::asio::ssl::context&, bool, AcceptedConnection*, boost::system::error_code const&), boost::_bi::list5<boost::_bi::value<boost::shared_ptr<boost::asio::basic_socket_acceptor<boost::asio::ip::tcp, boost::asio::any_io_executor> > >, boost::reference_wrapper<boost::asio::ssl::context>, boost::_bi::value<bool>, boost::_bi::value<AcceptedConnectionImpl<boost::asio::ip::tcp>*>, boost::arg<1> (*)()> > >(boost::asio::detail::binder1<boost::_bi::bind_t<void, void (*)(boost::shared_ptr<boost::asio::basic_socket_acceptor<boost::asio::ip::tcp, boost::asio::any_io_executor> >, boost::asio::ssl::context&, bool, AcceptedConnection*, boost::system::error_code const&), boost::_bi::list5<boost::_bi::value<boost::shared_ptr<boost::asio::basic_socket_acceptor<boost::asio::ip::tcp, boost::asio::any_io_executor> > >, boost::reference_wrapper<boost::asio::ssl::context>, boost::_bi::value<bool>, boost::_bi::value<AcceptedConnectionImpl<boost::asio::ip::tcp>*>, boost::arg<1> (*)()> >, boost::system::error_code>&, boost::_bi::bind_t<void, void (*)(boost::shared_ptr<boost::asio::basic_socket_acceptor<boost::asio::ip::tcp, boost::asio::any_io_executor> >, boost::asio::ssl::context&, bool, AcceptedConnection*, boost::system::error_code const&), boost::_bi::list5<boost::_bi::value<boost::shared_ptr<boost::asio::basic_socket_acceptor<boost::asio::ip::tcp, boost::asio::any_io_executor> > >, boost::reference_wrapper<boost::asio::ssl::context>, boost::_bi::value<bool>, boost::_bi::value<AcceptedConnectionImpl<boost::asio::ip::tcp>*>, boost::arg<1> (*)()> >&) /usr/include/boost/asio/detail/handler_invoke_helpers.hpp:54
    #15 0x5c43df9684fb in void boost::asio::detail::handler_work<boost::_bi::bind_t<void, void (*)(boost::shared_ptr<boost::asio::basic_socket_acceptor<boost::asio::ip::tcp, boost::asio::any_io_executor> >, boost::asio::ssl::context&, bool, AcceptedConnection*, boost::system::error_code const&), boost::_bi::list5<boost::_bi::value<boost::shared_ptr<boost::asio::basic_socket_acceptor<boost::asio::ip::tcp, boost::asio::any_io_executor> > >, boost::reference_wrapper<boost::asio::ssl::context>, boost::_bi::value<bool>, boost::_bi::value<AcceptedConnectionImpl<boost::asio::ip::tcp>*>, boost::arg<1> (*)()> >, boost::asio::any_io_executor, void>::complete<boost::asio::detail::binder1<boost::_bi::bind_t<void, void (*)(boost::shared_ptr<boost::asio::basic_socket_acceptor<boost::asio::ip::tcp, boost::asio::any_io_executor> >, boost::asio::ssl::context&, bool, AcceptedConnection*, boost::system::error_code const&), boost::_bi::list5<boost::_bi::value<boost::shared_ptr<boost::asio::basic_socket_acceptor<boost::asio::ip::tcp, boost::asio::any_io_executor> > >, boost::reference_wrapper<boost::asio::ssl::context>, boost::_bi::value<bool>, boost::_bi::value<AcceptedConnectionImpl<boost::asio::ip::tcp>*>, boost::arg<1> (*)()> >, boost::system::error_code> >(boost::asio::detail::binder1<boost::_bi::bind_t<void, void (*)(boost::shared_ptr<boost::asio::basic_socket_acceptor<boost::asio::ip::tcp, boost::asio::any_io_executor> >, boost::asio::ssl::context&, bool, AcceptedConnection*, boost::system::error_code const&), boost::_bi::list5<boost::_bi::value<boost::shared_ptr<boost::asio::basic_socket_acceptor<boost::asio::ip::tcp, boost::asio::any_io_executor> > >, boost::reference_wrapper<boost::asio::ssl::context>, boost::_bi::value<bool>, boost::_bi::value<AcceptedConnectionImpl<boost::asio::ip::tcp>*>, boost::arg<1> (*)()> >, boost::system::error_code>&, boost::_bi::bind_t<void, void (*)(boost::shared_ptr<boost::asio::basic_socket_acceptor<boost::asio::ip::tcp, boost::asio::any_io_executor> >, boost::asio::ssl::context&, bool, AcceptedConnection*, boost::system::error_code const&), boost::_bi::list5<boost::_bi::value<boost::shared_ptr<boost::asio::basic_socket_acceptor<boost::asio::ip::tcp, boost::asio::any_io_executor> > >, boost::reference_wrapper<boost::asio::ssl::context>, boost::_bi::value<bool>, boost::_bi::value<AcceptedConnectionImpl<boost::asio::ip::tcp>*>, boost::arg<1> (*)()> >&) /usr/include/boost/asio/detail/handler_work.hpp:524
    #16 0x5c43df9684fb in boost::asio::detail::reactive_socket_accept_op<boost::asio::basic_socket<boost::asio::ip::tcp, boost::asio::any_io_executor>, boost::asio::ip::tcp, boost::_bi::bind_t<void, void (*)(boost::shared_ptr<boost::asio::basic_socket_acceptor<boost::asio::ip::tcp, boost::asio::any_io_executor> >, boost::asio::ssl::context&, bool, AcceptedConnection*, boost::system::error_code const&), boost::_bi::list5<boost::_bi::value<boost::shared_ptr<boost::asio::basic_socket_acceptor<boost::asio::ip::tcp, boost::asio::any_io_executor> > >, boost::reference_wrapper<boost::asio::ssl::context>, boost::_bi::value<bool>, boost::_bi::value<AcceptedConnectionImpl<boost::asio::ip::tcp>*>, boost::arg<1> (*)()> >, boost::asio::any_io_executor>::do_complete(void*, boost::asio::detail::scheduler_operation*, boost::system::error_code const&, unsigned long) /usr/include/boost/asio/detail/reactive_socket_accept_op.hpp:155
    #17 0x5c43df7ce7c3 in boost::asio::detail::scheduler_operation::complete(void*, boost::system::error_code const&, unsigned long) /usr/include/boost/asio/detail/scheduler_operation.hpp:40
    #18 0x5c43df7ce7c3 in boost::asio::detail::epoll_reactor::descriptor_state::do_complete(void*, boost::asio::detail::scheduler_operation*, boost::system::error_code const&, unsigned long) /usr/include/boost/asio/detail/impl/epoll_reactor.ipp:815
    #19 0x5c43df7c8e7f in boost::asio::detail::scheduler::do_run_one(boost::asio::detail::conditionally_enabled_mutex::scoped_lock&, boost::asio::detail::scheduler_thread_info&, boost::system::error_code const&) (/workspaces/INSN/src/INSaNed+0x5c55e7f) (BuildId: ebe454c866988f44aa6059bd878123a717c12eb9)
    #20 0x5c43df7ca9be in boost::asio::detail::scheduler::run(boost::system::error_code&) /usr/include/boost/asio/detail/impl/scheduler.ipp:210
    #21 0x5c43df928686 in boost::asio::io_context::run() /usr/include/boost/asio/impl/io_context.ipp:64
    #22 0x5c43df9156e9 in boost::_mfi::mf0<unsigned long, boost::asio::io_context>::operator()(boost::asio::io_context*) const /usr/include/boost/bind/mem_fn_template.hpp:49
    #23 0x5c43df9156e9 in unsigned long boost::_bi::list1<boost::_bi::value<boost::asio::io_context*> >::operator()<unsigned long, boost::_mfi::mf0<unsigned long, boost::asio::io_context>, boost::_bi::list0>(boost::_bi::type<unsigned long>, boost::_mfi::mf0<unsigned long, boost::asio::io_context>&, boost::_bi::list0&, long) /usr/include/boost/bind/bind.hpp:229
    #24 0x5c43df9156e9 in boost::_bi::bind_t<unsigned long, boost::_mfi::mf0<unsigned long, boost::asio::io_context>, boost::_bi::list1<boost::_bi::value<boost::asio::io_context*> > >::operator()() /usr/include/boost/bind/bind.hpp:1274
    #25 0x5c43df9156e9 in boost::detail::thread_data<boost::_bi::bind_t<unsigned long, boost::_mfi::mf0<unsigned long, boost::asio::io_context>, boost::_bi::list1<boost::_bi::value<boost::asio::io_context*> > > >::run() /usr/include/boost/thread/detail/thread.hpp:120
    #26 0x7d1a09a6e99e  (/lib/x86_64-linux-gnu/libboost_thread.so.1.83.0+0x1699e) (BuildId: cdf2ab5aa23cece03cad83b104e3376e2e8edecb)
    #27 0x7d1a09b41a41 in asan_thread_start ../../../../src/libsanitizer/asan/asan_interceptors.cpp:234
    #28 0x7d1a086e5aa3 in start_thread nptl/pthread_create.c:447

Indirect leak of 17408 byte(s) in 1 object(s) allocated from:
    #0 0x7d1a09be1548 in operator new(unsigned long) ../../../../src/libsanitizer/asan/asan_new_delete.cpp:95
    #1 0x5c43df0a5b32 in std::__new_allocator<unsigned char>::allocate(unsigned long, void const*) /usr/include/c++/13/bits/new_allocator.h:151
    #2 0x5c43df0a5b32 in std::allocator_traits<std::allocator<unsigned char> >::allocate(std::allocator<unsigned char>&, unsigned long) /usr/include/c++/13/bits/alloc_traits.h:482
    #3 0x5c43df0a5b32 in std::_Vector_base<unsigned char, std::allocator<unsigned char> >::_M_allocate(unsigned long) /usr/include/c++/13/bits/stl_vector.h:381
    #4 0x5c43df0a5b32 in std::_Vector_base<unsigned char, std::allocator<unsigned char> >::_M_create_storage(unsigned long) /usr/include/c++/13/bits/stl_vector.h:398
    #5 0x5c43df0a5b32 in std::_Vector_base<unsigned char, std::allocator<unsigned char> >::_Vector_base(unsigned long, std::allocator<unsigned char> const&) /usr/include/c++/13/bits/stl_vector.h:335
    #6 0x5c43df0a5b32 in std::vector<unsigned char, std::allocator<unsigned char> >::vector(unsigned long, std::allocator<unsigned char> const&) /usr/include/c++/13/bits/stl_vector.h:557
    #7 0x5c43df81205c in boost::asio::ssl::detail::stream_core::stream_core<boost::asio::any_io_executor>(ssl_ctx_st*, boost::asio::any_io_executor const&) /usr/include/boost/asio/ssl/detail/stream_core.hpp:48
    #8 0x5c43df8fa39a in boost::asio::ssl::stream<boost::asio::basic_stream_socket<boost::asio::ip::tcp, boost::asio::any_io_executor> >::stream<boost::asio::io_context&>(boost::asio::io_context&, boost::asio::ssl::context&) /usr/include/boost/asio/ssl/stream.hpp:108
    #9 0x5c43df8fa39a in AcceptedConnectionImpl<boost::asio::ip::tcp>::AcceptedConnectionImpl(boost::asio::io_context&, boost::asio::ssl::context&, bool) /workspaces/INSN/src/rpcserver.cpp:417
    #10 0x5c43df8fa39a in RPCListen<boost::asio::ip::tcp> /workspaces/INSN/src/rpcserver.cpp:465
    #11 0x5c43df90b940 in RPCAcceptHandler<boost::asio::ip::tcp> /workspaces/INSN/src/rpcserver.cpp:491
    #12 0x5c43df9684fb in void boost::_bi::list5<boost::_bi::value<boost::shared_ptr<boost::asio::basic_socket_acceptor<boost::asio::ip::tcp, boost::asio::any_io_executor> > >, boost::reference_wrapper<boost::asio::ssl::context>, boost::_bi::value<bool>, boost::_bi::value<AcceptedConnectionImpl<boost::asio::ip::tcp>*>, boost::arg<1> (*)()>::operator()<void (*)(boost::shared_ptr<boost::asio::basic_socket_acceptor<boost::asio::ip::tcp, boost::asio::any_io_executor> >, boost::asio::ssl::context&, bool, AcceptedConnection*, boost::system::error_code const&), boost::_bi::rrlist1<boost::system::error_code const&> >(boost::_bi::type<void>, void (*&)(boost::shared_ptr<boost::asio::basic_socket_acceptor<boost::asio::ip::tcp, boost::asio::any_io_executor> >, boost::asio::ssl::context&, bool, AcceptedConnection*, boost::system::error_code const&), boost::_bi::rrlist1<boost::system::error_code const&>&, int) /usr/include/boost/bind/bind.hpp:511
    #13 0x5c43df9684fb in void boost::_bi::bind_t<void, void (*)(boost::shared_ptr<boost::asio::basic_socket_acceptor<boost::asio::ip::tcp, boost::asio::any_io_executor> >, boost::asio::ssl::context&, bool, AcceptedConnection*, boost::system::error_code const&), boost::_bi::list5<boost::_bi::value<boost::shared_ptr<boost::asio::basic_socket_acceptor<boost::asio::ip::tcp, boost::asio::any_io_executor> > >, boost::reference_wrapper<boost::asio::ssl::context>, boost::_bi::value<bool>, boost::_bi::value<AcceptedConnectionImpl<boost::asio::ip::tcp>*>, boost::arg<1> (*)()> >::operator()<boost::system::error_code const&>(boost::system::error_code const&) /usr/include/boost/bind/bind.hpp:1286
    #14 0x5c43df9684fb in boost::asio::detail::binder1<boost::_bi::bind_t<void, void (*)(boost::shared_ptr<boost::asio::basic_socket_acceptor<boost::asio::ip::tcp, boost::asio::any_io_executor> >, boost::asio::ssl::context&, bool, AcceptedConnection*, boost::system::error_code const&), boost::_bi::list5<boost::_bi::value<boost::shared_ptr<boost::asio::basic_socket_acceptor<boost::asio::ip::tcp, boost::asio::any_io_executor> > >, boost::reference_wrapper<boost::asio::ssl::context>, boost::_bi::value<bool>, boost::_bi::value<AcceptedConnectionImpl<boost::asio::ip::tcp>*>, boost::arg<1> (*)()> >, boost::system::error_code>::operator()() /usr/include/boost/asio/detail/bind_handler.hpp:171
    #15 0x5c43df9684fb in void boost::asio::asio_handler_invoke<boost::asio::detail::binder1<boost::_bi::bind_t<void, void (*)(boost::shared_ptr<boost::asio::basic_socket_acceptor<boost::asio::ip::tcp, boost::asio::any_io_executor> >, boost::asio::ssl::context&, bool, AcceptedConnection*, boost::system::error_code const&), boost::_bi::list5<boost::_bi::value<boost::shared_ptr<boost::asio::basic_socket_acceptor<boost::asio::ip::tcp, boost::asio::any_io_executor> > >, boost::reference_wrapper<boost::asio::ssl::context>, boost::_bi::value<bool>, boost::_bi::value<AcceptedConnectionImpl<boost::asio::ip::tcp>*>, boost::arg<1> (*)()> >, boost::system::error_code> >(boost::asio::detail::binder1<boost::_bi::bind_t<void, void (*)(boost::shared_ptr<boost::asio::basic_socket_acceptor<boost::asio::ip::tcp, boost::asio::any_io_executor> >, boost::asio::ssl::context&, bool, AcceptedConnection*, boost::system::error_code const&), boost::_bi::list5<boost::_bi::value<boost::shared_ptr<boost::asio::basic_socket_acceptor<boost::asio::ip::tcp, boost::asio::any_io_executor> > >, boost::reference_wrapper<boost::asio::ssl::context>, boost::_bi::value<bool>, boost::_bi::value<AcceptedConnectionImpl<boost::asio::ip::tcp>*>, boost::arg<1> (*)()> >, boost::system::error_code>&, ...) /usr/include/boost/asio/handler_invoke_hook.hpp:88
    #16 0x5c43df9684fb in void boost_asio_handler_invoke_helpers::invoke<boost::asio::detail::binder1<boost::_bi::bind_t<void, void (*)(boost::shared_ptr<boost::asio::basic_socket_acceptor<boost::asio::ip::tcp, boost::asio::any_io_executor> >, boost::asio::ssl::context&, bool, AcceptedConnection*, boost::system::error_code const&), boost::_bi::list5<boost::_bi::value<boost::shared_ptr<boost::asio::basic_socket_acceptor<boost::asio::ip::tcp, boost::asio::any_io_executor> > >, boost::reference_wrapper<boost::asio::ssl::context>, boost::_bi::value<bool>, boost::_bi::value<AcceptedConnectionImpl<boost::asio::ip::tcp>*>, boost::arg<1> (*)()> >, boost::system::error_code>, boost::_bi::bind_t<void, void (*)(boost::shared_ptr<boost::asio::basic_socket_acceptor<boost::asio::ip::tcp, boost::asio::any_io_executor> >, boost::asio::ssl::context&, bool, AcceptedConnection*, boost::system::error_code const&), boost::_bi::list5<boost::_bi::value<boost::shared_ptr<boost::asio::basic_socket_acceptor<boost::asio::ip::tcp, boost::asio::any_io_executor> > >, boost::reference_wrapper<boost::asio::ssl::context>, boost::_bi::value<bool>, boost::_bi::value<AcceptedConnectionImpl<boost::asio::ip::tcp>*>, boost::arg<1> (*)()> > >(boost::asio::detail::binder1<boost::_bi::bind_t<void, void (*)(boost::shared_ptr<boost::asio::basic_socket_acceptor<boost::asio::ip::tcp, boost::asio::any_io_executor> >, boost::asio::ssl::context&, bool, AcceptedConnection*, boost::system::error_code const&), boost::_bi::list5<boost::_bi::value<boost::shared_ptr<boost::asio::basic_socket_acceptor<boost::asio::ip::tcp, boost::asio::any_io_executor> > >, boost::reference_wrapper<boost::asio::ssl::context>, boost::_bi::value<bool>, boost::_bi::value<AcceptedConnectionImpl<boost::asio::ip::tcp>*>, boost::arg<1> (*)()> >, boost::system::error_code>&, boost::_bi::bind_t<void, void (*)(boost::shared_ptr<boost::asio::basic_socket_acceptor<boost::asio::ip::tcp, boost::asio::any_io_executor> >, boost::asio::ssl::context&, bool, AcceptedConnection*, boost::system::error_code const&), boost::_bi::list5<boost::_bi::value<boost::shared_ptr<boost::asio::basic_socket_acceptor<boost::asio::ip::tcp, boost::asio::any_io_executor> > >, boost::reference_wrapper<boost::asio::ssl::context>, boost::_bi::value<bool>, boost::_bi::value<AcceptedConnectionImpl<boost::asio::ip::tcp>*>, boost::arg<1> (*)()> >&) /usr/include/boost/asio/detail/handler_invoke_helpers.hpp:54
    #17 0x5c43df9684fb in void boost::asio::detail::handler_work<boost::_bi::bind_t<void, void (*)(boost::shared_ptr<boost::asio::basic_socket_acceptor<boost::asio::ip::tcp, boost::asio::any_io_executor> >, boost::asio::ssl::context&, bool, AcceptedConnection*, boost::system::error_code const&), boost::_bi::list5<boost::_bi::value<boost::shared_ptr<boost::asio::basic_socket_acceptor<boost::asio::ip::tcp, boost::asio::any_io_executor> > >, boost::reference_wrapper<boost::asio::ssl::context>, boost::_bi::value<bool>, boost::_bi::value<AcceptedConnectionImpl<boost::asio::ip::tcp>*>, boost::arg<1> (*)()> >, boost::asio::any_io_executor, void>::complete<boost::asio::detail::binder1<boost::_bi::bind_t<void, void (*)(boost::shared_ptr<boost::asio::basic_socket_acceptor<boost::asio::ip::tcp, boost::asio::any_io_executor> >, boost::asio::ssl::context&, bool, AcceptedConnection*, boost::system::error_code const&), boost::_bi::list5<boost::_bi::value<boost::shared_ptr<boost::asio::basic_socket_acceptor<boost::asio::ip::tcp, boost::asio::any_io_executor> > >, boost::reference_wrapper<boost::asio::ssl::context>, boost::_bi::value<bool>, boost::_bi::value<AcceptedConnectionImpl<boost::asio::ip::tcp>*>, boost::arg<1> (*)()> >, boost::system::error_code> >(boost::asio::detail::binder1<boost::_bi::bind_t<void, void (*)(boost::shared_ptr<boost::asio::basic_socket_acceptor<boost::asio::ip::tcp, boost::asio::any_io_executor> >, boost::asio::ssl::context&, bool, AcceptedConnection*, boost::system::error_code const&), boost::_bi::list5<boost::_bi::value<boost::shared_ptr<boost::asio::basic_socket_acceptor<boost::asio::ip::tcp, boost::asio::any_io_executor> > >, boost::reference_wrapper<boost::asio::ssl::context>, boost::_bi::value<bool>, boost::_bi::value<AcceptedConnectionImpl<boost::asio::ip::tcp>*>, boost::arg<1> (*)()> >, boost::system::error_code>&, boost::_bi::bind_t<void, void (*)(boost::shared_ptr<boost::asio::basic_socket_acceptor<boost::asio::ip::tcp, boost::asio::any_io_executor> >, boost::asio::ssl::context&, bool, AcceptedConnection*, boost::system::error_code const&), boost::_bi::list5<boost::_bi::value<boost::shared_ptr<boost::asio::basic_socket_acceptor<boost::asio::ip::tcp, boost::asio::any_io_executor> > >, boost::reference_wrapper<boost::asio::ssl::context>, boost::_bi::value<bool>, boost::_bi::value<AcceptedConnectionImpl<boost::asio::ip::tcp>*>, boost::arg<1> (*)()> >&) /usr/include/boost/asio/detail/handler_work.hpp:524
    #18 0x5c43df9684fb in boost::asio::detail::reactive_socket_accept_op<boost::asio::basic_socket<boost::asio::ip::tcp, boost::asio::any_io_executor>, boost::asio::ip::tcp, boost::_bi::bind_t<void, void (*)(boost::shared_ptr<boost::asio::basic_socket_acceptor<boost::asio::ip::tcp, boost::asio::any_io_executor> >, boost::asio::ssl::context&, bool, AcceptedConnection*, boost::system::error_code const&), boost::_bi::list5<boost::_bi::value<boost::shared_ptr<boost::asio::basic_socket_acceptor<boost::asio::ip::tcp, boost::asio::any_io_executor> > >, boost::reference_wrapper<boost::asio::ssl::context>, boost::_bi::value<bool>, boost::_bi::value<AcceptedConnectionImpl<boost::asio::ip::tcp>*>, boost::arg<1> (*)()> >, boost::asio::any_io_executor>::do_complete(void*, boost::asio::detail::scheduler_operation*, boost::system::error_code const&, unsigned long) /usr/include/boost/asio/detail/reactive_socket_accept_op.hpp:155
    #19 0x5c43df7ce7c3 in boost::asio::detail::scheduler_operation::complete(void*, boost::system::error_code const&, unsigned long) /usr/include/boost/asio/detail/scheduler_operation.hpp:40
    #20 0x5c43df7ce7c3 in boost::asio::detail::epoll_reactor::descriptor_state::do_complete(void*, boost::asio::detail::scheduler_operation*, boost::system::error_code const&, unsigned long) /usr/include/boost/asio/detail/impl/epoll_reactor.ipp:815
    #21 0x5c43df7c8e7f in boost::asio::detail::scheduler::do_run_one(boost::asio::detail::conditionally_enabled_mutex::scoped_lock&, boost::asio::detail::scheduler_thread_info&, boost::system::error_code const&) (/workspaces/INSN/src/INSaNed+0x5c55e7f) (BuildId: ebe454c866988f44aa6059bd878123a717c12eb9)
    #22 0x5c43df7ca9be in boost::asio::detail::scheduler::run(boost::system::error_code&) /usr/include/boost/asio/detail/impl/scheduler.ipp:210
    #23 0x5c43df928686 in boost::asio::io_context::run() /usr/include/boost/asio/impl/io_context.ipp:64
    #24 0x5c43df9156e9 in boost::_mfi::mf0<unsigned long, boost::asio::io_context>::operator()(boost::asio::io_context*) const /usr/include/boost/bind/mem_fn_template.hpp:49
    #25 0x5c43df9156e9 in unsigned long boost::_bi::list1<boost::_bi::value<boost::asio::io_context*> >::operator()<unsigned long, boost::_mfi::mf0<unsigned long, boost::asio::io_context>, boost::_bi::list0>(boost::_bi::type<unsigned long>, boost::_mfi::mf0<unsigned long, boost::asio::io_context>&, boost::_bi::list0&, long) /usr/include/boost/bind/bind.hpp:229
    #26 0x5c43df9156e9 in boost::_bi::bind_t<unsigned long, boost::_mfi::mf0<unsigned long, boost::asio::io_context>, boost::_bi::list1<boost::_bi::value<boost::asio::io_context*> > >::operator()() /usr/include/boost/bind/bind.hpp:1274
    #27 0x5c43df9156e9 in boost::detail::thread_data<boost::_bi::bind_t<unsigned long, boost::_mfi::mf0<unsigned long, boost::asio::io_context>, boost::_bi::list1<boost::_bi::value<boost::asio::io_context*> > > >::run() /usr/include/boost/thread/detail/thread.hpp:120
    #28 0x7d1a09a6e99e  (/lib/x86_64-linux-gnu/libboost_thread.so.1.83.0+0x1699e) (BuildId: cdf2ab5aa23cece03cad83b104e3376e2e8edecb)
    #29 0x7d1a09b41a41 in asan_thread_start ../../../../src/libsanitizer/asan/asan_interceptors.cpp:234
    #30 0x7d1a086e5aa3 in start_thread nptl/pthread_create.c:447

Indirect leak of 17408 byte(s) in 1 object(s) allocated from:
    #0 0x7d1a09be1548 in operator new(unsigned long) ../../../../src/libsanitizer/asan/asan_new_delete.cpp:95
    #1 0x5c43df0a5b32 in std::__new_allocator<unsigned char>::allocate(unsigned long, void const*) /usr/include/c++/13/bits/new_allocator.h:151
    #2 0x5c43df0a5b32 in std::allocator_traits<std::allocator<unsigned char> >::allocate(std::allocator<unsigned char>&, unsigned long) /usr/include/c++/13/bits/alloc_traits.h:482
    #3 0x5c43df0a5b32 in std::_Vector_base<unsigned char, std::allocator<unsigned char> >::_M_allocate(unsigned long) /usr/include/c++/13/bits/stl_vector.h:381
    #4 0x5c43df0a5b32 in std::_Vector_base<unsigned char, std::allocator<unsigned char> >::_M_create_storage(unsigned long) /usr/include/c++/13/bits/stl_vector.h:398
    #5 0x5c43df0a5b32 in std::_Vector_base<unsigned char, std::allocator<unsigned char> >::_Vector_base(unsigned long, std::allocator<unsigned char> const&) /usr/include/c++/13/bits/stl_vector.h:335
    #6 0x5c43df0a5b32 in std::vector<unsigned char, std::allocator<unsigned char> >::vector(unsigned long, std::allocator<unsigned char> const&) /usr/include/c++/13/bits/stl_vector.h:557
    #7 0x5c43df81205c in boost::asio::ssl::detail::stream_core::stream_core<boost::asio::any_io_executor>(ssl_ctx_st*, boost::asio::any_io_executor const&) /usr/include/boost/asio/ssl/detail/stream_core.hpp:48
    #8 0x5c43df8fa39a in boost::asio::ssl::stream<boost::asio::basic_stream_socket<boost::asio::ip::tcp, boost::asio::any_io_executor> >::stream<boost::asio::io_context&>(boost::asio::io_context&, boost::asio::ssl::context&) /usr/include/boost/asio/ssl/stream.hpp:108
    #9 0x5c43df8fa39a in AcceptedConnectionImpl<boost::asio::ip::tcp>::AcceptedConnectionImpl(boost::asio::io_context&, boost::asio::ssl::context&, bool) /workspaces/INSN/src/rpcserver.cpp:417
    #10 0x5c43df8fa39a in RPCListen<boost::asio::ip::tcp> /workspaces/INSN/src/rpcserver.cpp:465
    #11 0x5c43df9036ee in StartRPCThreads() /workspaces/INSN/src/rpcserver.cpp:594
    #12 0x5c43df11ac7c in AppInit2(boost::thread_group&) /workspaces/INSN/src/init.cpp:1124
    #13 0x5c43df27e953 in AppInit(int, char**) /workspaces/INSN/src/bitcoind.cpp:106
    #14 0x5c43df27f1b9 in main /workspaces/INSN/src/bitcoind.cpp:136
    #15 0x7d1a086731c9 in __libc_start_call_main ../sysdeps/nptl/libc_start_call_main.h:58
    #16 0x7d1a0867328a in __libc_start_main_impl ../csu/libc-start.c:360
    #17 0x5c43deef8834 in _start (/workspaces/INSN/src/INSaNed+0x5385834) (BuildId: ebe454c866988f44aa6059bd878123a717c12eb9)

Indirect leak of 17408 byte(s) in 1 object(s) allocated from:
    #0 0x7d1a09be09c7 in malloc ../../../../src/libsanitizer/asan/asan_malloc_linux.cpp:69
    #1 0x7d1a093280da  (/lib/x86_64-linux-gnu/libcrypto.so.3+0xf40da) (BuildId: 0698e1ff610cb3c6993dccbd82c1281b1b4c5ade)
    #2 0x7d1a093222a1 in BIO_ctrl (/lib/x86_64-linux-gnu/libcrypto.so.3+0xee2a1) (BuildId: 0698e1ff610cb3c6993dccbd82c1281b1b4c5ade)
    #3 0x7d1a09328285 in BIO_new_bio_pair (/lib/x86_64-linux-gnu/libcrypto.so.3+0xf4285) (BuildId: 0698e1ff610cb3c6993dccbd82c1281b1b4c5ade)
    #4 0x5c43df7eb8f7 in boost::asio::ssl::detail::engine::engine(ssl_ctx_st*) (/workspaces/INSN/src/INSaNed+0x5c788f7) (BuildId: ebe454c866988f44aa6059bd878123a717c12eb9)
    #5 0x5c43df8119a8 in boost::asio::ssl::detail::stream_core::stream_core<boost::asio::any_io_executor>(ssl_ctx_st*, boost::asio::any_io_executor const&) /usr/include/boost/asio/ssl/detail/stream_core.hpp:43
    #6 0x5c43df8fa39a in boost::asio::ssl::stream<boost::asio::basic_stream_socket<boost::asio::ip::tcp, boost::asio::any_io_executor> >::stream<boost::asio::io_context&>(boost::asio::io_context&, boost::asio::ssl::context&) /usr/include/boost/asio/ssl/stream.hpp:108
    #7 0x5c43df8fa39a in AcceptedConnectionImpl<boost::asio::ip::tcp>::AcceptedConnectionImpl(boost::asio::io_context&, boost::asio::ssl::context&, bool) /workspaces/INSN/src/rpcserver.cpp:417
    #8 0x5c43df8fa39a in RPCListen<boost::asio::ip::tcp> /workspaces/INSN/src/rpcserver.cpp:465
    #9 0x5c43df90b940 in RPCAcceptHandler<boost::asio::ip::tcp> /workspaces/INSN/src/rpcserver.cpp:491
    #10 0x5c43df9684fb in void boost::_bi::list5<boost::_bi::value<boost::shared_ptr<boost::asio::basic_socket_acceptor<boost::asio::ip::tcp, boost::asio::any_io_executor> > >, boost::reference_wrapper<boost::asio::ssl::context>, boost::_bi::value<bool>, boost::_bi::value<AcceptedConnectionImpl<boost::asio::ip::tcp>*>, boost::arg<1> (*)()>::operator()<void (*)(boost::shared_ptr<boost::asio::basic_socket_acceptor<boost::asio::ip::tcp, boost::asio::any_io_executor> >, boost::asio::ssl::context&, bool, AcceptedConnection*, boost::system::error_code const&), boost::_bi::rrlist1<boost::system::error_code const&> >(boost::_bi::type<void>, void (*&)(boost::shared_ptr<boost::asio::basic_socket_acceptor<boost::asio::ip::tcp, boost::asio::any_io_executor> >, boost::asio::ssl::context&, bool, AcceptedConnection*, boost::system::error_code const&), boost::_bi::rrlist1<boost::system::error_code const&>&, int) /usr/include/boost/bind/bind.hpp:511
    #11 0x5c43df9684fb in void boost::_bi::bind_t<void, void (*)(boost::shared_ptr<boost::asio::basic_socket_acceptor<boost::asio::ip::tcp, boost::asio::any_io_executor> >, boost::asio::ssl::context&, bool, AcceptedConnection*, boost::system::error_code const&), boost::_bi::list5<boost::_bi::value<boost::shared_ptr<boost::asio::basic_socket_acceptor<boost::asio::ip::tcp, boost::asio::any_io_executor> > >, boost::reference_wrapper<boost::asio::ssl::context>, boost::_bi::value<bool>, boost::_bi::value<AcceptedConnectionImpl<boost::asio::ip::tcp>*>, boost::arg<1> (*)()> >::operator()<boost::system::error_code const&>(boost::system::error_code const&) /usr/include/boost/bind/bind.hpp:1286
    #12 0x5c43df9684fb in boost::asio::detail::binder1<boost::_bi::bind_t<void, void (*)(boost::shared_ptr<boost::asio::basic_socket_acceptor<boost::asio::ip::tcp, boost::asio::any_io_executor> >, boost::asio::ssl::context&, bool, AcceptedConnection*, boost::system::error_code const&), boost::_bi::list5<boost::_bi::value<boost::shared_ptr<boost::asio::basic_socket_acceptor<boost::asio::ip::tcp, boost::asio::any_io_executor> > >, boost::reference_wrapper<boost::asio::ssl::context>, boost::_bi::value<bool>, boost::_bi::value<AcceptedConnectionImpl<boost::asio::ip::tcp>*>, boost::arg<1> (*)()> >, boost::system::error_code>::operator()() /usr/include/boost/asio/detail/bind_handler.hpp:171
    #13 0x5c43df9684fb in void boost::asio::asio_handler_invoke<boost::asio::detail::binder1<boost::_bi::bind_t<void, void (*)(boost::shared_ptr<boost::asio::basic_socket_acceptor<boost::asio::ip::tcp, boost::asio::any_io_executor> >, boost::asio::ssl::context&, bool, AcceptedConnection*, boost::system::error_code const&), boost::_bi::list5<boost::_bi::value<boost::shared_ptr<boost::asio::basic_socket_acceptor<boost::asio::ip::tcp, boost::asio::any_io_executor> > >, boost::reference_wrapper<boost::asio::ssl::context>, boost::_bi::value<bool>, boost::_bi::value<AcceptedConnectionImpl<boost::asio::ip::tcp>*>, boost::arg<1> (*)()> >, boost::system::error_code> >(boost::asio::detail::binder1<boost::_bi::bind_t<void, void (*)(boost::shared_ptr<boost::asio::basic_socket_acceptor<boost::asio::ip::tcp, boost::asio::any_io_executor> >, boost::asio::ssl::context&, bool, AcceptedConnection*, boost::system::error_code const&), boost::_bi::list5<boost::_bi::value<boost::shared_ptr<boost::asio::basic_socket_acceptor<boost::asio::ip::tcp, boost::asio::any_io_executor> > >, boost::reference_wrapper<boost::asio::ssl::context>, boost::_bi::value<bool>, boost::_bi::value<AcceptedConnectionImpl<boost::asio::ip::tcp>*>, boost::arg<1> (*)()> >, boost::system::error_code>&, ...) /usr/include/boost/asio/handler_invoke_hook.hpp:88
    #14 0x5c43df9684fb in void boost_asio_handler_invoke_helpers::invoke<boost::asio::detail::binder1<boost::_bi::bind_t<void, void (*)(boost::shared_ptr<boost::asio::basic_socket_acceptor<boost::asio::ip::tcp, boost::asio::any_io_executor> >, boost::asio::ssl::context&, bool, AcceptedConnection*, boost::system::error_code const&), boost::_bi::list5<boost::_bi::value<boost::shared_ptr<boost::asio::basic_socket_acceptor<boost::asio::ip::tcp, boost::asio::any_io_executor> > >, boost::reference_wrapper<boost::asio::ssl::context>, boost::_bi::value<bool>, boost::_bi::value<AcceptedConnectionImpl<boost::asio::ip::tcp>*>, boost::arg<1> (*)()> >, boost::system::error_code>, boost::_bi::bind_t<void, void (*)(boost::shared_ptr<boost::asio::basic_socket_acceptor<boost::asio::ip::tcp, boost::asio::any_io_executor> >, boost::asio::ssl::context&, bool, AcceptedConnection*, boost::system::error_code const&), boost::_bi::list5<boost::_bi::value<boost::shared_ptr<boost::asio::basic_socket_acceptor<boost::asio::ip::tcp, boost::asio::any_io_executor> > >, boost::reference_wrapper<boost::asio::ssl::context>, boost::_bi::value<bool>, boost::_bi::value<AcceptedConnectionImpl<boost::asio::ip::tcp>*>, boost::arg<1> (*)()> > >(boost::asio::detail::binder1<boost::_bi::bind_t<void, void (*)(boost::shared_ptr<boost::asio::basic_socket_acceptor<boost::asio::ip::tcp, boost::asio::any_io_executor> >, boost::asio::ssl::context&, bool, AcceptedConnection*, boost::system::error_code const&), boost::_bi::list5<boost::_bi::value<boost::shared_ptr<boost::asio::basic_socket_acceptor<boost::asio::ip::tcp, boost::asio::any_io_executor> > >, boost::reference_wrapper<boost::asio::ssl::context>, boost::_bi::value<bool>, boost::_bi::value<AcceptedConnectionImpl<boost::asio::ip::tcp>*>, boost::arg<1> (*)()> >, boost::system::error_code>&, boost::_bi::bind_t<void, void (*)(boost::shared_ptr<boost::asio::basic_socket_acceptor<boost::asio::ip::tcp, boost::asio::any_io_executor> >, boost::asio::ssl::context&, bool, AcceptedConnection*, boost::system::error_code const&), boost::_bi::list5<boost::_bi::value<boost::shared_ptr<boost::asio::basic_socket_acceptor<boost::asio::ip::tcp, boost::asio::any_io_executor> > >, boost::reference_wrapper<boost::asio::ssl::context>, boost::_bi::value<bool>, boost::_bi::value<AcceptedConnectionImpl<boost::asio::ip::tcp>*>, boost::arg<1> (*)()> >&) /usr/include/boost/asio/detail/handler_invoke_helpers.hpp:54
    #15 0x5c43df9684fb in void boost::asio::detail::handler_work<boost::_bi::bind_t<void, void (*)(boost::shared_ptr<boost::asio::basic_socket_acceptor<boost::asio::ip::tcp, boost::asio::any_io_executor> >, boost::asio::ssl::context&, bool, AcceptedConnection*, boost::system::error_code const&), boost::_bi::list5<boost::_bi::value<boost::shared_ptr<boost::asio::basic_socket_acceptor<boost::asio::ip::tcp, boost::asio::any_io_executor> > >, boost::reference_wrapper<boost::asio::ssl::context>, boost::_bi::value<bool>, boost::_bi::value<AcceptedConnectionImpl<boost::asio::ip::tcp>*>, boost::arg<1> (*)()> >, boost::asio::any_io_executor, void>::complete<boost::asio::detail::binder1<boost::_bi::bind_t<void, void (*)(boost::shared_ptr<boost::asio::basic_socket_acceptor<boost::asio::ip::tcp, boost::asio::any_io_executor> >, boost::asio::ssl::context&, bool, AcceptedConnection*, boost::system::error_code const&), boost::_bi::list5<boost::_bi::value<boost::shared_ptr<boost::asio::basic_socket_acceptor<boost::asio::ip::tcp, boost::asio::any_io_executor> > >, boost::reference_wrapper<boost::asio::ssl::context>, boost::_bi::value<bool>, boost::_bi::value<AcceptedConnectionImpl<boost::asio::ip::tcp>*>, boost::arg<1> (*)()> >, boost::system::error_code> >(boost::asio::detail::binder1<boost::_bi::bind_t<void, void (*)(boost::shared_ptr<boost::asio::basic_socket_acceptor<boost::asio::ip::tcp, boost::asio::any_io_executor> >, boost::asio::ssl::context&, bool, AcceptedConnection*, boost::system::error_code const&), boost::_bi::list5<boost::_bi::value<boost::shared_ptr<boost::asio::basic_socket_acceptor<boost::asio::ip::tcp, boost::asio::any_io_executor> > >, boost::reference_wrapper<boost::asio::ssl::context>, boost::_bi::value<bool>, boost::_bi::value<AcceptedConnectionImpl<boost::asio::ip::tcp>*>, boost::arg<1> (*)()> >, boost::system::error_code>&, boost::_bi::bind_t<void, void (*)(boost::shared_ptr<boost::asio::basic_socket_acceptor<boost::asio::ip::tcp, boost::asio::any_io_executor> >, boost::asio::ssl::context&, bool, AcceptedConnection*, boost::system::error_code const&), boost::_bi::list5<boost::_bi::value<boost::shared_ptr<boost::asio::basic_socket_acceptor<boost::asio::ip::tcp, boost::asio::any_io_executor> > >, boost::reference_wrapper<boost::asio::ssl::context>, boost::_bi::value<bool>, boost::_bi::value<AcceptedConnectionImpl<boost::asio::ip::tcp>*>, boost::arg<1> (*)()> >&) /usr/include/boost/asio/detail/handler_work.hpp:524
    #16 0x5c43df9684fb in boost::asio::detail::reactive_socket_accept_op<boost::asio::basic_socket<boost::asio::ip::tcp, boost::asio::any_io_executor>, boost::asio::ip::tcp, boost::_bi::bind_t<void, void (*)(boost::shared_ptr<boost::asio::basic_socket_acceptor<boost::asio::ip::tcp, boost::asio::any_io_executor> >, boost::asio::ssl::context&, bool, AcceptedConnection*, boost::system::error_code const&), boost::_bi::list5<boost::_bi::value<boost::shared_ptr<boost::asio::basic_socket_acceptor<boost::asio::ip::tcp, boost::asio::any_io_executor> > >, boost::reference_wrapper<boost::asio::ssl::context>, boost::_bi::value<bool>, boost::_bi::value<AcceptedConnectionImpl<boost::asio::ip::tcp>*>, boost::arg<1> (*)()> >, boost::asio::any_io_executor>::do_complete(void*, boost::asio::detail::scheduler_operation*, boost::system::error_code const&, unsigned long) /usr/include/boost/asio/detail/reactive_socket_accept_op.hpp:155
    #17 0x5c43df7ce7c3 in boost::asio::detail::scheduler_operation::complete(void*, boost::system::error_code const&, unsigned long) /usr/include/boost/asio/detail/scheduler_operation.hpp:40
    #18 0x5c43df7ce7c3 in boost::asio::detail::epoll_reactor::descriptor_state::do_complete(void*, boost::asio::detail::scheduler_operation*, boost::system::error_code const&, unsigned long) /usr/include/boost/asio/detail/impl/epoll_reactor.ipp:815
    #19 0x5c43df7c8e7f in boost::asio::detail::scheduler::do_run_one(boost::asio::detail::conditionally_enabled_mutex::scoped_lock&, boost::asio::detail::scheduler_thread_info&, boost::system::error_code const&) (/workspaces/INSN/src/INSaNed+0x5c55e7f) (BuildId: ebe454c866988f44aa6059bd878123a717c12eb9)
    #20 0x5c43df7ca9be in boost::asio::detail::scheduler::run(boost::system::error_code&) /usr/include/boost/asio/detail/impl/scheduler.ipp:210
    #21 0x5c43df928686 in boost::asio::io_context::run() /usr/include/boost/asio/impl/io_context.ipp:64
    #22 0x5c43df9156e9 in boost::_mfi::mf0<unsigned long, boost::asio::io_context>::operator()(boost::asio::io_context*) const /usr/include/boost/bind/mem_fn_template.hpp:49
    #23 0x5c43df9156e9 in unsigned long boost::_bi::list1<boost::_bi::value<boost::asio::io_context*> >::operator()<unsigned long, boost::_mfi::mf0<unsigned long, boost::asio::io_context>, boost::_bi::list0>(boost::_bi::type<unsigned long>, boost::_mfi::mf0<unsigned long, boost::asio::io_context>&, boost::_bi::list0&, long) /usr/include/boost/bind/bind.hpp:229
    #24 0x5c43df9156e9 in boost::_bi::bind_t<unsigned long, boost::_mfi::mf0<unsigned long, boost::asio::io_context>, boost::_bi::list1<boost::_bi::value<boost::asio::io_context*> > >::operator()() /usr/include/boost/bind/bind.hpp:1274
    #25 0x5c43df9156e9 in boost::detail::thread_data<boost::_bi::bind_t<unsigned long, boost::_mfi::mf0<unsigned long, boost::asio::io_context>, boost::_bi::list1<boost::_bi::value<boost::asio::io_context*> > > >::run() /usr/include/boost/thread/detail/thread.hpp:120
    #26 0x7d1a09a6e99e  (/lib/x86_64-linux-gnu/libboost_thread.so.1.83.0+0x1699e) (BuildId: cdf2ab5aa23cece03cad83b104e3376e2e8edecb)
    #27 0x7d1a09b41a41 in asan_thread_start ../../../../src/libsanitizer/asan/asan_interceptors.cpp:234
    #28 0x7d1a086e5aa3 in start_thread nptl/pthread_create.c:447

Indirect leak of 17408 byte(s) in 1 object(s) allocated from:
    #0 0x7d1a09be1548 in operator new(unsigned long) ../../../../src/libsanitizer/asan/asan_new_delete.cpp:95
    #1 0x5c43df0a5b32 in std::__new_allocator<unsigned char>::allocate(unsigned long, void const*) /usr/include/c++/13/bits/new_allocator.h:151
    #2 0x5c43df0a5b32 in std::allocator_traits<std::allocator<unsigned char> >::allocate(std::allocator<unsigned char>&, unsigned long) /usr/include/c++/13/bits/alloc_traits.h:482
    #3 0x5c43df0a5b32 in std::_Vector_base<unsigned char, std::allocator<unsigned char> >::_M_allocate(unsigned long) /usr/include/c++/13/bits/stl_vector.h:381
    #4 0x5c43df0a5b32 in std::_Vector_base<unsigned char, std::allocator<unsigned char> >::_M_create_storage(unsigned long) /usr/include/c++/13/bits/stl_vector.h:398
    #5 0x5c43df0a5b32 in std::_Vector_base<unsigned char, std::allocator<unsigned char> >::_Vector_base(unsigned long, std::allocator<unsigned char> const&) /usr/include/c++/13/bits/stl_vector.h:335
    #6 0x5c43df0a5b32 in std::vector<unsigned char, std::allocator<unsigned char> >::vector(unsigned long, std::allocator<unsigned char> const&) /usr/include/c++/13/bits/stl_vector.h:557
    #7 0x5c43df811c27 in boost::asio::ssl::detail::stream_core::stream_core<boost::asio::any_io_executor>(ssl_ctx_st*, boost::asio::any_io_executor const&) /usr/include/boost/asio/ssl/detail/stream_core.hpp:46
    #8 0x5c43df8fa39a in boost::asio::ssl::stream<boost::asio::basic_stream_socket<boost::asio::ip::tcp, boost::asio::any_io_executor> >::stream<boost::asio::io_context&>(boost::asio::io_context&, boost::asio::ssl::context&) /usr/include/boost/asio/ssl/stream.hpp:108
    #9 0x5c43df8fa39a in AcceptedConnectionImpl<boost::asio::ip::tcp>::AcceptedConnectionImpl(boost::asio::io_context&, boost::asio::ssl::context&, bool) /workspaces/INSN/src/rpcserver.cpp:417
    #10 0x5c43df8fa39a in RPCListen<boost::asio::ip::tcp> /workspaces/INSN/src/rpcserver.cpp:465
    #11 0x5c43df9036ee in StartRPCThreads() /workspaces/INSN/src/rpcserver.cpp:594
    #12 0x5c43df11ac7c in AppInit2(boost::thread_group&) /workspaces/INSN/src/init.cpp:1124
    #13 0x5c43df27e953 in AppInit(int, char**) /workspaces/INSN/src/bitcoind.cpp:106
    #14 0x5c43df27f1b9 in main /workspaces/INSN/src/bitcoind.cpp:136
    #15 0x7d1a086731c9 in __libc_start_call_main ../sysdeps/nptl/libc_start_call_main.h:58
    #16 0x7d1a0867328a in __libc_start_main_impl ../csu/libc-start.c:360
    #17 0x5c43deef8834 in _start (/workspaces/INSN/src/INSaNed+0x5385834) (BuildId: ebe454c866988f44aa6059bd878123a717c12eb9)

Indirect leak of 7608 byte(s) in 1 object(s) allocated from:
    #0 0x7d1a09be09c7 in malloc ../../../../src/libsanitizer/asan/asan_malloc_linux.cpp:69
    #1 0x7d1a094577c4 in CRYPTO_zalloc (/lib/x86_64-linux-gnu/libcrypto.so.3+0x2237c4) (BuildId: 0698e1ff610cb3c6993dccbd82c1281b1b4c5ade)
    #2 0x7d1a09807d20 in SSL_new (/lib/x86_64-linux-gnu/libssl.so.3+0x3cd20) (BuildId: 5f3b12d47114f9fbdc7765266cd0bb8f1b5ee8fc)
    #3 0x5c43df7eb79f in boost::asio::ssl::detail::engine::engine(ssl_ctx_st*) (/workspaces/INSN/src/INSaNed+0x5c7879f) (BuildId: ebe454c866988f44aa6059bd878123a717c12eb9)
    #4 0x5c43df8119a8 in boost::asio::ssl::detail::stream_core::stream_core<boost::asio::any_io_executor>(ssl_ctx_st*, boost::asio::any_io_executor const&) /usr/include/boost/asio/ssl/detail/stream_core.hpp:43
    #5 0x5c43df8fa39a in boost::asio::ssl::stream<boost::asio::basic_stream_socket<boost::asio::ip::tcp, boost::asio::any_io_executor> >::stream<boost::asio::io_context&>(boost::asio::io_context&, boost::asio::ssl::context&) /usr/include/boost/asio/ssl/stream.hpp:108
    #6 0x5c43df8fa39a in AcceptedConnectionImpl<boost::asio::ip::tcp>::AcceptedConnectionImpl(boost::asio::io_context&, boost::asio::ssl::context&, bool) /workspaces/INSN/src/rpcserver.cpp:417
    #7 0x5c43df8fa39a in RPCListen<boost::asio::ip::tcp> /workspaces/INSN/src/rpcserver.cpp:465
    #8 0x5c43df90b940 in RPCAcceptHandler<boost::asio::ip::tcp> /workspaces/INSN/src/rpcserver.cpp:491
    #9 0x5c43df9684fb in void boost::_bi::list5<boost::_bi::value<boost::shared_ptr<boost::asio::basic_socket_acceptor<boost::asio::ip::tcp, boost::asio::any_io_executor> > >, boost::reference_wrapper<boost::asio::ssl::context>, boost::_bi::value<bool>, boost::_bi::value<AcceptedConnectionImpl<boost::asio::ip::tcp>*>, boost::arg<1> (*)()>::operator()<void (*)(boost::shared_ptr<boost::asio::basic_socket_acceptor<boost::asio::ip::tcp, boost::asio::any_io_executor> >, boost::asio::ssl::context&, bool, AcceptedConnection*, boost::system::error_code const&), boost::_bi::rrlist1<boost::system::error_code const&> >(boost::_bi::type<void>, void (*&)(boost::shared_ptr<boost::asio::basic_socket_acceptor<boost::asio::ip::tcp, boost::asio::any_io_executor> >, boost::asio::ssl::context&, bool, AcceptedConnection*, boost::system::error_code const&), boost::_bi::rrlist1<boost::system::error_code const&>&, int) /usr/include/boost/bind/bind.hpp:511
    #10 0x5c43df9684fb in void boost::_bi::bind_t<void, void (*)(boost::shared_ptr<boost::asio::basic_socket_acceptor<boost::asio::ip::tcp, boost::asio::any_io_executor> >, boost::asio::ssl::context&, bool, AcceptedConnection*, boost::system::error_code const&), boost::_bi::list5<boost::_bi::value<boost::shared_ptr<boost::asio::basic_socket_acceptor<boost::asio::ip::tcp, boost::asio::any_io_executor> > >, boost::reference_wrapper<boost::asio::ssl::context>, boost::_bi::value<bool>, boost::_bi::value<AcceptedConnectionImpl<boost::asio::ip::tcp>*>, boost::arg<1> (*)()> >::operator()<boost::system::error_code const&>(boost::system::error_code const&) /usr/include/boost/bind/bind.hpp:1286
    #11 0x5c43df9684fb in boost::asio::detail::binder1<boost::_bi::bind_t<void, void (*)(boost::shared_ptr<boost::asio::basic_socket_acceptor<boost::asio::ip::tcp, boost::asio::any_io_executor> >, boost::asio::ssl::context&, bool, AcceptedConnection*, boost::system::error_code const&), boost::_bi::list5<boost::_bi::value<boost::shared_ptr<boost::asio::basic_socket_acceptor<boost::asio::ip::tcp, boost::asio::any_io_executor> > >, boost::reference_wrapper<boost::asio::ssl::context>, boost::_bi::value<bool>, boost::_bi::value<AcceptedConnectionImpl<boost::asio::ip::tcp>*>, boost::arg<1> (*)()> >, boost::system::error_code>::operator()() /usr/include/boost/asio/detail/bind_handler.hpp:171
    #12 0x5c43df9684fb in void boost::asio::asio_handler_invoke<boost::asio::detail::binder1<boost::_bi::bind_t<void, void (*)(boost::shared_ptr<boost::asio::basic_socket_acceptor<boost::asio::ip::tcp, boost::asio::any_io_executor> >, boost::asio::ssl::context&, bool, AcceptedConnection*, boost::system::error_code const&), boost::_bi::list5<boost::_bi::value<boost::shared_ptr<boost::asio::basic_socket_acceptor<boost::asio::ip::tcp, boost::asio::any_io_executor> > >, boost::reference_wrapper<boost::asio::ssl::context>, boost::_bi::value<bool>, boost::_bi::value<AcceptedConnectionImpl<boost::asio::ip::tcp>*>, boost::arg<1> (*)()> >, boost::system::error_code> >(boost::asio::detail::binder1<boost::_bi::bind_t<void, void (*)(boost::shared_ptr<boost::asio::basic_socket_acceptor<boost::asio::ip::tcp, boost::asio::any_io_executor> >, boost::asio::ssl::context&, bool, AcceptedConnection*, boost::system::error_code const&), boost::_bi::list5<boost::_bi::value<boost::shared_ptr<boost::asio::basic_socket_acceptor<boost::asio::ip::tcp, boost::asio::any_io_executor> > >, boost::reference_wrapper<boost::asio::ssl::context>, boost::_bi::value<bool>, boost::_bi::value<AcceptedConnectionImpl<boost::asio::ip::tcp>*>, boost::arg<1> (*)()> >, boost::system::error_code>&, ...) /usr/include/boost/asio/handler_invoke_hook.hpp:88
    #13 0x5c43df9684fb in void boost_asio_handler_invoke_helpers::invoke<boost::asio::detail::binder1<boost::_bi::bind_t<void, void (*)(boost::shared_ptr<boost::asio::basic_socket_acceptor<boost::asio::ip::tcp, boost::asio::any_io_executor> >, boost::asio::ssl::context&, bool, AcceptedConnection*, boost::system::error_code const&), boost::_bi::list5<boost::_bi::value<boost::shared_ptr<boost::asio::basic_socket_acceptor<boost::asio::ip::tcp, boost::asio::any_io_executor> > >, boost::reference_wrapper<boost::asio::ssl::context>, boost::_bi::value<bool>, boost::_bi::value<AcceptedConnectionImpl<boost::asio::ip::tcp>*>, boost::arg<1> (*)()> >, boost::system::error_code>, boost::_bi::bind_t<void, void (*)(boost::shared_ptr<boost::asio::basic_socket_acceptor<boost::asio::ip::tcp, boost::asio::any_io_executor> >, boost::asio::ssl::context&, bool, AcceptedConnection*, boost::system::error_code const&), boost::_bi::list5<boost::_bi::value<boost::shared_ptr<boost::asio::basic_socket_acceptor<boost::asio::ip::tcp, boost::asio::any_io_executor> > >, boost::reference_wrapper<boost::asio::ssl::context>, boost::_bi::value<bool>, boost::_bi::value<AcceptedConnectionImpl<boost::asio::ip::tcp>*>, boost::arg<1> (*)()> > >(boost::asio::detail::binder1<boost::_bi::bind_t<void, void (*)(boost::shared_ptr<boost::asio::basic_socket_acceptor<boost::asio::ip::tcp, boost::asio::any_io_executor> >, boost::asio::ssl::context&, bool, AcceptedConnection*, boost::system::error_code const&), boost::_bi::list5<boost::_bi::value<boost::shared_ptr<boost::asio::basic_socket_acceptor<boost::asio::ip::tcp, boost::asio::any_io_executor> > >, boost::reference_wrapper<boost::asio::ssl::context>, boost::_bi::value<bool>, boost::_bi::value<AcceptedConnectionImpl<boost::asio::ip::tcp>*>, boost::arg<1> (*)()> >, boost::system::error_code>&, boost::_bi::bind_t<void, void (*)(boost::shared_ptr<boost::asio::basic_socket_acceptor<boost::asio::ip::tcp, boost::asio::any_io_executor> >, boost::asio::ssl::context&, bool, AcceptedConnection*, boost::system::error_code const&), boost::_bi::list5<boost::_bi::value<boost::shared_ptr<boost::asio::basic_socket_acceptor<boost::asio::ip::tcp, boost::asio::any_io_executor> > >, boost::reference_wrapper<boost::asio::ssl::context>, boost::_bi::value<bool>, boost::_bi::value<AcceptedConnectionImpl<boost::asio::ip::tcp>*>, boost::arg<1> (*)()> >&) /usr/include/boost/asio/detail/handler_invoke_helpers.hpp:54
    #14 0x5c43df9684fb in void boost::asio::detail::handler_work<boost::_bi::bind_t<void, void (*)(boost::shared_ptr<boost::asio::basic_socket_acceptor<boost::asio::ip::tcp, boost::asio::any_io_executor> >, boost::asio::ssl::context&, bool, AcceptedConnection*, boost::system::error_code const&), boost::_bi::list5<boost::_bi::value<boost::shared_ptr<boost::asio::basic_socket_acceptor<boost::asio::ip::tcp, boost::asio::any_io_executor> > >, boost::reference_wrapper<boost::asio::ssl::context>, boost::_bi::value<bool>, boost::_bi::value<AcceptedConnectionImpl<boost::asio::ip::tcp>*>, boost::arg<1> (*)()> >, boost::asio::any_io_executor, void>::complete<boost::asio::detail::binder1<boost::_bi::bind_t<void, void (*)(boost::shared_ptr<boost::asio::basic_socket_acceptor<boost::asio::ip::tcp, boost::asio::any_io_executor> >, boost::asio::ssl::context&, bool, AcceptedConnection*, boost::system::error_code const&), boost::_bi::list5<boost::_bi::value<boost::shared_ptr<boost::asio::basic_socket_acceptor<boost::asio::ip::tcp, boost::asio::any_io_executor> > >, boost::reference_wrapper<boost::asio::ssl::context>, boost::_bi::value<bool>, boost::_bi::value<AcceptedConnectionImpl<boost::asio::ip::tcp>*>, boost::arg<1> (*)()> >, boost::system::error_code> >(boost::asio::detail::binder1<boost::_bi::bind_t<void, void (*)(boost::shared_ptr<boost::asio::basic_socket_acceptor<boost::asio::ip::tcp, boost::asio::any_io_executor> >, boost::asio::ssl::context&, bool, AcceptedConnection*, boost::system::error_code const&), boost::_bi::list5<boost::_bi::value<boost::shared_ptr<boost::asio::basic_socket_acceptor<boost::asio::ip::tcp, boost::asio::any_io_executor> > >, boost::reference_wrapper<boost::asio::ssl::context>, boost::_bi::value<bool>, boost::_bi::value<AcceptedConnectionImpl<boost::asio::ip::tcp>*>, boost::arg<1> (*)()> >, boost::system::error_code>&, boost::_bi::bind_t<void, void (*)(boost::shared_ptr<boost::asio::basic_socket_acceptor<boost::asio::ip::tcp, boost::asio::any_io_executor> >, boost::asio::ssl::context&, bool, AcceptedConnection*, boost::system::error_code const&), boost::_bi::list5<boost::_bi::value<boost::shared_ptr<boost::asio::basic_socket_acceptor<boost::asio::ip::tcp, boost::asio::any_io_executor> > >, boost::reference_wrapper<boost::asio::ssl::context>, boost::_bi::value<bool>, boost::_bi::value<AcceptedConnectionImpl<boost::asio::ip::tcp>*>, boost::arg<1> (*)()> >&) /usr/include/boost/asio/detail/handler_work.hpp:524
    #15 0x5c43df9684fb in boost::asio::detail::reactive_socket_accept_op<boost::asio::basic_socket<boost::asio::ip::tcp, boost::asio::any_io_executor>, boost::asio::ip::tcp, boost::_bi::bind_t<void, void (*)(boost::shared_ptr<boost::asio::basic_socket_acceptor<boost::asio::ip::tcp, boost::asio::any_io_executor> >, boost::asio::ssl::context&, bool, AcceptedConnection*, boost::system::error_code const&), boost::_bi::list5<boost::_bi::value<boost::shared_ptr<boost::asio::basic_socket_acceptor<boost::asio::ip::tcp, boost::asio::any_io_executor> > >, boost::reference_wrapper<boost::asio::ssl::context>, boost::_bi::value<bool>, boost::_bi::value<AcceptedConnectionImpl<boost::asio::ip::tcp>*>, boost::arg<1> (*)()> >, boost::asio::any_io_executor>::do_complete(void*, boost::asio::detail::scheduler_operation*, boost::system::error_code const&, unsigned long) /usr/include/boost/asio/detail/reactive_socket_accept_op.hpp:155
    #16 0x5c43df7ce7c3 in boost::asio::detail::scheduler_operation::complete(void*, boost::system::error_code const&, unsigned long) /usr/include/boost/asio/detail/scheduler_operation.hpp:40
    #17 0x5c43df7ce7c3 in boost::asio::detail::epoll_reactor::descriptor_state::do_complete(void*, boost::asio::detail::scheduler_operation*, boost::system::error_code const&, unsigned long) /usr/include/boost/asio/detail/impl/epoll_reactor.ipp:815
    #18 0x5c43df7c8e7f in boost::asio::detail::scheduler::do_run_one(boost::asio::detail::conditionally_enabled_mutex::scoped_lock&, boost::asio::detail::scheduler_thread_info&, boost::system::error_code const&) (/workspaces/INSN/src/INSaNed+0x5c55e7f) (BuildId: ebe454c866988f44aa6059bd878123a717c12eb9)
    #19 0x5c43df7ca9be in boost::asio::detail::scheduler::run(boost::system::error_code&) /usr/include/boost/asio/detail/impl/scheduler.ipp:210
    #20 0x5c43df928686 in boost::asio::io_context::run() /usr/include/boost/asio/impl/io_context.ipp:64
    #21 0x5c43df9156e9 in boost::_mfi::mf0<unsigned long, boost::asio::io_context>::operator()(boost::asio::io_context*) const /usr/include/boost/bind/mem_fn_template.hpp:49
    #22 0x5c43df9156e9 in unsigned long boost::_bi::list1<boost::_bi::value<boost::asio::io_context*> >::operator()<unsigned long, boost::_mfi::mf0<unsigned long, boost::asio::io_context>, boost::_bi::list0>(boost::_bi::type<unsigned long>, boost::_mfi::mf0<unsigned long, boost::asio::io_context>&, boost::_bi::list0&, long) /usr/include/boost/bind/bind.hpp:229
    #23 0x5c43df9156e9 in boost::_bi::bind_t<unsigned long, boost::_mfi::mf0<unsigned long, boost::asio::io_context>, boost::_bi::list1<boost::_bi::value<boost::asio::io_context*> > >::operator()() /usr/include/boost/bind/bind.hpp:1274
    #24 0x5c43df9156e9 in boost::detail::thread_data<boost::_bi::bind_t<unsigned long, boost::_mfi::mf0<unsigned long, boost::asio::io_context>, boost::_bi::list1<boost::_bi::value<boost::asio::io_context*> > > >::run() /usr/include/boost/thread/detail/thread.hpp:120
    #25 0x7d1a09a6e99e  (/lib/x86_64-linux-gnu/libboost_thread.so.1.83.0+0x1699e) (BuildId: cdf2ab5aa23cece03cad83b104e3376e2e8edecb)
    #26 0x7d1a09b41a41 in asan_thread_start ../../../../src/libsanitizer/asan/asan_interceptors.cpp:234
    #27 0x7d1a086e5aa3 in start_thread nptl/pthread_create.c:447

Indirect leak of 7608 byte(s) in 1 object(s) allocated from:
    #0 0x7d1a09be09c7 in malloc ../../../../src/libsanitizer/asan/asan_malloc_linux.cpp:69
    #1 0x7d1a094577c4 in CRYPTO_zalloc (/lib/x86_64-linux-gnu/libcrypto.so.3+0x2237c4) (BuildId: 0698e1ff610cb3c6993dccbd82c1281b1b4c5ade)
    #2 0x7d1a09807d20 in SSL_new (/lib/x86_64-linux-gnu/libssl.so.3+0x3cd20) (BuildId: 5f3b12d47114f9fbdc7765266cd0bb8f1b5ee8fc)
    #3 0x5c43df7eb79f in boost::asio::ssl::detail::engine::engine(ssl_ctx_st*) (/workspaces/INSN/src/INSaNed+0x5c7879f) (BuildId: ebe454c866988f44aa6059bd878123a717c12eb9)
    #4 0x5c43df8119a8 in boost::asio::ssl::detail::stream_core::stream_core<boost::asio::any_io_executor>(ssl_ctx_st*, boost::asio::any_io_executor const&) /usr/include/boost/asio/ssl/detail/stream_core.hpp:43
    #5 0x5c43df8fa39a in boost::asio::ssl::stream<boost::asio::basic_stream_socket<boost::asio::ip::tcp, boost::asio::any_io_executor> >::stream<boost::asio::io_context&>(boost::asio::io_context&, boost::asio::ssl::context&) /usr/include/boost/asio/ssl/stream.hpp:108
    #6 0x5c43df8fa39a in AcceptedConnectionImpl<boost::asio::ip::tcp>::AcceptedConnectionImpl(boost::asio::io_context&, boost::asio::ssl::context&, bool) /workspaces/INSN/src/rpcserver.cpp:417
    #7 0x5c43df8fa39a in RPCListen<boost::asio::ip::tcp> /workspaces/INSN/src/rpcserver.cpp:465
    #8 0x5c43df9036ee in StartRPCThreads() /workspaces/INSN/src/rpcserver.cpp:594
    #9 0x5c43df11ac7c in AppInit2(boost::thread_group&) /workspaces/INSN/src/init.cpp:1124
    #10 0x5c43df27e953 in AppInit(int, char**) /workspaces/INSN/src/bitcoind.cpp:106
    #11 0x5c43df27f1b9 in main /workspaces/INSN/src/bitcoind.cpp:136
    #12 0x7d1a086731c9 in __libc_start_call_main ../sysdeps/nptl/libc_start_call_main.h:58
    #13 0x7d1a0867328a in __libc_start_main_impl ../csu/libc-start.c:360
    #14 0x5c43deef8834 in _start (/workspaces/INSN/src/INSaNed+0x5385834) (BuildId: ebe454c866988f44aa6059bd878123a717c12eb9)

Indirect leak of 4100 byte(s) in 1 object(s) allocated from:
    #0 0x7d1a09be1548 in operator new(unsigned long) ../../../../src/libsanitizer/asan/asan_new_delete.cpp:95
    #1 0x5c43df816e53 in std::__new_allocator<char>::allocate(unsigned long, void const*) /usr/include/c++/13/bits/new_allocator.h:151
    #2 0x5c43df816e53 in std::allocator_traits<std::allocator<char> >::allocate(std::allocator<char>&, unsigned long) /usr/include/c++/13/bits/alloc_traits.h:482
    #3 0x5c43df816e53 in boost::iostreams::detail::basic_buffer<char, std::allocator<char> >::allocate(long) /usr/include/boost/iostreams/detail/buffer.hpp:161
    #4 0x5c43df816e53 in boost::iostreams::detail::basic_buffer<char, std::allocator<char> >::basic_buffer(long) /usr/include/boost/iostreams/detail/buffer.hpp:168
    #5 0x5c43df817e82 in boost::iostreams::detail::basic_buffer<char, std::allocator<char> >::resize(long) /usr/include/boost/iostreams/detail/buffer.hpp:191
    #6 0x5c43df817e82 in boost::iostreams::detail::indirect_streambuf<SSLIOStreamDevice<boost::asio::ip::tcp>, std::char_traits<char>, std::allocator<char>, boost::iostreams::bidirectional>::open(SSLIOStreamDevice<boost::asio::ip::tcp> const&, long, long) /usr/include/boost/iostreams/detail/streambuf/indirect_streambuf.hpp:173
    #7 0x5c43df8193dc in boost::iostreams::stream_buffer<SSLIOStreamDevice<boost::asio::ip::tcp>, std::char_traits<char>, std::allocator<char>, boost::iostreams::bidirectional>::open_impl(SSLIOStreamDevice<boost::asio::ip::tcp> const&, long, long) /usr/include/boost/iostreams/stream_buffer.hpp:106
    #8 0x5c43df8193dc in boost::iostreams::stream_buffer<SSLIOStreamDevice<boost::asio::ip::tcp>, std::char_traits<char>, std::allocator<char>, boost::iostreams::bidirectional>::open(SSLIOStreamDevice<boost::asio::ip::tcp> const&, long, long) /usr/include/boost/iostreams/stream_buffer.hpp:94
    #9 0x5c43df8193dc in boost::iostreams::stream<SSLIOStreamDevice<boost::asio::ip::tcp>, std::char_traits<char>, std::allocator<char> >::open_impl(SSLIOStreamDevice<boost::asio::ip::tcp> const&, long, long) /usr/include/boost/iostreams/stream.hpp:159
    #10 0x5c43df96058a in boost::iostreams::stream<SSLIOStreamDevice<boost::asio::ip::tcp>, std::char_traits<char>, std::allocator<char> >::stream(SSLIOStreamDevice<boost::asio::ip::tcp>&, long, long) /usr/include/boost/iostreams/stream.hpp:144
    #11 0x5c43df8fa719 in AcceptedConnectionImpl<boost::asio::ip::tcp>::AcceptedConnectionImpl(boost::asio::io_context&, boost::asio::ssl::context&, bool) /workspaces/INSN/src/rpcserver.cpp:419
    #12 0x5c43df8fa719 in RPCListen<boost::asio::ip::tcp> /workspaces/INSN/src/rpcserver.cpp:465
    #13 0x5c43df9036ee in StartRPCThreads() /workspaces/INSN/src/rpcserver.cpp:594
    #14 0x5c43df11ac7c in AppInit2(boost::thread_group&) /workspaces/INSN/src/init.cpp:1124
    #15 0x5c43df27e953 in AppInit(int, char**) /workspaces/INSN/src/bitcoind.cpp:106
    #16 0x5c43df27f1b9 in main /workspaces/INSN/src/bitcoind.cpp:136
    #17 0x7d1a086731c9 in __libc_start_call_main ../sysdeps/nptl/libc_start_call_main.h:58
    #18 0x7d1a0867328a in __libc_start_main_impl ../csu/libc-start.c:360
    #19 0x5c43deef8834 in _start (/workspaces/INSN/src/INSaNed+0x5385834) (BuildId: ebe454c866988f44aa6059bd878123a717c12eb9)

Indirect leak of 4100 byte(s) in 1 object(s) allocated from:
    #0 0x7d1a09be1548 in operator new(unsigned long) ../../../../src/libsanitizer/asan/asan_new_delete.cpp:95
    #1 0x5c43df816e53 in std::__new_allocator<char>::allocate(unsigned long, void const*) /usr/include/c++/13/bits/new_allocator.h:151
    #2 0x5c43df816e53 in std::allocator_traits<std::allocator<char> >::allocate(std::allocator<char>&, unsigned long) /usr/include/c++/13/bits/alloc_traits.h:482
    #3 0x5c43df816e53 in boost::iostreams::detail::basic_buffer<char, std::allocator<char> >::allocate(long) /usr/include/boost/iostreams/detail/buffer.hpp:161
    #4 0x5c43df816e53 in boost::iostreams::detail::basic_buffer<char, std::allocator<char> >::basic_buffer(long) /usr/include/boost/iostreams/detail/buffer.hpp:168
    #5 0x5c43df817e82 in boost::iostreams::detail::basic_buffer<char, std::allocator<char> >::resize(long) /usr/include/boost/iostreams/detail/buffer.hpp:191
    #6 0x5c43df817e82 in boost::iostreams::detail::indirect_streambuf<SSLIOStreamDevice<boost::asio::ip::tcp>, std::char_traits<char>, std::allocator<char>, boost::iostreams::bidirectional>::open(SSLIOStreamDevice<boost::asio::ip::tcp> const&, long, long) /usr/include/boost/iostreams/detail/streambuf/indirect_streambuf.hpp:173
    #7 0x5c43df8193dc in boost::iostreams::stream_buffer<SSLIOStreamDevice<boost::asio::ip::tcp>, std::char_traits<char>, std::allocator<char>, boost::iostreams::bidirectional>::open_impl(SSLIOStreamDevice<boost::asio::ip::tcp> const&, long, long) /usr/include/boost/iostreams/stream_buffer.hpp:106
    #8 0x5c43df8193dc in boost::iostreams::stream_buffer<SSLIOStreamDevice<boost::asio::ip::tcp>, std::char_traits<char>, std::allocator<char>, boost::iostreams::bidirectional>::open(SSLIOStreamDevice<boost::asio::ip::tcp> const&, long, long) /usr/include/boost/iostreams/stream_buffer.hpp:94
    #9 0x5c43df8193dc in boost::iostreams::stream<SSLIOStreamDevice<boost::asio::ip::tcp>, std::char_traits<char>, std::allocator<char> >::open_impl(SSLIOStreamDevice<boost::asio::ip::tcp> const&, long, long) /usr/include/boost/iostreams/stream.hpp:159
    #10 0x5c43df96058a in boost::iostreams::stream<SSLIOStreamDevice<boost::asio::ip::tcp>, std::char_traits<char>, std::allocator<char> >::stream(SSLIOStreamDevice<boost::asio::ip::tcp>&, long, long) /usr/include/boost/iostreams/stream.hpp:144
    #11 0x5c43df8fa719 in AcceptedConnectionImpl<boost::asio::ip::tcp>::AcceptedConnectionImpl(boost::asio::io_context&, boost::asio::ssl::context&, bool) /workspaces/INSN/src/rpcserver.cpp:419
    #12 0x5c43df8fa719 in RPCListen<boost::asio::ip::tcp> /workspaces/INSN/src/rpcserver.cpp:465
    #13 0x5c43df90b940 in RPCAcceptHandler<boost::asio::ip::tcp> /workspaces/INSN/src/rpcserver.cpp:491
    #14 0x5c43df9684fb in void boost::_bi::list5<boost::_bi::value<boost::shared_ptr<boost::asio::basic_socket_acceptor<boost::asio::ip::tcp, boost::asio::any_io_executor> > >, boost::reference_wrapper<boost::asio::ssl::context>, boost::_bi::value<bool>, boost::_bi::value<AcceptedConnectionImpl<boost::asio::ip::tcp>*>, boost::arg<1> (*)()>::operator()<void (*)(boost::shared_ptr<boost::asio::basic_socket_acceptor<boost::asio::ip::tcp, boost::asio::any_io_executor> >, boost::asio::ssl::context&, bool, AcceptedConnection*, boost::system::error_code const&), boost::_bi::rrlist1<boost::system::error_code const&> >(boost::_bi::type<void>, void (*&)(boost::shared_ptr<boost::asio::basic_socket_acceptor<boost::asio::ip::tcp, boost::asio::any_io_executor> >, boost::asio::ssl::context&, bool, AcceptedConnection*, boost::system::error_code const&), boost::_bi::rrlist1<boost::system::error_code const&>&, int) /usr/include/boost/bind/bind.hpp:511
    #15 0x5c43df9684fb in void boost::_bi::bind_t<void, void (*)(boost::shared_ptr<boost::asio::basic_socket_acceptor<boost::asio::ip::tcp, boost::asio::any_io_executor> >, boost::asio::ssl::context&, bool, AcceptedConnection*, boost::system::error_code const&), boost::_bi::list5<boost::_bi::value<boost::shared_ptr<boost::asio::basic_socket_acceptor<boost::asio::ip::tcp, boost::asio::any_io_executor> > >, boost::reference_wrapper<boost::asio::ssl::context>, boost::_bi::value<bool>, boost::_bi::value<AcceptedConnectionImpl<boost::asio::ip::tcp>*>, boost::arg<1> (*)()> >::operator()<boost::system::error_code const&>(boost::system::error_code const&) /usr/include/boost/bind/bind.hpp:1286
    #16 0x5c43df9684fb in boost::asio::detail::binder1<boost::_bi::bind_t<void, void (*)(boost::shared_ptr<boost::asio::basic_socket_acceptor<boost::asio::ip::tcp, boost::asio::any_io_executor> >, boost::asio::ssl::context&, bool, AcceptedConnection*, boost::system::error_code const&), boost::_bi::list5<boost::_bi::value<boost::shared_ptr<boost::asio::basic_socket_acceptor<boost::asio::ip::tcp, boost::asio::any_io_executor> > >, boost::reference_wrapper<boost::asio::ssl::context>, boost::_bi::value<bool>, boost::_bi::value<AcceptedConnectionImpl<boost::asio::ip::tcp>*>, boost::arg<1> (*)()> >, boost::system::error_code>::operator()() /usr/include/boost/asio/detail/bind_handler.hpp:171
    #17 0x5c43df9684fb in void boost::asio::asio_handler_invoke<boost::asio::detail::binder1<boost::_bi::bind_t<void, void (*)(boost::shared_ptr<boost::asio::basic_socket_acceptor<boost::asio::ip::tcp, boost::asio::any_io_executor> >, boost::asio::ssl::context&, bool, AcceptedConnection*, boost::system::error_code const&), boost::_bi::list5<boost::_bi::value<boost::shared_ptr<boost::asio::basic_socket_acceptor<boost::asio::ip::tcp, boost::asio::any_io_executor> > >, boost::reference_wrapper<boost::asio::ssl::context>, boost::_bi::value<bool>, boost::_bi::value<AcceptedConnectionImpl<boost::asio::ip::tcp>*>, boost::arg<1> (*)()> >, boost::system::error_code> >(boost::asio::detail::binder1<boost::_bi::bind_t<void, void (*)(boost::shared_ptr<boost::asio::basic_socket_acceptor<boost::asio::ip::tcp, boost::asio::any_io_executor> >, boost::asio::ssl::context&, bool, AcceptedConnection*, boost::system::error_code const&), boost::_bi::list5<boost::_bi::value<boost::shared_ptr<boost::asio::basic_socket_acceptor<boost::asio::ip::tcp, boost::asio::any_io_executor> > >, boost::reference_wrapper<boost::asio::ssl::context>, boost::_bi::value<bool>, boost::_bi::value<AcceptedConnectionImpl<boost::asio::ip::tcp>*>, boost::arg<1> (*)()> >, boost::system::error_code>&, ...) /usr/include/boost/asio/handler_invoke_hook.hpp:88
    #18 0x5c43df9684fb in void boost_asio_handler_invoke_helpers::invoke<boost::asio::detail::binder1<boost::_bi::bind_t<void, void (*)(boost::shared_ptr<boost::asio::basic_socket_acceptor<boost::asio::ip::tcp, boost::asio::any_io_executor> >, boost::asio::ssl::context&, bool, AcceptedConnection*, boost::system::error_code const&), boost::_bi::list5<boost::_bi::value<boost::shared_ptr<boost::asio::basic_socket_acceptor<boost::asio::ip::tcp, boost::asio::any_io_executor> > >, boost::reference_wrapper<boost::asio::ssl::context>, boost::_bi::value<bool>, boost::_bi::value<AcceptedConnectionImpl<boost::asio::ip::tcp>*>, boost::arg<1> (*)()> >, boost::system::error_code>, boost::_bi::bind_t<void, void (*)(boost::shared_ptr<boost::asio::basic_socket_acceptor<boost::asio::ip::tcp, boost::asio::any_io_executor> >, boost::asio::ssl::context&, bool, AcceptedConnection*, boost::system::error_code const&), boost::_bi::list5<boost::_bi::value<boost::shared_ptr<boost::asio::basic_socket_acceptor<boost::asio::ip::tcp, boost::asio::any_io_executor> > >, boost::reference_wrapper<boost::asio::ssl::context>, boost::_bi::value<bool>, boost::_bi::value<AcceptedConnectionImpl<boost::asio::ip::tcp>*>, boost::arg<1> (*)()> > >(boost::asio::detail::binder1<boost::_bi::bind_t<void, void (*)(boost::shared_ptr<boost::asio::basic_socket_acceptor<boost::asio::ip::tcp, boost::asio::any_io_executor> >, boost::asio::ssl::context&, bool, AcceptedConnection*, boost::system::error_code const&), boost::_bi::list5<boost::_bi::value<boost::shared_ptr<boost::asio::basic_socket_acceptor<boost::asio::ip::tcp, boost::asio::any_io_executor> > >, boost::reference_wrapper<boost::asio::ssl::context>, boost::_bi::value<bool>, boost::_bi::value<AcceptedConnectionImpl<boost::asio::ip::tcp>*>, boost::arg<1> (*)()> >, boost::system::error_code>&, boost::_bi::bind_t<void, void (*)(boost::shared_ptr<boost::asio::basic_socket_acceptor<boost::asio::ip::tcp, boost::asio::any_io_executor> >, boost::asio::ssl::context&, bool, AcceptedConnection*, boost::system::error_code const&), boost::_bi::list5<boost::_bi::value<boost::shared_ptr<boost::asio::basic_socket_acceptor<boost::asio::ip::tcp, boost::asio::any_io_executor> > >, boost::reference_wrapper<boost::asio::ssl::context>, boost::_bi::value<bool>, boost::_bi::value<AcceptedConnectionImpl<boost::asio::ip::tcp>*>, boost::arg<1> (*)()> >&) /usr/include/boost/asio/detail/handler_invoke_helpers.hpp:54
    #19 0x5c43df9684fb in void boost::asio::detail::handler_work<boost::_bi::bind_t<void, void (*)(boost::shared_ptr<boost::asio::basic_socket_acceptor<boost::asio::ip::tcp, boost::asio::any_io_executor> >, boost::asio::ssl::context&, bool, AcceptedConnection*, boost::system::error_code const&), boost::_bi::list5<boost::_bi::value<boost::shared_ptr<boost::asio::basic_socket_acceptor<boost::asio::ip::tcp, boost::asio::any_io_executor> > >, boost::reference_wrapper<boost::asio::ssl::context>, boost::_bi::value<bool>, boost::_bi::value<AcceptedConnectionImpl<boost::asio::ip::tcp>*>, boost::arg<1> (*)()> >, boost::asio::any_io_executor, void>::complete<boost::asio::detail::binder1<boost::_bi::bind_t<void, void (*)(boost::shared_ptr<boost::asio::basic_socket_acceptor<boost::asio::ip::tcp, boost::asio::any_io_executor> >, boost::asio::ssl::context&, bool, AcceptedConnection*, boost::system::error_code const&), boost::_bi::list5<boost::_bi::value<boost::shared_ptr<boost::asio::basic_socket_acceptor<boost::asio::ip::tcp, boost::asio::any_io_executor> > >, boost::reference_wrapper<boost::asio::ssl::context>, boost::_bi::value<bool>, boost::_bi::value<AcceptedConnectionImpl<boost::asio::ip::tcp>*>, boost::arg<1> (*)()> >, boost::system::error_code> >(boost::asio::detail::binder1<boost::_bi::bind_t<void, void (*)(boost::shared_ptr<boost::asio::basic_socket_acceptor<boost::asio::ip::tcp, boost::asio::any_io_executor> >, boost::asio::ssl::context&, bool, AcceptedConnection*, boost::system::error_code const&), boost::_bi::list5<boost::_bi::value<boost::shared_ptr<boost::asio::basic_socket_acceptor<boost::asio::ip::tcp, boost::asio::any_io_executor> > >, boost::reference_wrapper<boost::asio::ssl::context>, boost::_bi::value<bool>, boost::_bi::value<AcceptedConnectionImpl<boost::asio::ip::tcp>*>, boost::arg<1> (*)()> >, boost::system::error_code>&, boost::_bi::bind_t<void, void (*)(boost::shared_ptr<boost::asio::basic_socket_acceptor<boost::asio::ip::tcp, boost::asio::any_io_executor> >, boost::asio::ssl::context&, bool, AcceptedConnection*, boost::system::error_code const&), boost::_bi::list5<boost::_bi::value<boost::shared_ptr<boost::asio::basic_socket_acceptor<boost::asio::ip::tcp, boost::asio::any_io_executor> > >, boost::reference_wrapper<boost::asio::ssl::context>, boost::_bi::value<bool>, boost::_bi::value<AcceptedConnectionImpl<boost::asio::ip::tcp>*>, boost::arg<1> (*)()> >&) /usr/include/boost/asio/detail/handler_work.hpp:524
    #20 0x5c43df9684fb in boost::asio::detail::reactive_socket_accept_op<boost::asio::basic_socket<boost::asio::ip::tcp, boost::asio::any_io_executor>, boost::asio::ip::tcp, boost::_bi::bind_t<void, void (*)(boost::shared_ptr<boost::asio::basic_socket_acceptor<boost::asio::ip::tcp, boost::asio::any_io_executor> >, boost::asio::ssl::context&, bool, AcceptedConnection*, boost::system::error_code const&), boost::_bi::list5<boost::_bi::value<boost::shared_ptr<boost::asio::basic_socket_acceptor<boost::asio::ip::tcp, boost::asio::any_io_executor> > >, boost::reference_wrapper<boost::asio::ssl::context>, boost::_bi::value<bool>, boost::_bi::value<AcceptedConnectionImpl<boost::asio::ip::tcp>*>, boost::arg<1> (*)()> >, boost::asio::any_io_executor>::do_complete(void*, boost::asio::detail::scheduler_operation*, boost::system::error_code const&, unsigned long) /usr/include/boost/asio/detail/reactive_socket_accept_op.hpp:155
    #21 0x5c43df7ce7c3 in boost::asio::detail::scheduler_operation::complete(void*, boost::system::error_code const&, unsigned long) /usr/include/boost/asio/detail/scheduler_operation.hpp:40
    #22 0x5c43df7ce7c3 in boost::asio::detail::epoll_reactor::descriptor_state::do_complete(void*, boost::asio::detail::scheduler_operation*, boost::system::error_code const&, unsigned long) /usr/include/boost/asio/detail/impl/epoll_reactor.ipp:815
    #23 0x5c43df7c8e7f in boost::asio::detail::scheduler::do_run_one(boost::asio::detail::conditionally_enabled_mutex::scoped_lock&, boost::asio::detail::scheduler_thread_info&, boost::system::error_code const&) (/workspaces/INSN/src/INSaNed+0x5c55e7f) (BuildId: ebe454c866988f44aa6059bd878123a717c12eb9)
    #24 0x5c43df7ca9be in boost::asio::detail::scheduler::run(boost::system::error_code&) /usr/include/boost/asio/detail/impl/scheduler.ipp:210
    #25 0x5c43df928686 in boost::asio::io_context::run() /usr/include/boost/asio/impl/io_context.ipp:64
    #26 0x5c43df9156e9 in boost::_mfi::mf0<unsigned long, boost::asio::io_context>::operator()(boost::asio::io_context*) const /usr/include/boost/bind/mem_fn_template.hpp:49
    #27 0x5c43df9156e9 in unsigned long boost::_bi::list1<boost::_bi::value<boost::asio::io_context*> >::operator()<unsigned long, boost::_mfi::mf0<unsigned long, boost::asio::io_context>, boost::_bi::list0>(boost::_bi::type<unsigned long>, boost::_mfi::mf0<unsigned long, boost::asio::io_context>&, boost::_bi::list0&, long) /usr/include/boost/bind/bind.hpp:229
    #28 0x5c43df9156e9 in boost::_bi::bind_t<unsigned long, boost::_mfi::mf0<unsigned long, boost::asio::io_context>, boost::_bi::list1<boost::_bi::value<boost::asio::io_context*> > >::operator()() /usr/include/boost/bind/bind.hpp:1274
    #29 0x5c43df9156e9 in boost::detail::thread_data<boost::_bi::bind_t<unsigned long, boost::_mfi::mf0<unsigned long, boost::asio::io_context>, boost::_bi::list1<boost::_bi::value<boost::asio::io_context*> > > >::run() /usr/include/boost/thread/detail/thread.hpp:120
    #30 0x7d1a09a6e99e  (/lib/x86_64-linux-gnu/libboost_thread.so.1.83.0+0x1699e) (BuildId: cdf2ab5aa23cece03cad83b104e3376e2e8edecb)
    #31 0x7d1a09b41a41 in asan_thread_start ../../../../src/libsanitizer/asan/asan_interceptors.cpp:234
    #32 0x7d1a086e5aa3 in start_thread nptl/pthread_create.c:447

Indirect leak of 4096 byte(s) in 1 object(s) allocated from:
    #0 0x7d1a09be1548 in operator new(unsigned long) ../../../../src/libsanitizer/asan/asan_new_delete.cpp:95
    #1 0x5c43df816e53 in std::__new_allocator<char>::allocate(unsigned long, void const*) /usr/include/c++/13/bits/new_allocator.h:151
    #2 0x5c43df816e53 in std::allocator_traits<std::allocator<char> >::allocate(std::allocator<char>&, unsigned long) /usr/include/c++/13/bits/alloc_traits.h:482
    #3 0x5c43df816e53 in boost::iostreams::detail::basic_buffer<char, std::allocator<char> >::allocate(long) /usr/include/boost/iostreams/detail/buffer.hpp:161
    #4 0x5c43df816e53 in boost::iostreams::detail::basic_buffer<char, std::allocator<char> >::basic_buffer(long) /usr/include/boost/iostreams/detail/buffer.hpp:168
    #5 0x5c43df81833f in boost::iostreams::detail::basic_buffer<char, std::allocator<char> >::resize(long) /usr/include/boost/iostreams/detail/buffer.hpp:191
    #6 0x5c43df81833f in boost::iostreams::detail::indirect_streambuf<SSLIOStreamDevice<boost::asio::ip::tcp>, std::char_traits<char>, std::allocator<char>, boost::iostreams::bidirectional>::open(SSLIOStreamDevice<boost::asio::ip::tcp> const&, long, long) /usr/include/boost/iostreams/detail/streambuf/indirect_streambuf.hpp:181
    #7 0x5c43df8193dc in boost::iostreams::stream_buffer<SSLIOStreamDevice<boost::asio::ip::tcp>, std::char_traits<char>, std::allocator<char>, boost::iostreams::bidirectional>::open_impl(SSLIOStreamDevice<boost::asio::ip::tcp> const&, long, long) /usr/include/boost/iostreams/stream_buffer.hpp:106
    #8 0x5c43df8193dc in boost::iostreams::stream_buffer<SSLIOStreamDevice<boost::asio::ip::tcp>, std::char_traits<char>, std::allocator<char>, boost::iostreams::bidirectional>::open(SSLIOStreamDevice<boost::asio::ip::tcp> const&, long, long) /usr/include/boost/iostreams/stream_buffer.hpp:94
    #9 0x5c43df8193dc in boost::iostreams::stream<SSLIOStreamDevice<boost::asio::ip::tcp>, std::char_traits<char>, std::allocator<char> >::open_impl(SSLIOStreamDevice<boost::asio::ip::tcp> const&, long, long) /usr/include/boost/iostreams/stream.hpp:159
    #10 0x5c43df96058a in boost::iostreams::stream<SSLIOStreamDevice<boost::asio::ip::tcp>, std::char_traits<char>, std::allocator<char> >::stream(SSLIOStreamDevice<boost::asio::ip::tcp>&, long, long) /usr/include/boost/iostreams/stream.hpp:144
    #11 0x5c43df8fa719 in AcceptedConnectionImpl<boost::asio::ip::tcp>::AcceptedConnectionImpl(boost::asio::io_context&, boost::asio::ssl::context&, bool) /workspaces/INSN/src/rpcserver.cpp:419
    #12 0x5c43df8fa719 in RPCListen<boost::asio::ip::tcp> /workspaces/INSN/src/rpcserver.cpp:465
    #13 0x5c43df90b940 in RPCAcceptHandler<boost::asio::ip::tcp> /workspaces/INSN/src/rpcserver.cpp:491
    #14 0x5c43df9684fb in void boost::_bi::list5<boost::_bi::value<boost::shared_ptr<boost::asio::basic_socket_acceptor<boost::asio::ip::tcp, boost::asio::any_io_executor> > >, boost::reference_wrapper<boost::asio::ssl::context>, boost::_bi::value<bool>, boost::_bi::value<AcceptedConnectionImpl<boost::asio::ip::tcp>*>, boost::arg<1> (*)()>::operator()<void (*)(boost::shared_ptr<boost::asio::basic_socket_acceptor<boost::asio::ip::tcp, boost::asio::any_io_executor> >, boost::asio::ssl::context&, bool, AcceptedConnection*, boost::system::error_code const&), boost::_bi::rrlist1<boost::system::error_code const&> >(boost::_bi::type<void>, void (*&)(boost::shared_ptr<boost::asio::basic_socket_acceptor<boost::asio::ip::tcp, boost::asio::any_io_executor> >, boost::asio::ssl::context&, bool, AcceptedConnection*, boost::system::error_code const&), boost::_bi::rrlist1<boost::system::error_code const&>&, int) /usr/include/boost/bind/bind.hpp:511
    #15 0x5c43df9684fb in void boost::_bi::bind_t<void, void (*)(boost::shared_ptr<boost::asio::basic_socket_acceptor<boost::asio::ip::tcp, boost::asio::any_io_executor> >, boost::asio::ssl::context&, bool, AcceptedConnection*, boost::system::error_code const&), boost::_bi::list5<boost::_bi::value<boost::shared_ptr<boost::asio::basic_socket_acceptor<boost::asio::ip::tcp, boost::asio::any_io_executor> > >, boost::reference_wrapper<boost::asio::ssl::context>, boost::_bi::value<bool>, boost::_bi::value<AcceptedConnectionImpl<boost::asio::ip::tcp>*>, boost::arg<1> (*)()> >::operator()<boost::system::error_code const&>(boost::system::error_code const&) /usr/include/boost/bind/bind.hpp:1286
    #16 0x5c43df9684fb in boost::asio::detail::binder1<boost::_bi::bind_t<void, void (*)(boost::shared_ptr<boost::asio::basic_socket_acceptor<boost::asio::ip::tcp, boost::asio::any_io_executor> >, boost::asio::ssl::context&, bool, AcceptedConnection*, boost::system::error_code const&), boost::_bi::list5<boost::_bi::value<boost::shared_ptr<boost::asio::basic_socket_acceptor<boost::asio::ip::tcp, boost::asio::any_io_executor> > >, boost::reference_wrapper<boost::asio::ssl::context>, boost::_bi::value<bool>, boost::_bi::value<AcceptedConnectionImpl<boost::asio::ip::tcp>*>, boost::arg<1> (*)()> >, boost::system::error_code>::operator()() /usr/include/boost/asio/detail/bind_handler.hpp:171
    #17 0x5c43df9684fb in void boost::asio::asio_handler_invoke<boost::asio::detail::binder1<boost::_bi::bind_t<void, void (*)(boost::shared_ptr<boost::asio::basic_socket_acceptor<boost::asio::ip::tcp, boost::asio::any_io_executor> >, boost::asio::ssl::context&, bool, AcceptedConnection*, boost::system::error_code const&), boost::_bi::list5<boost::_bi::value<boost::shared_ptr<boost::asio::basic_socket_acceptor<boost::asio::ip::tcp, boost::asio::any_io_executor> > >, boost::reference_wrapper<boost::asio::ssl::context>, boost::_bi::value<bool>, boost::_bi::value<AcceptedConnectionImpl<boost::asio::ip::tcp>*>, boost::arg<1> (*)()> >, boost::system::error_code> >(boost::asio::detail::binder1<boost::_bi::bind_t<void, void (*)(boost::shared_ptr<boost::asio::basic_socket_acceptor<boost::asio::ip::tcp, boost::asio::any_io_executor> >, boost::asio::ssl::context&, bool, AcceptedConnection*, boost::system::error_code const&), boost::_bi::list5<boost::_bi::value<boost::shared_ptr<boost::asio::basic_socket_acceptor<boost::asio::ip::tcp, boost::asio::any_io_executor> > >, boost::reference_wrapper<boost::asio::ssl::context>, boost::_bi::value<bool>, boost::_bi::value<AcceptedConnectionImpl<boost::asio::ip::tcp>*>, boost::arg<1> (*)()> >, boost::system::error_code>&, ...) /usr/include/boost/asio/handler_invoke_hook.hpp:88
    #18 0x5c43df9684fb in void boost_asio_handler_invoke_helpers::invoke<boost::asio::detail::binder1<boost::_bi::bind_t<void, void (*)(boost::shared_ptr<boost::asio::basic_socket_acceptor<boost::asio::ip::tcp, boost::asio::any_io_executor> >, boost::asio::ssl::context&, bool, AcceptedConnection*, boost::system::error_code const&), boost::_bi::list5<boost::_bi::value<boost::shared_ptr<boost::asio::basic_socket_acceptor<boost::asio::ip::tcp, boost::asio::any_io_executor> > >, boost::reference_wrapper<boost::asio::ssl::context>, boost::_bi::value<bool>, boost::_bi::value<AcceptedConnectionImpl<boost::asio::ip::tcp>*>, boost::arg<1> (*)()> >, boost::system::error_code>, boost::_bi::bind_t<void, void (*)(boost::shared_ptr<boost::asio::basic_socket_acceptor<boost::asio::ip::tcp, boost::asio::any_io_executor> >, boost::asio::ssl::context&, bool, AcceptedConnection*, boost::system::error_code const&), boost::_bi::list5<boost::_bi::value<boost::shared_ptr<boost::asio::basic_socket_acceptor<boost::asio::ip::tcp, boost::asio::any_io_executor> > >, boost::reference_wrapper<boost::asio::ssl::context>, boost::_bi::value<bool>, boost::_bi::value<AcceptedConnectionImpl<boost::asio::ip::tcp>*>, boost::arg<1> (*)()> > >(boost::asio::detail::binder1<boost::_bi::bind_t<void, void (*)(boost::shared_ptr<boost::asio::basic_socket_acceptor<boost::asio::ip::tcp, boost::asio::any_io_executor> >, boost::asio::ssl::context&, bool, AcceptedConnection*, boost::system::error_code const&), boost::_bi::list5<boost::_bi::value<boost::shared_ptr<boost::asio::basic_socket_acceptor<boost::asio::ip::tcp, boost::asio::any_io_executor> > >, boost::reference_wrapper<boost::asio::ssl::context>, boost::_bi::value<bool>, boost::_bi::value<AcceptedConnectionImpl<boost::asio::ip::tcp>*>, boost::arg<1> (*)()> >, boost::system::error_code>&, boost::_bi::bind_t<void, void (*)(boost::shared_ptr<boost::asio::basic_socket_acceptor<boost::asio::ip::tcp, boost::asio::any_io_executor> >, boost::asio::ssl::context&, bool, AcceptedConnection*, boost::system::error_code const&), boost::_bi::list5<boost::_bi::value<boost::shared_ptr<boost::asio::basic_socket_acceptor<boost::asio::ip::tcp, boost::asio::any_io_executor> > >, boost::reference_wrapper<boost::asio::ssl::context>, boost::_bi::value<bool>, boost::_bi::value<AcceptedConnectionImpl<boost::asio::ip::tcp>*>, boost::arg<1> (*)()> >&) /usr/include/boost/asio/detail/handler_invoke_helpers.hpp:54
    #19 0x5c43df9684fb in void boost::asio::detail::handler_work<boost::_bi::bind_t<void, void (*)(boost::shared_ptr<boost::asio::basic_socket_acceptor<boost::asio::ip::tcp, boost::asio::any_io_executor> >, boost::asio::ssl::context&, bool, AcceptedConnection*, boost::system::error_code const&), boost::_bi::list5<boost::_bi::value<boost::shared_ptr<boost::asio::basic_socket_acceptor<boost::asio::ip::tcp, boost::asio::any_io_executor> > >, boost::reference_wrapper<boost::asio::ssl::context>, boost::_bi::value<bool>, boost::_bi::value<AcceptedConnectionImpl<boost::asio::ip::tcp>*>, boost::arg<1> (*)()> >, boost::asio::any_io_executor, void>::complete<boost::asio::detail::binder1<boost::_bi::bind_t<void, void (*)(boost::shared_ptr<boost::asio::basic_socket_acceptor<boost::asio::ip::tcp, boost::asio::any_io_executor> >, boost::asio::ssl::context&, bool, AcceptedConnection*, boost::system::error_code const&), boost::_bi::list5<boost::_bi::value<boost::shared_ptr<boost::asio::basic_socket_acceptor<boost::asio::ip::tcp, boost::asio::any_io_executor> > >, boost::reference_wrapper<boost::asio::ssl::context>, boost::_bi::value<bool>, boost::_bi::value<AcceptedConnectionImpl<boost::asio::ip::tcp>*>, boost::arg<1> (*)()> >, boost::system::error_code> >(boost::asio::detail::binder1<boost::_bi::bind_t<void, void (*)(boost::shared_ptr<boost::asio::basic_socket_acceptor<boost::asio::ip::tcp, boost::asio::any_io_executor> >, boost::asio::ssl::context&, bool, AcceptedConnection*, boost::system::error_code const&), boost::_bi::list5<boost::_bi::value<boost::shared_ptr<boost::asio::basic_socket_acceptor<boost::asio::ip::tcp, boost::asio::any_io_executor> > >, boost::reference_wrapper<boost::asio::ssl::context>, boost::_bi::value<bool>, boost::_bi::value<AcceptedConnectionImpl<boost::asio::ip::tcp>*>, boost::arg<1> (*)()> >, boost::system::error_code>&, boost::_bi::bind_t<void, void (*)(boost::shared_ptr<boost::asio::basic_socket_acceptor<boost::asio::ip::tcp, boost::asio::any_io_executor> >, boost::asio::ssl::context&, bool, AcceptedConnection*, boost::system::error_code const&), boost::_bi::list5<boost::_bi::value<boost::shared_ptr<boost::asio::basic_socket_acceptor<boost::asio::ip::tcp, boost::asio::any_io_executor> > >, boost::reference_wrapper<boost::asio::ssl::context>, boost::_bi::value<bool>, boost::_bi::value<AcceptedConnectionImpl<boost::asio::ip::tcp>*>, boost::arg<1> (*)()> >&) /usr/include/boost/asio/detail/handler_work.hpp:524
    #20 0x5c43df9684fb in boost::asio::detail::reactive_socket_accept_op<boost::asio::basic_socket<boost::asio::ip::tcp, boost::asio::any_io_executor>, boost::asio::ip::tcp, boost::_bi::bind_t<void, void (*)(boost::shared_ptr<boost::asio::basic_socket_acceptor<boost::asio::ip::tcp, boost::asio::any_io_executor> >, boost::asio::ssl::context&, bool, AcceptedConnection*, boost::system::error_code const&), boost::_bi::list5<boost::_bi::value<boost::shared_ptr<boost::asio::basic_socket_acceptor<boost::asio::ip::tcp, boost::asio::any_io_executor> > >, boost::reference_wrapper<boost::asio::ssl::context>, boost::_bi::value<bool>, boost::_bi::value<AcceptedConnectionImpl<boost::asio::ip::tcp>*>, boost::arg<1> (*)()> >, boost::asio::any_io_executor>::do_complete(void*, boost::asio::detail::scheduler_operation*, boost::system::error_code const&, unsigned long) /usr/include/boost/asio/detail/reactive_socket_accept_op.hpp:155
    #21 0x5c43df7ce7c3 in boost::asio::detail::scheduler_operation::complete(void*, boost::system::error_code const&, unsigned long) /usr/include/boost/asio/detail/scheduler_operation.hpp:40
    #22 0x5c43df7ce7c3 in boost::asio::detail::epoll_reactor::descriptor_state::do_complete(void*, boost::asio::detail::scheduler_operation*, boost::system::error_code const&, unsigned long) /usr/include/boost/asio/detail/impl/epoll_reactor.ipp:815
    #23 0x5c43df7c8e7f in boost::asio::detail::scheduler::do_run_one(boost::asio::detail::conditionally_enabled_mutex::scoped_lock&, boost::asio::detail::scheduler_thread_info&, boost::system::error_code const&) (/workspaces/INSN/src/INSaNed+0x5c55e7f) (BuildId: ebe454c866988f44aa6059bd878123a717c12eb9)
    #24 0x5c43df7ca9be in boost::asio::detail::scheduler::run(boost::system::error_code&) /usr/include/boost/asio/detail/impl/scheduler.ipp:210
    #25 0x5c43df928686 in boost::asio::io_context::run() /usr/include/boost/asio/impl/io_context.ipp:64
    #26 0x5c43df9156e9 in boost::_mfi::mf0<unsigned long, boost::asio::io_context>::operator()(boost::asio::io_context*) const /usr/include/boost/bind/mem_fn_template.hpp:49
    #27 0x5c43df9156e9 in unsigned long boost::_bi::list1<boost::_bi::value<boost::asio::io_context*> >::operator()<unsigned long, boost::_mfi::mf0<unsigned long, boost::asio::io_context>, boost::_bi::list0>(boost::_bi::type<unsigned long>, boost::_mfi::mf0<unsigned long, boost::asio::io_context>&, boost::_bi::list0&, long) /usr/include/boost/bind/bind.hpp:229
    #28 0x5c43df9156e9 in boost::_bi::bind_t<unsigned long, boost::_mfi::mf0<unsigned long, boost::asio::io_context>, boost::_bi::list1<boost::_bi::value<boost::asio::io_context*> > >::operator()() /usr/include/boost/bind/bind.hpp:1274
    #29 0x5c43df9156e9 in boost::detail::thread_data<boost::_bi::bind_t<unsigned long, boost::_mfi::mf0<unsigned long, boost::asio::io_context>, boost::_bi::list1<boost::_bi::value<boost::asio::io_context*> > > >::run() /usr/include/boost/thread/detail/thread.hpp:120
    #30 0x7d1a09a6e99e  (/lib/x86_64-linux-gnu/libboost_thread.so.1.83.0+0x1699e) (BuildId: cdf2ab5aa23cece03cad83b104e3376e2e8edecb)
    #31 0x7d1a09b41a41 in asan_thread_start ../../../../src/libsanitizer/asan/asan_interceptors.cpp:234
    #32 0x7d1a086e5aa3 in start_thread nptl/pthread_create.c:447

Indirect leak of 4096 byte(s) in 1 object(s) allocated from:
    #0 0x7d1a09be1548 in operator new(unsigned long) ../../../../src/libsanitizer/asan/asan_new_delete.cpp:95
    #1 0x5c43df816e53 in std::__new_allocator<char>::allocate(unsigned long, void const*) /usr/include/c++/13/bits/new_allocator.h:151
    #2 0x5c43df816e53 in std::allocator_traits<std::allocator<char> >::allocate(std::allocator<char>&, unsigned long) /usr/include/c++/13/bits/alloc_traits.h:482
    #3 0x5c43df816e53 in boost::iostreams::detail::basic_buffer<char, std::allocator<char> >::allocate(long) /usr/include/boost/iostreams/detail/buffer.hpp:161
    #4 0x5c43df816e53 in boost::iostreams::detail::basic_buffer<char, std::allocator<char> >::basic_buffer(long) /usr/include/boost/iostreams/detail/buffer.hpp:168
    #5 0x5c43df81833f in boost::iostreams::detail::basic_buffer<char, std::allocator<char> >::resize(long) /usr/include/boost/iostreams/detail/buffer.hpp:191
    #6 0x5c43df81833f in boost::iostreams::detail::indirect_streambuf<SSLIOStreamDevice<boost::asio::ip::tcp>, std::char_traits<char>, std::allocator<char>, boost::iostreams::bidirectional>::open(SSLIOStreamDevice<boost::asio::ip::tcp> const&, long, long) /usr/include/boost/iostreams/detail/streambuf/indirect_streambuf.hpp:181
    #7 0x5c43df8193dc in boost::iostreams::stream_buffer<SSLIOStreamDevice<boost::asio::ip::tcp>, std::char_traits<char>, std::allocator<char>, boost::iostreams::bidirectional>::open_impl(SSLIOStreamDevice<boost::asio::ip::tcp> const&, long, long) /usr/include/boost/iostreams/stream_buffer.hpp:106
    #8 0x5c43df8193dc in boost::iostreams::stream_buffer<SSLIOStreamDevice<boost::asio::ip::tcp>, std::char_traits<char>, std::allocator<char>, boost::iostreams::bidirectional>::open(SSLIOStreamDevice<boost::asio::ip::tcp> const&, long, long) /usr/include/boost/iostreams/stream_buffer.hpp:94
    #9 0x5c43df8193dc in boost::iostreams::stream<SSLIOStreamDevice<boost::asio::ip::tcp>, std::char_traits<char>, std::allocator<char> >::open_impl(SSLIOStreamDevice<boost::asio::ip::tcp> const&, long, long) /usr/include/boost/iostreams/stream.hpp:159
    #10 0x5c43df96058a in boost::iostreams::stream<SSLIOStreamDevice<boost::asio::ip::tcp>, std::char_traits<char>, std::allocator<char> >::stream(SSLIOStreamDevice<boost::asio::ip::tcp>&, long, long) /usr/include/boost/iostreams/stream.hpp:144
    #11 0x5c43df8fa719 in AcceptedConnectionImpl<boost::asio::ip::tcp>::AcceptedConnectionImpl(boost::asio::io_context&, boost::asio::ssl::context&, bool) /workspaces/INSN/src/rpcserver.cpp:419
    #12 0x5c43df8fa719 in RPCListen<boost::asio::ip::tcp> /workspaces/INSN/src/rpcserver.cpp:465
    #13 0x5c43df9036ee in StartRPCThreads() /workspaces/INSN/src/rpcserver.cpp:594
    #14 0x5c43df11ac7c in AppInit2(boost::thread_group&) /workspaces/INSN/src/init.cpp:1124
    #15 0x5c43df27e953 in AppInit(int, char**) /workspaces/INSN/src/bitcoind.cpp:106
    #16 0x5c43df27f1b9 in main /workspaces/INSN/src/bitcoind.cpp:136
    #17 0x7d1a086731c9 in __libc_start_call_main ../sysdeps/nptl/libc_start_call_main.h:58
    #18 0x7d1a0867328a in __libc_start_main_impl ../csu/libc-start.c:360
    #19 0x5c43deef8834 in _start (/workspaces/INSN/src/INSaNed+0x5385834) (BuildId: ebe454c866988f44aa6059bd878123a717c12eb9)

Indirect leak of 3072 byte(s) in 12 object(s) allocated from:
    #0 0x7d1a09be09c7 in malloc ../../../../src/libsanitizer/asan/asan_malloc_linux.cpp:69
    #1 0x7d1a094577c4 in CRYPTO_zalloc (/lib/x86_64-linux-gnu/libcrypto.so.3+0x2237c4) (BuildId: 0698e1ff610cb3c6993dccbd82c1281b1b4c5ade)
    #2 0x7d1a0942c503  (/lib/x86_64-linux-gnu/libcrypto.so.3+0x1f8503) (BuildId: 0698e1ff610cb3c6993dccbd82c1281b1b4c5ade)
    #3 0x7d1a0942d976  (/lib/x86_64-linux-gnu/libcrypto.so.3+0x1f9976) (BuildId: 0698e1ff610cb3c6993dccbd82c1281b1b4c5ade)
    #4 0x7d1a0942df4b  (/lib/x86_64-linux-gnu/libcrypto.so.3+0x1f9f4b) (BuildId: 0698e1ff610cb3c6993dccbd82c1281b1b4c5ade)
    #5 0x7d1a094534a8  (/lib/x86_64-linux-gnu/libcrypto.so.3+0x21f4a8) (BuildId: 0698e1ff610cb3c6993dccbd82c1281b1b4c5ade)
    #6 0x7d1a094531bf  (/lib/x86_64-linux-gnu/libcrypto.so.3+0x21f1bf) (BuildId: 0698e1ff610cb3c6993dccbd82c1281b1b4c5ade)
    #7 0x7d1a09462f96  (/lib/x86_64-linux-gnu/libcrypto.so.3+0x22ef96) (BuildId: 0698e1ff610cb3c6993dccbd82c1281b1b4c5ade)
    #8 0x7d1a09453337  (/lib/x86_64-linux-gnu/libcrypto.so.3+0x21f337) (BuildId: 0698e1ff610cb3c6993dccbd82c1281b1b4c5ade)
    #9 0x7d1a094536d8  (/lib/x86_64-linux-gnu/libcrypto.so.3+0x21f6d8) (BuildId: 0698e1ff610cb3c6993dccbd82c1281b1b4c5ade)
    #10 0x7d1a0942e6dc  (/lib/x86_64-linux-gnu/libcrypto.so.3+0x1fa6dc) (BuildId: 0698e1ff610cb3c6993dccbd82c1281b1b4c5ade)
    #11 0x7d1a0942eae3  (/lib/x86_64-linux-gnu/libcrypto.so.3+0x1faae3) (BuildId: 0698e1ff610cb3c6993dccbd82c1281b1b4c5ade)
    #12 0x7d1a0942c591 in EVP_CIPHER_fetch (/lib/x86_64-linux-gnu/libcrypto.so.3+0x1f8591) (BuildId: 0698e1ff610cb3c6993dccbd82c1281b1b4c5ade)
    #13 0x7d1a09605f03  (/lib/x86_64-linux-gnu/libcrypto.so.3+0x3d1f03) (BuildId: 0698e1ff610cb3c6993dccbd82c1281b1b4c5ade)
    #14 0x7d1a096063aa  (/lib/x86_64-linux-gnu/libcrypto.so.3+0x3d23aa) (BuildId: 0698e1ff610cb3c6993dccbd82c1281b1b4c5ade)
    #15 0x7d1a09433edc in EVP_RAND_instantiate (/lib/x86_64-linux-gnu/libcrypto.so.3+0x1ffedc) (BuildId: 0698e1ff610cb3c6993dccbd82c1281b1b4c5ade)
    #16 0x7d1a0953d8df  (/lib/x86_64-linux-gnu/libcrypto.so.3+0x3098df) (BuildId: 0698e1ff610cb3c6993dccbd82c1281b1b4c5ade)
    #17 0x7d1a0953e2ab in RAND_get0_primary (/lib/x86_64-linux-gnu/libcrypto.so.3+0x30a2ab) (BuildId: 0698e1ff610cb3c6993dccbd82c1281b1b4c5ade)
    #18 0x7d1a0953e7cf in RAND_get0_public (/lib/x86_64-linux-gnu/libcrypto.so.3+0x30a7cf) (BuildId: 0698e1ff610cb3c6993dccbd82c1281b1b4c5ade)
    #19 0x7d1a0953e897 in RAND_bytes_ex (/lib/x86_64-linux-gnu/libcrypto.so.3+0x30a897) (BuildId: 0698e1ff610cb3c6993dccbd82c1281b1b4c5ade)
    #20 0x5c43dfb429d9 in GetRandBytes(unsigned char*, int) /workspaces/INSN/src/util.cpp:155
    #21 0x5c43df73ebe9 in CAddrMan::CAddrMan() /workspaces/INSN/src/addrman.h:395
    #22 0x5c43df6b8f4a in __static_initialization_and_destruction_0 /workspaces/INSN/src/net.cpp:57
    #23 0x5c43df6b8f4a in _GLOBAL__sub_I_fDiscover /workspaces/INSN/src/net.cpp:1882
    #24 0x7d1a08673303 in call_init ../csu/libc-start.c:145
    #25 0x7d1a08673303 in __libc_start_main_impl ../csu/libc-start.c:347
    #26 0x5c43deef8834 in _start (/workspaces/INSN/src/INSaNed+0x5385834) (BuildId: ebe454c866988f44aa6059bd878123a717c12eb9)

Indirect leak of 2800 byte(s) in 1 object(s) allocated from:
    #0 0x7d1a09bdf778 in realloc ../../../../src/libsanitizer/asan/asan_malloc_linux.cpp:85
    #1 0x7d1a09811049  (/lib/x86_64-linux-gnu/libssl.so.3+0x46049) (BuildId: 5f3b12d47114f9fbdc7765266cd0bb8f1b5ee8fc)
    #2 0x7d1a095c40c4  (/lib/x86_64-linux-gnu/libcrypto.so.3+0x3900c4) (BuildId: 0698e1ff610cb3c6993dccbd82c1281b1b4c5ade)
    #3 0x7d1a09810f99  (/lib/x86_64-linux-gnu/libssl.so.3+0x45f99) (BuildId: 5f3b12d47114f9fbdc7765266cd0bb8f1b5ee8fc)
    #4 0x7d1a09462f96  (/lib/x86_64-linux-gnu/libcrypto.so.3+0x22ef96) (BuildId: 0698e1ff610cb3c6993dccbd82c1281b1b4c5ade)
    #5 0x7d1a09811ff6  (/lib/x86_64-linux-gnu/libssl.so.3+0x46ff6) (BuildId: 5f3b12d47114f9fbdc7765266cd0bb8f1b5ee8fc)
    #6 0x7d1a098088e7 in SSL_CTX_new_ex (/lib/x86_64-linux-gnu/libssl.so.3+0x3d8e7) (BuildId: 5f3b12d47114f9fbdc7765266cd0bb8f1b5ee8fc)
    #7 0x5c43df901187 in boost::asio::ssl::context::context(boost::asio::ssl::context_base::method) /usr/include/boost/asio/ssl/impl/context.ipp:312
    #8 0x5c43df901187 in StartRPCThreads() /workspaces/INSN/src/rpcserver.cpp:552
    #9 0x5c43df11ac7c in AppInit2(boost::thread_group&) /workspaces/INSN/src/init.cpp:1124
    #10 0x5c43df27e953 in AppInit(int, char**) /workspaces/INSN/src/bitcoind.cpp:106
    #11 0x5c43df27f1b9 in main /workspaces/INSN/src/bitcoind.cpp:136
    #12 0x7d1a086731c9 in __libc_start_call_main ../sysdeps/nptl/libc_start_call_main.h:58
    #13 0x7d1a0867328a in __libc_start_main_impl ../csu/libc-start.c:360
    #14 0x5c43deef8834 in _start (/workspaces/INSN/src/INSaNed+0x5385834) (BuildId: ebe454c866988f44aa6059bd878123a717c12eb9)

Indirect leak of 1680 byte(s) in 7 object(s) allocated from:
    #0 0x7d1a09be09c7 in malloc ../../../../src/libsanitizer/asan/asan_malloc_linux.cpp:69
    #1 0x7d1a094577c4 in CRYPTO_zalloc (/lib/x86_64-linux-gnu/libcrypto.so.3+0x2237c4) (BuildId: 0698e1ff610cb3c6993dccbd82c1281b1b4c5ade)
    #2 0x7d1a09417753  (/lib/x86_64-linux-gnu/libcrypto.so.3+0x1e3753) (BuildId: 0698e1ff610cb3c6993dccbd82c1281b1b4c5ade)
    #3 0x7d1a094188e8  (/lib/x86_64-linux-gnu/libcrypto.so.3+0x1e48e8) (BuildId: 0698e1ff610cb3c6993dccbd82c1281b1b4c5ade)
    #4 0x7d1a0942df4b  (/lib/x86_64-linux-gnu/libcrypto.so.3+0x1f9f4b) (BuildId: 0698e1ff610cb3c6993dccbd82c1281b1b4c5ade)
    #5 0x7d1a094534a8  (/lib/x86_64-linux-gnu/libcrypto.so.3+0x21f4a8) (BuildId: 0698e1ff610cb3c6993dccbd82c1281b1b4c5ade)
    #6 0x7d1a094531bf  (/lib/x86_64-linux-gnu/libcrypto.so.3+0x21f1bf) (BuildId: 0698e1ff610cb3c6993dccbd82c1281b1b4c5ade)
    #7 0x7d1a09462f96  (/lib/x86_64-linux-gnu/libcrypto.so.3+0x22ef96) (BuildId: 0698e1ff610cb3c6993dccbd82c1281b1b4c5ade)
    #8 0x7d1a09453337  (/lib/x86_64-linux-gnu/libcrypto.so.3+0x21f337) (BuildId: 0698e1ff610cb3c6993dccbd82c1281b1b4c5ade)
    #9 0x7d1a094536d8  (/lib/x86_64-linux-gnu/libcrypto.so.3+0x21f6d8) (BuildId: 0698e1ff610cb3c6993dccbd82c1281b1b4c5ade)
    #10 0x7d1a0942e804  (/lib/x86_64-linux-gnu/libcrypto.so.3+0x1fa804) (BuildId: 0698e1ff610cb3c6993dccbd82c1281b1b4c5ade)
    #11 0x7d1a0942eae3  (/lib/x86_64-linux-gnu/libcrypto.so.3+0x1faae3) (BuildId: 0698e1ff610cb3c6993dccbd82c1281b1b4c5ade)
    #12 0x7d1a094177e1 in EVP_MD_fetch (/lib/x86_64-linux-gnu/libcrypto.so.3+0x1e37e1) (BuildId: 0698e1ff610cb3c6993dccbd82c1281b1b4c5ade)
    #13 0x7d1a09418825 in EVP_Q_digest (/lib/x86_64-linux-gnu/libcrypto.so.3+0x1e4825) (BuildId: 0698e1ff610cb3c6993dccbd82c1281b1b4c5ade)
    #14 0x7d1a095641e8 in SHA256 (/lib/x86_64-linux-gnu/libcrypto.so.3+0x3301e8) (BuildId: 0698e1ff610cb3c6993dccbd82c1281b1b4c5ade)
    #15 0x5c43df26c73a in CHashWriter::GetHash() /workspaces/INSN/src/hash.h:106
    #16 0x5c43df26c73a in uint256 SerializeHash<CTransaction>(CTransaction const&, int, int) /workspaces/INSN/src/hash.h:158
    #17 0x5c43df26d523 in CTransaction::GetHash() const /workspaces/INSN/src/main.h:302
    #18 0x5c43df26d523 in CBlock::BuildMerkleTree() const /workspaces/INSN/src/main.h:755
    #19 0x5c43dfc1ca10 in CMainParams::CMainParams() /workspaces/INSN/src/chainparams.cpp:72
    #20 0x5c43dfc07ef5 in __static_initialization_and_destruction_0 /workspaces/INSN/src/chainparams.cpp:119
    #21 0x5c43dfc07ef5 in _GLOBAL__sub_I__Z6Paramsv /workspaces/INSN/src/chainparams.cpp:249
    #22 0x7d1a08673303 in call_init ../csu/libc-start.c:145
    #23 0x7d1a08673303 in __libc_start_main_impl ../csu/libc-start.c:347
    #24 0x5c43deef8834 in _start (/workspaces/INSN/src/INSaNed+0x5385834) (BuildId: ebe454c866988f44aa6059bd878123a717c12eb9)

Indirect leak of 1616 byte(s) in 1 object(s) allocated from:
    #0 0x7d1a09be09c7 in malloc ../../../../src/libsanitizer/asan/asan_malloc_linux.cpp:69
    #1 0x7d1a094577c4 in CRYPTO_zalloc (/lib/x86_64-linux-gnu/libcrypto.so.3+0x2237c4) (BuildId: 0698e1ff610cb3c6993dccbd82c1281b1b4c5ade)
    #2 0x7d1a098087c0 in SSL_CTX_new_ex (/lib/x86_64-linux-gnu/libssl.so.3+0x3d7c0) (BuildId: 5f3b12d47114f9fbdc7765266cd0bb8f1b5ee8fc)
    #3 0x5c43df901187 in boost::asio::ssl::context::context(boost::asio::ssl::context_base::method) /usr/include/boost/asio/ssl/impl/context.ipp:312
    #4 0x5c43df901187 in StartRPCThreads() /workspaces/INSN/src/rpcserver.cpp:552
    #5 0x5c43df11ac7c in AppInit2(boost::thread_group&) /workspaces/INSN/src/init.cpp:1124
    #6 0x5c43df27e953 in AppInit(int, char**) /workspaces/INSN/src/bitcoind.cpp:106
    #7 0x5c43df27f1b9 in main /workspaces/INSN/src/bitcoind.cpp:136
    #8 0x7d1a086731c9 in __libc_start_call_main ../sysdeps/nptl/libc_start_call_main.h:58
    #9 0x7d1a0867328a in __libc_start_main_impl ../csu/libc-start.c:360
    #10 0x5c43deef8834 in _start (/workspaces/INSN/src/INSaNed+0x5385834) (BuildId: ebe454c866988f44aa6059bd878123a717c12eb9)

Indirect leak of 1120 byte(s) in 1 object(s) allocated from:
    #0 0x7d1a09be09c7 in malloc ../../../../src/libsanitizer/asan/asan_malloc_linux.cpp:69
    #1 0x7d1a09812d7d  (/lib/x86_64-linux-gnu/libssl.so.3+0x47d7d) (BuildId: 5f3b12d47114f9fbdc7765266cd0bb8f1b5ee8fc)
    #2 0x7d1a098088d7 in SSL_CTX_new_ex (/lib/x86_64-linux-gnu/libssl.so.3+0x3d8d7) (BuildId: 5f3b12d47114f9fbdc7765266cd0bb8f1b5ee8fc)
    #3 0x5c43df901187 in boost::asio::ssl::context::context(boost::asio::ssl::context_base::method) /usr/include/boost/asio/ssl/impl/context.ipp:312
    #4 0x5c43df901187 in StartRPCThreads() /workspaces/INSN/src/rpcserver.cpp:552
    #5 0x5c43df11ac7c in AppInit2(boost::thread_group&) /workspaces/INSN/src/init.cpp:1124
    #6 0x5c43df27e953 in AppInit(int, char**) /workspaces/INSN/src/bitcoind.cpp:106
    #7 0x5c43df27f1b9 in main /workspaces/INSN/src/bitcoind.cpp:136
    #8 0x7d1a086731c9 in __libc_start_call_main ../sysdeps/nptl/libc_start_call_main.h:58
    #9 0x7d1a0867328a in __libc_start_main_impl ../csu/libc-start.c:360
    #10 0x5c43deef8834 in _start (/workspaces/INSN/src/INSaNed+0x5385834) (BuildId: ebe454c866988f44aa6059bd878123a717c12eb9)

Indirect leak of 672 byte(s) in 12 object(s) allocated from:
    #0 0x7d1a09be09c7 in malloc ../../../../src/libsanitizer/asan/asan_malloc_linux.cpp:69
    #1 0x7d1a094577c4 in CRYPTO_zalloc (/lib/x86_64-linux-gnu/libcrypto.so.3+0x2237c4) (BuildId: 0698e1ff610cb3c6993dccbd82c1281b1b4c5ade)
    #2 0x7d1a094645a3 in CRYPTO_THREAD_lock_new (/lib/x86_64-linux-gnu/libcrypto.so.3+0x2305a3) (BuildId: 0698e1ff610cb3c6993dccbd82c1281b1b4c5ade)
    #3 0x7d1a0942c510  (/lib/x86_64-linux-gnu/libcrypto.so.3+0x1f8510) (BuildId: 0698e1ff610cb3c6993dccbd82c1281b1b4c5ade)
    #4 0x7d1a0942d976  (/lib/x86_64-linux-gnu/libcrypto.so.3+0x1f9976) (BuildId: 0698e1ff610cb3c6993dccbd82c1281b1b4c5ade)
    #5 0x7d1a0942df4b  (/lib/x86_64-linux-gnu/libcrypto.so.3+0x1f9f4b) (BuildId: 0698e1ff610cb3c6993dccbd82c1281b1b4c5ade)
    #6 0x7d1a094534a8  (/lib/x86_64-linux-gnu/libcrypto.so.3+0x21f4a8) (BuildId: 0698e1ff610cb3c6993dccbd82c1281b1b4c5ade)
    #7 0x7d1a094531bf  (/lib/x86_64-linux-gnu/libcrypto.so.3+0x21f1bf) (BuildId: 0698e1ff610cb3c6993dccbd82c1281b1b4c5ade)
    #8 0x7d1a09462f96  (/lib/x86_64-linux-gnu/libcrypto.so.3+0x22ef96) (BuildId: 0698e1ff610cb3c6993dccbd82c1281b1b4c5ade)
    #9 0x7d1a09453337  (/lib/x86_64-linux-gnu/libcrypto.so.3+0x21f337) (BuildId: 0698e1ff610cb3c6993dccbd82c1281b1b4c5ade)
    #10 0x7d1a094536d8  (/lib/x86_64-linux-gnu/libcrypto.so.3+0x21f6d8) (BuildId: 0698e1ff610cb3c6993dccbd82c1281b1b4c5ade)
    #11 0x7d1a0942e6dc  (/lib/x86_64-linux-gnu/libcrypto.so.3+0x1fa6dc) (BuildId: 0698e1ff610cb3c6993dccbd82c1281b1b4c5ade)
    #12 0x7d1a0942eae3  (/lib/x86_64-linux-gnu/libcrypto.so.3+0x1faae3) (BuildId: 0698e1ff610cb3c6993dccbd82c1281b1b4c5ade)
    #13 0x7d1a0942c591 in EVP_CIPHER_fetch (/lib/x86_64-linux-gnu/libcrypto.so.3+0x1f8591) (BuildId: 0698e1ff610cb3c6993dccbd82c1281b1b4c5ade)
    #14 0x7d1a09605f03  (/lib/x86_64-linux-gnu/libcrypto.so.3+0x3d1f03) (BuildId: 0698e1ff610cb3c6993dccbd82c1281b1b4c5ade)
    #15 0x7d1a096063aa  (/lib/x86_64-linux-gnu/libcrypto.so.3+0x3d23aa) (BuildId: 0698e1ff610cb3c6993dccbd82c1281b1b4c5ade)
    #16 0x7d1a09433edc in EVP_RAND_instantiate (/lib/x86_64-linux-gnu/libcrypto.so.3+0x1ffedc) (BuildId: 0698e1ff610cb3c6993dccbd82c1281b1b4c5ade)
    #17 0x7d1a0953d8df  (/lib/x86_64-linux-gnu/libcrypto.so.3+0x3098df) (BuildId: 0698e1ff610cb3c6993dccbd82c1281b1b4c5ade)
    #18 0x7d1a0953e2ab in RAND_get0_primary (/lib/x86_64-linux-gnu/libcrypto.so.3+0x30a2ab) (BuildId: 0698e1ff610cb3c6993dccbd82c1281b1b4c5ade)
    #19 0x7d1a0953e7cf in RAND_get0_public (/lib/x86_64-linux-gnu/libcrypto.so.3+0x30a7cf) (BuildId: 0698e1ff610cb3c6993dccbd82c1281b1b4c5ade)
    #20 0x7d1a0953e897 in RAND_bytes_ex (/lib/x86_64-linux-gnu/libcrypto.so.3+0x30a897) (BuildId: 0698e1ff610cb3c6993dccbd82c1281b1b4c5ade)
    #21 0x5c43dfb429d9 in GetRandBytes(unsigned char*, int) /workspaces/INSN/src/util.cpp:155
    #22 0x5c43df73ebe9 in CAddrMan::CAddrMan() /workspaces/INSN/src/addrman.h:395
    #23 0x5c43df6b8f4a in __static_initialization_and_destruction_0 /workspaces/INSN/src/net.cpp:57
    #24 0x5c43df6b8f4a in _GLOBAL__sub_I_fDiscover /workspaces/INSN/src/net.cpp:1882
    #25 0x7d1a08673303 in call_init ../csu/libc-start.c:145
    #26 0x7d1a08673303 in __libc_start_main_impl ../csu/libc-start.c:347
    #27 0x5c43deef8834 in _start (/workspaces/INSN/src/INSaNed+0x5385834) (BuildId: ebe454c866988f44aa6059bd878123a717c12eb9)

Indirect leak of 536 byte(s) in 1 object(s) allocated from:
    #0 0x7d1a09be09c7 in malloc ../../../../src/libsanitizer/asan/asan_malloc_linux.cpp:69
    #1 0x7d1a094577c4 in CRYPTO_zalloc (/lib/x86_64-linux-gnu/libcrypto.so.3+0x2237c4) (BuildId: 0698e1ff610cb3c6993dccbd82c1281b1b4c5ade)
    #2 0x7d1a097f77c3  (/lib/x86_64-linux-gnu/libssl.so.3+0x2c7c3) (BuildId: 5f3b12d47114f9fbdc7765266cd0bb8f1b5ee8fc)
    #3 0x7d1a09808862 in SSL_CTX_new_ex (/lib/x86_64-linux-gnu/libssl.so.3+0x3d862) (BuildId: 5f3b12d47114f9fbdc7765266cd0bb8f1b5ee8fc)
    #4 0x5c43df901187 in boost::asio::ssl::context::context(boost::asio::ssl::context_base::method) /usr/include/boost/asio/ssl/impl/context.ipp:312
    #5 0x5c43df901187 in StartRPCThreads() /workspaces/INSN/src/rpcserver.cpp:552
    #6 0x5c43df11ac7c in AppInit2(boost::thread_group&) /workspaces/INSN/src/init.cpp:1124
    #7 0x5c43df27e953 in AppInit(int, char**) /workspaces/INSN/src/bitcoind.cpp:106
    #8 0x5c43df27f1b9 in main /workspaces/INSN/src/bitcoind.cpp:136
    #9 0x7d1a086731c9 in __libc_start_call_main ../sysdeps/nptl/libc_start_call_main.h:58
    #10 0x7d1a0867328a in __libc_start_main_impl ../csu/libc-start.c:360
    #11 0x5c43deef8834 in _start (/workspaces/INSN/src/INSaNed+0x5385834) (BuildId: ebe454c866988f44aa6059bd878123a717c12eb9)

Indirect leak of 536 byte(s) in 1 object(s) allocated from:
    #0 0x7d1a09be09c7 in malloc ../../../../src/libsanitizer/asan/asan_malloc_linux.cpp:69
    #1 0x7d1a094577c4 in CRYPTO_zalloc (/lib/x86_64-linux-gnu/libcrypto.so.3+0x2237c4) (BuildId: 0698e1ff610cb3c6993dccbd82c1281b1b4c5ade)
    #2 0x7d1a097f7a7d  (/lib/x86_64-linux-gnu/libssl.so.3+0x2ca7d) (BuildId: 5f3b12d47114f9fbdc7765266cd0bb8f1b5ee8fc)
    #3 0x7d1a09807df8 in SSL_new (/lib/x86_64-linux-gnu/libssl.so.3+0x3cdf8) (BuildId: 5f3b12d47114f9fbdc7765266cd0bb8f1b5ee8fc)
    #4 0x5c43df7eb79f in boost::asio::ssl::detail::engine::engine(ssl_ctx_st*) (/workspaces/INSN/src/INSaNed+0x5c7879f) (BuildId: ebe454c866988f44aa6059bd878123a717c12eb9)
    #5 0x5c43df8119a8 in boost::asio::ssl::detail::stream_core::stream_core<boost::asio::any_io_executor>(ssl_ctx_st*, boost::asio::any_io_executor const&) /usr/include/boost/asio/ssl/detail/stream_core.hpp:43
    #6 0x5c43df8fa39a in boost::asio::ssl::stream<boost::asio::basic_stream_socket<boost::asio::ip::tcp, boost::asio::any_io_executor> >::stream<boost::asio::io_context&>(boost::asio::io_context&, boost::asio::ssl::context&) /usr/include/boost/asio/ssl/stream.hpp:108
    #7 0x5c43df8fa39a in AcceptedConnectionImpl<boost::asio::ip::tcp>::AcceptedConnectionImpl(boost::asio::io_context&, boost::asio::ssl::context&, bool) /workspaces/INSN/src/rpcserver.cpp:417
    #8 0x5c43df8fa39a in RPCListen<boost::asio::ip::tcp> /workspaces/INSN/src/rpcserver.cpp:465
    #9 0x5c43df9036ee in StartRPCThreads() /workspaces/INSN/src/rpcserver.cpp:594
    #10 0x5c43df11ac7c in AppInit2(boost::thread_group&) /workspaces/INSN/src/init.cpp:1124
    #11 0x5c43df27e953 in AppInit(int, char**) /workspaces/INSN/src/bitcoind.cpp:106
    #12 0x5c43df27f1b9 in main /workspaces/INSN/src/bitcoind.cpp:136
    #13 0x7d1a086731c9 in __libc_start_call_main ../sysdeps/nptl/libc_start_call_main.h:58
    #14 0x7d1a0867328a in __libc_start_main_impl ../csu/libc-start.c:360
    #15 0x5c43deef8834 in _start (/workspaces/INSN/src/INSaNed+0x5385834) (BuildId: ebe454c866988f44aa6059bd878123a717c12eb9)

Indirect leak of 536 byte(s) in 1 object(s) allocated from:
    #0 0x7d1a09be09c7 in malloc ../../../../src/libsanitizer/asan/asan_malloc_linux.cpp:69
    #1 0x7d1a094577c4 in CRYPTO_zalloc (/lib/x86_64-linux-gnu/libcrypto.so.3+0x2237c4) (BuildId: 0698e1ff610cb3c6993dccbd82c1281b1b4c5ade)
    #2 0x7d1a097f7a7d  (/lib/x86_64-linux-gnu/libssl.so.3+0x2ca7d) (BuildId: 5f3b12d47114f9fbdc7765266cd0bb8f1b5ee8fc)
    #3 0x7d1a09807df8 in SSL_new (/lib/x86_64-linux-gnu/libssl.so.3+0x3cdf8) (BuildId: 5f3b12d47114f9fbdc7765266cd0bb8f1b5ee8fc)
    #4 0x5c43df7eb79f in boost::asio::ssl::detail::engine::engine(ssl_ctx_st*) (/workspaces/INSN/src/INSaNed+0x5c7879f) (BuildId: ebe454c866988f44aa6059bd878123a717c12eb9)
    #5 0x5c43df8119a8 in boost::asio::ssl::detail::stream_core::stream_core<boost::asio::any_io_executor>(ssl_ctx_st*, boost::asio::any_io_executor const&) /usr/include/boost/asio/ssl/detail/stream_core.hpp:43
    #6 0x5c43df8fa39a in boost::asio::ssl::stream<boost::asio::basic_stream_socket<boost::asio::ip::tcp, boost::asio::any_io_executor> >::stream<boost::asio::io_context&>(boost::asio::io_context&, boost::asio::ssl::context&) /usr/include/boost/asio/ssl/stream.hpp:108
    #7 0x5c43df8fa39a in AcceptedConnectionImpl<boost::asio::ip::tcp>::AcceptedConnectionImpl(boost::asio::io_context&, boost::asio::ssl::context&, bool) /workspaces/INSN/src/rpcserver.cpp:417
    #8 0x5c43df8fa39a in RPCListen<boost::asio::ip::tcp> /workspaces/INSN/src/rpcserver.cpp:465
    #9 0x5c43df90b940 in RPCAcceptHandler<boost::asio::ip::tcp> /workspaces/INSN/src/rpcserver.cpp:491
    #10 0x5c43df9684fb in void boost::_bi::list5<boost::_bi::value<boost::shared_ptr<boost::asio::basic_socket_acceptor<boost::asio::ip::tcp, boost::asio::any_io_executor> > >, boost::reference_wrapper<boost::asio::ssl::context>, boost::_bi::value<bool>, boost::_bi::value<AcceptedConnectionImpl<boost::asio::ip::tcp>*>, boost::arg<1> (*)()>::operator()<void (*)(boost::shared_ptr<boost::asio::basic_socket_acceptor<boost::asio::ip::tcp, boost::asio::any_io_executor> >, boost::asio::ssl::context&, bool, AcceptedConnection*, boost::system::error_code const&), boost::_bi::rrlist1<boost::system::error_code const&> >(boost::_bi::type<void>, void (*&)(boost::shared_ptr<boost::asio::basic_socket_acceptor<boost::asio::ip::tcp, boost::asio::any_io_executor> >, boost::asio::ssl::context&, bool, AcceptedConnection*, boost::system::error_code const&), boost::_bi::rrlist1<boost::system::error_code const&>&, int) /usr/include/boost/bind/bind.hpp:511
    #11 0x5c43df9684fb in void boost::_bi::bind_t<void, void (*)(boost::shared_ptr<boost::asio::basic_socket_acceptor<boost::asio::ip::tcp, boost::asio::any_io_executor> >, boost::asio::ssl::context&, bool, AcceptedConnection*, boost::system::error_code const&), boost::_bi::list5<boost::_bi::value<boost::shared_ptr<boost::asio::basic_socket_acceptor<boost::asio::ip::tcp, boost::asio::any_io_executor> > >, boost::reference_wrapper<boost::asio::ssl::context>, boost::_bi::value<bool>, boost::_bi::value<AcceptedConnectionImpl<boost::asio::ip::tcp>*>, boost::arg<1> (*)()> >::operator()<boost::system::error_code const&>(boost::system::error_code const&) /usr/include/boost/bind/bind.hpp:1286
    #12 0x5c43df9684fb in boost::asio::detail::binder1<boost::_bi::bind_t<void, void (*)(boost::shared_ptr<boost::asio::basic_socket_acceptor<boost::asio::ip::tcp, boost::asio::any_io_executor> >, boost::asio::ssl::context&, bool, AcceptedConnection*, boost::system::error_code const&), boost::_bi::list5<boost::_bi::value<boost::shared_ptr<boost::asio::basic_socket_acceptor<boost::asio::ip::tcp, boost::asio::any_io_executor> > >, boost::reference_wrapper<boost::asio::ssl::context>, boost::_bi::value<bool>, boost::_bi::value<AcceptedConnectionImpl<boost::asio::ip::tcp>*>, boost::arg<1> (*)()> >, boost::system::error_code>::operator()() /usr/include/boost/asio/detail/bind_handler.hpp:171
    #13 0x5c43df9684fb in void boost::asio::asio_handler_invoke<boost::asio::detail::binder1<boost::_bi::bind_t<void, void (*)(boost::shared_ptr<boost::asio::basic_socket_acceptor<boost::asio::ip::tcp, boost::asio::any_io_executor> >, boost::asio::ssl::context&, bool, AcceptedConnection*, boost::system::error_code const&), boost::_bi::list5<boost::_bi::value<boost::shared_ptr<boost::asio::basic_socket_acceptor<boost::asio::ip::tcp, boost::asio::any_io_executor> > >, boost::reference_wrapper<boost::asio::ssl::context>, boost::_bi::value<bool>, boost::_bi::value<AcceptedConnectionImpl<boost::asio::ip::tcp>*>, boost::arg<1> (*)()> >, boost::system::error_code> >(boost::asio::detail::binder1<boost::_bi::bind_t<void, void (*)(boost::shared_ptr<boost::asio::basic_socket_acceptor<boost::asio::ip::tcp, boost::asio::any_io_executor> >, boost::asio::ssl::context&, bool, AcceptedConnection*, boost::system::error_code const&), boost::_bi::list5<boost::_bi::value<boost::shared_ptr<boost::asio::basic_socket_acceptor<boost::asio::ip::tcp, boost::asio::any_io_executor> > >, boost::reference_wrapper<boost::asio::ssl::context>, boost::_bi::value<bool>, boost::_bi::value<AcceptedConnectionImpl<boost::asio::ip::tcp>*>, boost::arg<1> (*)()> >, boost::system::error_code>&, ...) /usr/include/boost/asio/handler_invoke_hook.hpp:88
    #14 0x5c43df9684fb in void boost_asio_handler_invoke_helpers::invoke<boost::asio::detail::binder1<boost::_bi::bind_t<void, void (*)(boost::shared_ptr<boost::asio::basic_socket_acceptor<boost::asio::ip::tcp, boost::asio::any_io_executor> >, boost::asio::ssl::context&, bool, AcceptedConnection*, boost::system::error_code const&), boost::_bi::list5<boost::_bi::value<boost::shared_ptr<boost::asio::basic_socket_acceptor<boost::asio::ip::tcp, boost::asio::any_io_executor> > >, boost::reference_wrapper<boost::asio::ssl::context>, boost::_bi::value<bool>, boost::_bi::value<AcceptedConnectionImpl<boost::asio::ip::tcp>*>, boost::arg<1> (*)()> >, boost::system::error_code>, boost::_bi::bind_t<void, void (*)(boost::shared_ptr<boost::asio::basic_socket_acceptor<boost::asio::ip::tcp, boost::asio::any_io_executor> >, boost::asio::ssl::context&, bool, AcceptedConnection*, boost::system::error_code const&), boost::_bi::list5<boost::_bi::value<boost::shared_ptr<boost::asio::basic_socket_acceptor<boost::asio::ip::tcp, boost::asio::any_io_executor> > >, boost::reference_wrapper<boost::asio::ssl::context>, boost::_bi::value<bool>, boost::_bi::value<AcceptedConnectionImpl<boost::asio::ip::tcp>*>, boost::arg<1> (*)()> > >(boost::asio::detail::binder1<boost::_bi::bind_t<void, void (*)(boost::shared_ptr<boost::asio::basic_socket_acceptor<boost::asio::ip::tcp, boost::asio::any_io_executor> >, boost::asio::ssl::context&, bool, AcceptedConnection*, boost::system::error_code const&), boost::_bi::list5<boost::_bi::value<boost::shared_ptr<boost::asio::basic_socket_acceptor<boost::asio::ip::tcp, boost::asio::any_io_executor> > >, boost::reference_wrapper<boost::asio::ssl::context>, boost::_bi::value<bool>, boost::_bi::value<AcceptedConnectionImpl<boost::asio::ip::tcp>*>, boost::arg<1> (*)()> >, boost::system::error_code>&, boost::_bi::bind_t<void, void (*)(boost::shared_ptr<boost::asio::basic_socket_acceptor<boost::asio::ip::tcp, boost::asio::any_io_executor> >, boost::asio::ssl::context&, bool, AcceptedConnection*, boost::system::error_code const&), boost::_bi::list5<boost::_bi::value<boost::shared_ptr<boost::asio::basic_socket_acceptor<boost::asio::ip::tcp, boost::asio::any_io_executor> > >, boost::reference_wrapper<boost::asio::ssl::context>, boost::_bi::value<bool>, boost::_bi::value<AcceptedConnectionImpl<boost::asio::ip::tcp>*>, boost::arg<1> (*)()> >&) /usr/include/boost/asio/detail/handler_invoke_helpers.hpp:54
    #15 0x5c43df9684fb in void boost::asio::detail::handler_work<boost::_bi::bind_t<void, void (*)(boost::shared_ptr<boost::asio::basic_socket_acceptor<boost::asio::ip::tcp, boost::asio::any_io_executor> >, boost::asio::ssl::context&, bool, AcceptedConnection*, boost::system::error_code const&), boost::_bi::list5<boost::_bi::value<boost::shared_ptr<boost::asio::basic_socket_acceptor<boost::asio::ip::tcp, boost::asio::any_io_executor> > >, boost::reference_wrapper<boost::asio::ssl::context>, boost::_bi::value<bool>, boost::_bi::value<AcceptedConnectionImpl<boost::asio::ip::tcp>*>, boost::arg<1> (*)()> >, boost::asio::any_io_executor, void>::complete<boost::asio::detail::binder1<boost::_bi::bind_t<void, void (*)(boost::shared_ptr<boost::asio::basic_socket_acceptor<boost::asio::ip::tcp, boost::asio::any_io_executor> >, boost::asio::ssl::context&, bool, AcceptedConnection*, boost::system::error_code const&), boost::_bi::list5<boost::_bi::value<boost::shared_ptr<boost::asio::basic_socket_acceptor<boost::asio::ip::tcp, boost::asio::any_io_executor> > >, boost::reference_wrapper<boost::asio::ssl::context>, boost::_bi::value<bool>, boost::_bi::value<AcceptedConnectionImpl<boost::asio::ip::tcp>*>, boost::arg<1> (*)()> >, boost::system::error_code> >(boost::asio::detail::binder1<boost::_bi::bind_t<void, void (*)(boost::shared_ptr<boost::asio::basic_socket_acceptor<boost::asio::ip::tcp, boost::asio::any_io_executor> >, boost::asio::ssl::context&, bool, AcceptedConnection*, boost::system::error_code const&), boost::_bi::list5<boost::_bi::value<boost::shared_ptr<boost::asio::basic_socket_acceptor<boost::asio::ip::tcp, boost::asio::any_io_executor> > >, boost::reference_wrapper<boost::asio::ssl::context>, boost::_bi::value<bool>, boost::_bi::value<AcceptedConnectionImpl<boost::asio::ip::tcp>*>, boost::arg<1> (*)()> >, boost::system::error_code>&, boost::_bi::bind_t<void, void (*)(boost::shared_ptr<boost::asio::basic_socket_acceptor<boost::asio::ip::tcp, boost::asio::any_io_executor> >, boost::asio::ssl::context&, bool, AcceptedConnection*, boost::system::error_code const&), boost::_bi::list5<boost::_bi::value<boost::shared_ptr<boost::asio::basic_socket_acceptor<boost::asio::ip::tcp, boost::asio::any_io_executor> > >, boost::reference_wrapper<boost::asio::ssl::context>, boost::_bi::value<bool>, boost::_bi::value<AcceptedConnectionImpl<boost::asio::ip::tcp>*>, boost::arg<1> (*)()> >&) /usr/include/boost/asio/detail/handler_work.hpp:524
    #16 0x5c43df9684fb in boost::asio::detail::reactive_socket_accept_op<boost::asio::basic_socket<boost::asio::ip::tcp, boost::asio::any_io_executor>, boost::asio::ip::tcp, boost::_bi::bind_t<void, void (*)(boost::shared_ptr<boost::asio::basic_socket_acceptor<boost::asio::ip::tcp, boost::asio::any_io_executor> >, boost::asio::ssl::context&, bool, AcceptedConnection*, boost::system::error_code const&), boost::_bi::list5<boost::_bi::value<boost::shared_ptr<boost::asio::basic_socket_acceptor<boost::asio::ip::tcp, boost::asio::any_io_executor> > >, boost::reference_wrapper<boost::asio::ssl::context>, boost::_bi::value<bool>, boost::_bi::value<AcceptedConnectionImpl<boost::asio::ip::tcp>*>, boost::arg<1> (*)()> >, boost::asio::any_io_executor>::do_complete(void*, boost::asio::detail::scheduler_operation*, boost::system::error_code const&, unsigned long) /usr/include/boost/asio/detail/reactive_socket_accept_op.hpp:155
    #17 0x5c43df7ce7c3 in boost::asio::detail::scheduler_operation::complete(void*, boost::system::error_code const&, unsigned long) /usr/include/boost/asio/detail/scheduler_operation.hpp:40
    #18 0x5c43df7ce7c3 in boost::asio::detail::epoll_reactor::descriptor_state::do_complete(void*, boost::asio::detail::scheduler_operation*, boost::system::error_code const&, unsigned long) /usr/include/boost/asio/detail/impl/epoll_reactor.ipp:815
    #19 0x5c43df7c8e7f in boost::asio::detail::scheduler::do_run_one(boost::asio::detail::conditionally_enabled_mutex::scoped_lock&, boost::asio::detail::scheduler_thread_info&, boost::system::error_code const&) (/workspaces/INSN/src/INSaNed+0x5c55e7f) (BuildId: ebe454c866988f44aa6059bd878123a717c12eb9)
    #20 0x5c43df7ca9be in boost::asio::detail::scheduler::run(boost::system::error_code&) /usr/include/boost/asio/detail/impl/scheduler.ipp:210
    #21 0x5c43df928686 in boost::asio::io_context::run() /usr/include/boost/asio/impl/io_context.ipp:64
    #22 0x5c43df9156e9 in boost::_mfi::mf0<unsigned long, boost::asio::io_context>::operator()(boost::asio::io_context*) const /usr/include/boost/bind/mem_fn_template.hpp:49
    #23 0x5c43df9156e9 in unsigned long boost::_bi::list1<boost::_bi::value<boost::asio::io_context*> >::operator()<unsigned long, boost::_mfi::mf0<unsigned long, boost::asio::io_context>, boost::_bi::list0>(boost::_bi::type<unsigned long>, boost::_mfi::mf0<unsigned long, boost::asio::io_context>&, boost::_bi::list0&, long) /usr/include/boost/bind/bind.hpp:229
    #24 0x5c43df9156e9 in boost::_bi::bind_t<unsigned long, boost::_mfi::mf0<unsigned long, boost::asio::io_context>, boost::_bi::list1<boost::_bi::value<boost::asio::io_context*> > >::operator()() /usr/include/boost/bind/bind.hpp:1274
    #25 0x5c43df9156e9 in boost::detail::thread_data<boost::_bi::bind_t<unsigned long, boost::_mfi::mf0<unsigned long, boost::asio::io_context>, boost::_bi::list1<boost::_bi::value<boost::asio::io_context*> > > >::run() /usr/include/boost/thread/detail/thread.hpp:120
    #26 0x7d1a09a6e99e  (/lib/x86_64-linux-gnu/libboost_thread.so.1.83.0+0x1699e) (BuildId: cdf2ab5aa23cece03cad83b104e3376e2e8edecb)
    #27 0x7d1a09b41a41 in asan_thread_start ../../../../src/libsanitizer/asan/asan_interceptors.cpp:234
    #28 0x7d1a086e5aa3 in start_thread nptl/pthread_create.c:447

Indirect leak of 514 byte(s) in 50 object(s) allocated from:
    #0 0x7d1a09be09c7 in malloc ../../../../src/libsanitizer/asan/asan_malloc_linux.cpp:69
    #1 0x7d1a09458ee2 in CRYPTO_strdup (/lib/x86_64-linux-gnu/libcrypto.so.3+0x224ee2) (BuildId: 0698e1ff610cb3c6993dccbd82c1281b1b4c5ade)
    #2 0x7d1a09811268  (/lib/x86_64-linux-gnu/libssl.so.3+0x46268) (BuildId: 5f3b12d47114f9fbdc7765266cd0bb8f1b5ee8fc)
    #3 0x7d1a095c40c4  (/lib/x86_64-linux-gnu/libcrypto.so.3+0x3900c4) (BuildId: 0698e1ff610cb3c6993dccbd82c1281b1b4c5ade)
    #4 0x7d1a09810f99  (/lib/x86_64-linux-gnu/libssl.so.3+0x45f99) (BuildId: 5f3b12d47114f9fbdc7765266cd0bb8f1b5ee8fc)
    #5 0x7d1a09462f96  (/lib/x86_64-linux-gnu/libcrypto.so.3+0x22ef96) (BuildId: 0698e1ff610cb3c6993dccbd82c1281b1b4c5ade)
    #6 0x7d1a09811ff6  (/lib/x86_64-linux-gnu/libssl.so.3+0x46ff6) (BuildId: 5f3b12d47114f9fbdc7765266cd0bb8f1b5ee8fc)
    #7 0x7d1a098088e7 in SSL_CTX_new_ex (/lib/x86_64-linux-gnu/libssl.so.3+0x3d8e7) (BuildId: 5f3b12d47114f9fbdc7765266cd0bb8f1b5ee8fc)
    #8 0x5c43df901187 in boost::asio::ssl::context::context(boost::asio::ssl::context_base::method) /usr/include/boost/asio/ssl/impl/context.ipp:312
    #9 0x5c43df901187 in StartRPCThreads() /workspaces/INSN/src/rpcserver.cpp:552
    #10 0x5c43df11ac7c in AppInit2(boost::thread_group&) /workspaces/INSN/src/init.cpp:1124
    #11 0x5c43df27e953 in AppInit(int, char**) /workspaces/INSN/src/bitcoind.cpp:106
    #12 0x5c43df27f1b9 in main /workspaces/INSN/src/bitcoind.cpp:136
    #13 0x7d1a086731c9 in __libc_start_call_main ../sysdeps/nptl/libc_start_call_main.h:58
    #14 0x7d1a0867328a in __libc_start_main_impl ../csu/libc-start.c:360
    #15 0x5c43deef8834 in _start (/workspaces/INSN/src/INSaNed+0x5385834) (BuildId: ebe454c866988f44aa6059bd878123a717c12eb9)

Indirect leak of 504 byte(s) in 1 object(s) allocated from:
    #0 0x7d1a09be09c7 in malloc ../../../../src/libsanitizer/asan/asan_malloc_linux.cpp:69
    #1 0x7d1a095812dd in OPENSSL_sk_dup (/lib/x86_64-linux-gnu/libcrypto.so.3+0x34d2dd) (BuildId: 0698e1ff610cb3c6993dccbd82c1281b1b4c5ade)
    #2 0x7d1a097fc79c  (/lib/x86_64-linux-gnu/libssl.so.3+0x3179c) (BuildId: 5f3b12d47114f9fbdc7765266cd0bb8f1b5ee8fc)
    #3 0x7d1a09808932 in SSL_CTX_new_ex (/lib/x86_64-linux-gnu/libssl.so.3+0x3d932) (BuildId: 5f3b12d47114f9fbdc7765266cd0bb8f1b5ee8fc)
    #4 0x5c43df901187 in boost::asio::ssl::context::context(boost::asio::ssl::context_base::method) /usr/include/boost/asio/ssl/impl/context.ipp:312
    #5 0x5c43df901187 in StartRPCThreads() /workspaces/INSN/src/rpcserver.cpp:552
    #6 0x5c43df11ac7c in AppInit2(boost::thread_group&) /workspaces/INSN/src/init.cpp:1124
    #7 0x5c43df27e953 in AppInit(int, char**) /workspaces/INSN/src/bitcoind.cpp:106
    #8 0x5c43df27f1b9 in main /workspaces/INSN/src/bitcoind.cpp:136
    #9 0x7d1a086731c9 in __libc_start_call_main ../sysdeps/nptl/libc_start_call_main.h:58
    #10 0x7d1a0867328a in __libc_start_main_impl ../csu/libc-start.c:360
    #11 0x5c43deef8834 in _start (/workspaces/INSN/src/INSaNed+0x5385834) (BuildId: ebe454c866988f44aa6059bd878123a717c12eb9)

Indirect leak of 504 byte(s) in 1 object(s) allocated from:
    #0 0x7d1a09bdf778 in realloc ../../../../src/libsanitizer/asan/asan_malloc_linux.cpp:85
    #1 0x7d1a09580a71  (/lib/x86_64-linux-gnu/libcrypto.so.3+0x34ca71) (BuildId: 0698e1ff610cb3c6993dccbd82c1281b1b4c5ade)
    #2 0x7d1a09580e34 in OPENSSL_sk_insert (/lib/x86_64-linux-gnu/libcrypto.so.3+0x34ce34) (BuildId: 0698e1ff610cb3c6993dccbd82c1281b1b4c5ade)
    #3 0x7d1a097fc65e  (/lib/x86_64-linux-gnu/libssl.so.3+0x3165e) (BuildId: 5f3b12d47114f9fbdc7765266cd0bb8f1b5ee8fc)
    #4 0x7d1a09808932 in SSL_CTX_new_ex (/lib/x86_64-linux-gnu/libssl.so.3+0x3d932) (BuildId: 5f3b12d47114f9fbdc7765266cd0bb8f1b5ee8fc)
    #5 0x5c43df901187 in boost::asio::ssl::context::context(boost::asio::ssl::context_base::method) /usr/include/boost/asio/ssl/impl/context.ipp:312
    #6 0x5c43df901187 in StartRPCThreads() /workspaces/INSN/src/rpcserver.cpp:552
    #7 0x5c43df11ac7c in AppInit2(boost::thread_group&) /workspaces/INSN/src/init.cpp:1124
    #8 0x5c43df27e953 in AppInit(int, char**) /workspaces/INSN/src/bitcoind.cpp:106
    #9 0x5c43df27f1b9 in main /workspaces/INSN/src/bitcoind.cpp:136
    #10 0x7d1a086731c9 in __libc_start_call_main ../sysdeps/nptl/libc_start_call_main.h:58
    #11 0x7d1a0867328a in __libc_start_main_impl ../csu/libc-start.c:360
    #12 0x5c43deef8834 in _start (/workspaces/INSN/src/INSaNed+0x5385834) (BuildId: ebe454c866988f44aa6059bd878123a717c12eb9)

Indirect leak of 450 byte(s) in 50 object(s) allocated from:
    #0 0x7d1a09be09c7 in malloc ../../../../src/libsanitizer/asan/asan_malloc_linux.cpp:69
    #1 0x7d1a09458ee2 in CRYPTO_strdup (/lib/x86_64-linux-gnu/libcrypto.so.3+0x224ee2) (BuildId: 0698e1ff610cb3c6993dccbd82c1281b1b4c5ade)
    #2 0x7d1a09811150  (/lib/x86_64-linux-gnu/libssl.so.3+0x46150) (BuildId: 5f3b12d47114f9fbdc7765266cd0bb8f1b5ee8fc)
    #3 0x7d1a095c40c4  (/lib/x86_64-linux-gnu/libcrypto.so.3+0x3900c4) (BuildId: 0698e1ff610cb3c6993dccbd82c1281b1b4c5ade)
    #4 0x7d1a09810f99  (/lib/x86_64-linux-gnu/libssl.so.3+0x45f99) (BuildId: 5f3b12d47114f9fbdc7765266cd0bb8f1b5ee8fc)
    #5 0x7d1a09462f96  (/lib/x86_64-linux-gnu/libcrypto.so.3+0x22ef96) (BuildId: 0698e1ff610cb3c6993dccbd82c1281b1b4c5ade)
    #6 0x7d1a09811ff6  (/lib/x86_64-linux-gnu/libssl.so.3+0x46ff6) (BuildId: 5f3b12d47114f9fbdc7765266cd0bb8f1b5ee8fc)
    #7 0x7d1a098088e7 in SSL_CTX_new_ex (/lib/x86_64-linux-gnu/libssl.so.3+0x3d8e7) (BuildId: 5f3b12d47114f9fbdc7765266cd0bb8f1b5ee8fc)
    #8 0x5c43df901187 in boost::asio::ssl::context::context(boost::asio::ssl::context_base::method) /usr/include/boost/asio/ssl/impl/context.ipp:312
    #9 0x5c43df901187 in StartRPCThreads() /workspaces/INSN/src/rpcserver.cpp:552
    #10 0x5c43df11ac7c in AppInit2(boost::thread_group&) /workspaces/INSN/src/init.cpp:1124
    #11 0x5c43df27e953 in AppInit(int, char**) /workspaces/INSN/src/bitcoind.cpp:106
    #12 0x5c43df27f1b9 in main /workspaces/INSN/src/bitcoind.cpp:136
    #13 0x7d1a086731c9 in __libc_start_call_main ../sysdeps/nptl/libc_start_call_main.h:58
    #14 0x7d1a0867328a in __libc_start_main_impl ../csu/libc-start.c:360
    #15 0x5c43deef8834 in _start (/workspaces/INSN/src/INSaNed+0x5385834) (BuildId: ebe454c866988f44aa6059bd878123a717c12eb9)

Indirect leak of 392 byte(s) in 7 object(s) allocated from:
    #0 0x7d1a09be09c7 in malloc ../../../../src/libsanitizer/asan/asan_malloc_linux.cpp:69
    #1 0x7d1a094577c4 in CRYPTO_zalloc (/lib/x86_64-linux-gnu/libcrypto.so.3+0x2237c4) (BuildId: 0698e1ff610cb3c6993dccbd82c1281b1b4c5ade)
    #2 0x7d1a094645a3 in CRYPTO_THREAD_lock_new (/lib/x86_64-linux-gnu/libcrypto.so.3+0x2305a3) (BuildId: 0698e1ff610cb3c6993dccbd82c1281b1b4c5ade)
    #3 0x7d1a09417760  (/lib/x86_64-linux-gnu/libcrypto.so.3+0x1e3760) (BuildId: 0698e1ff610cb3c6993dccbd82c1281b1b4c5ade)
    #4 0x7d1a094188e8  (/lib/x86_64-linux-gnu/libcrypto.so.3+0x1e48e8) (BuildId: 0698e1ff610cb3c6993dccbd82c1281b1b4c5ade)
    #5 0x7d1a0942df4b  (/lib/x86_64-linux-gnu/libcrypto.so.3+0x1f9f4b) (BuildId: 0698e1ff610cb3c6993dccbd82c1281b1b4c5ade)
    #6 0x7d1a094534a8  (/lib/x86_64-linux-gnu/libcrypto.so.3+0x21f4a8) (BuildId: 0698e1ff610cb3c6993dccbd82c1281b1b4c5ade)
    #7 0x7d1a094531bf  (/lib/x86_64-linux-gnu/libcrypto.so.3+0x21f1bf) (BuildId: 0698e1ff610cb3c6993dccbd82c1281b1b4c5ade)
    #8 0x7d1a09462f96  (/lib/x86_64-linux-gnu/libcrypto.so.3+0x22ef96) (BuildId: 0698e1ff610cb3c6993dccbd82c1281b1b4c5ade)
    #9 0x7d1a09453337  (/lib/x86_64-linux-gnu/libcrypto.so.3+0x21f337) (BuildId: 0698e1ff610cb3c6993dccbd82c1281b1b4c5ade)
    #10 0x7d1a094536d8  (/lib/x86_64-linux-gnu/libcrypto.so.3+0x21f6d8) (BuildId: 0698e1ff610cb3c6993dccbd82c1281b1b4c5ade)
    #11 0x7d1a0942e804  (/lib/x86_64-linux-gnu/libcrypto.so.3+0x1fa804) (BuildId: 0698e1ff610cb3c6993dccbd82c1281b1b4c5ade)
    #12 0x7d1a0942eae3  (/lib/x86_64-linux-gnu/libcrypto.so.3+0x1faae3) (BuildId: 0698e1ff610cb3c6993dccbd82c1281b1b4c5ade)
    #13 0x7d1a094177e1 in EVP_MD_fetch (/lib/x86_64-linux-gnu/libcrypto.so.3+0x1e37e1) (BuildId: 0698e1ff610cb3c6993dccbd82c1281b1b4c5ade)
    #14 0x7d1a09418825 in EVP_Q_digest (/lib/x86_64-linux-gnu/libcrypto.so.3+0x1e4825) (BuildId: 0698e1ff610cb3c6993dccbd82c1281b1b4c5ade)
    #15 0x7d1a095641e8 in SHA256 (/lib/x86_64-linux-gnu/libcrypto.so.3+0x3301e8) (BuildId: 0698e1ff610cb3c6993dccbd82c1281b1b4c5ade)
    #16 0x5c43df26c73a in CHashWriter::GetHash() /workspaces/INSN/src/hash.h:106
    #17 0x5c43df26c73a in uint256 SerializeHash<CTransaction>(CTransaction const&, int, int) /workspaces/INSN/src/hash.h:158
    #18 0x5c43df26d523 in CTransaction::GetHash() const /workspaces/INSN/src/main.h:302
    #19 0x5c43df26d523 in CBlock::BuildMerkleTree() const /workspaces/INSN/src/main.h:755
    #20 0x5c43dfc1ca10 in CMainParams::CMainParams() /workspaces/INSN/src/chainparams.cpp:72
    #21 0x5c43dfc07ef5 in __static_initialization_and_destruction_0 /workspaces/INSN/src/chainparams.cpp:119
    #22 0x5c43dfc07ef5 in _GLOBAL__sub_I__Z6Paramsv /workspaces/INSN/src/chainparams.cpp:249
    #23 0x7d1a08673303 in call_init ../csu/libc-start.c:145
    #24 0x7d1a08673303 in __libc_start_main_impl ../csu/libc-start.c:347
    #25 0x5c43deef8834 in _start (/workspaces/INSN/src/INSaNed+0x5385834) (BuildId: ebe454c866988f44aa6059bd878123a717c12eb9)

Indirect leak of 224 byte(s) in 1 object(s) allocated from:
    #0 0x7d1a09be09c7 in malloc ../../../../src/libsanitizer/asan/asan_malloc_linux.cpp:69
    #1 0x7d1a094577c4 in CRYPTO_zalloc (/lib/x86_64-linux-gnu/libcrypto.so.3+0x2237c4) (BuildId: 0698e1ff610cb3c6993dccbd82c1281b1b4c5ade)
    #2 0x7d1a094626c2  (/lib/x86_64-linux-gnu/libcrypto.so.3+0x22e6c2) (BuildId: 0698e1ff610cb3c6993dccbd82c1281b1b4c5ade)
    #3 0x7d1a09462ca3  (/lib/x86_64-linux-gnu/libcrypto.so.3+0x22eca3) (BuildId: 0698e1ff610cb3c6993dccbd82c1281b1b4c5ade)
    #4 0x7d1a09462d94  (/lib/x86_64-linux-gnu/libcrypto.so.3+0x22ed94) (BuildId: 0698e1ff610cb3c6993dccbd82c1281b1b4c5ade)
    #5 0x7d1a09453337  (/lib/x86_64-linux-gnu/libcrypto.so.3+0x21f337) (BuildId: 0698e1ff610cb3c6993dccbd82c1281b1b4c5ade)
    #6 0x7d1a094536d8  (/lib/x86_64-linux-gnu/libcrypto.so.3+0x21f6d8) (BuildId: 0698e1ff610cb3c6993dccbd82c1281b1b4c5ade)
    #7 0x7d1a0942e6dc  (/lib/x86_64-linux-gnu/libcrypto.so.3+0x1fa6dc) (BuildId: 0698e1ff610cb3c6993dccbd82c1281b1b4c5ade)
    #8 0x7d1a0942eae3  (/lib/x86_64-linux-gnu/libcrypto.so.3+0x1faae3) (BuildId: 0698e1ff610cb3c6993dccbd82c1281b1b4c5ade)
    #9 0x7d1a094337c1 in EVP_RAND_fetch (/lib/x86_64-linux-gnu/libcrypto.so.3+0x1ff7c1) (BuildId: 0698e1ff610cb3c6993dccbd82c1281b1b4c5ade)
    #10 0x7d1a0953e36b in RAND_get0_primary (/lib/x86_64-linux-gnu/libcrypto.so.3+0x30a36b) (BuildId: 0698e1ff610cb3c6993dccbd82c1281b1b4c5ade)
    #11 0x7d1a0953e7cf in RAND_get0_public (/lib/x86_64-linux-gnu/libcrypto.so.3+0x30a7cf) (BuildId: 0698e1ff610cb3c6993dccbd82c1281b1b4c5ade)
    #12 0x7d1a0953e897 in RAND_bytes_ex (/lib/x86_64-linux-gnu/libcrypto.so.3+0x30a897) (BuildId: 0698e1ff610cb3c6993dccbd82c1281b1b4c5ade)
    #13 0x5c43dfb429d9 in GetRandBytes(unsigned char*, int) /workspaces/INSN/src/util.cpp:155
    #14 0x5c43df73ebe9 in CAddrMan::CAddrMan() /workspaces/INSN/src/addrman.h:395
    #15 0x5c43df6b8f4a in __static_initialization_and_destruction_0 /workspaces/INSN/src/net.cpp:57
    #16 0x5c43df6b8f4a in _GLOBAL__sub_I_fDiscover /workspaces/INSN/src/net.cpp:1882
    #17 0x7d1a08673303 in call_init ../csu/libc-start.c:145
    #18 0x7d1a08673303 in __libc_start_main_impl ../csu/libc-start.c:347
    #19 0x5c43deef8834 in _start (/workspaces/INSN/src/INSaNed+0x5385834) (BuildId: ebe454c866988f44aa6059bd878123a717c12eb9)

Indirect leak of 163 byte(s) in 12 object(s) allocated from:
    #0 0x7d1a09be09c7 in malloc ../../../../src/libsanitizer/asan/asan_malloc_linux.cpp:69
    #1 0x7d1a09459043 in CRYPTO_strndup (/lib/x86_64-linux-gnu/libcrypto.so.3+0x225043) (BuildId: 0698e1ff610cb3c6993dccbd82c1281b1b4c5ade)
    #2 0x7d1a09453381  (/lib/x86_64-linux-gnu/libcrypto.so.3+0x21f381) (BuildId: 0698e1ff610cb3c6993dccbd82c1281b1b4c5ade)
    #3 0x7d1a0942d9bc  (/lib/x86_64-linux-gnu/libcrypto.so.3+0x1f99bc) (BuildId: 0698e1ff610cb3c6993dccbd82c1281b1b4c5ade)
    #4 0x7d1a0942df4b  (/lib/x86_64-linux-gnu/libcrypto.so.3+0x1f9f4b) (BuildId: 0698e1ff610cb3c6993dccbd82c1281b1b4c5ade)
    #5 0x7d1a094534a8  (/lib/x86_64-linux-gnu/libcrypto.so.3+0x21f4a8) (BuildId: 0698e1ff610cb3c6993dccbd82c1281b1b4c5ade)
    #6 0x7d1a094531bf  (/lib/x86_64-linux-gnu/libcrypto.so.3+0x21f1bf) (BuildId: 0698e1ff610cb3c6993dccbd82c1281b1b4c5ade)
    #7 0x7d1a09462f96  (/lib/x86_64-linux-gnu/libcrypto.so.3+0x22ef96) (BuildId: 0698e1ff610cb3c6993dccbd82c1281b1b4c5ade)
    #8 0x7d1a09453337  (/lib/x86_64-linux-gnu/libcrypto.so.3+0x21f337) (BuildId: 0698e1ff610cb3c6993dccbd82c1281b1b4c5ade)
    #9 0x7d1a094536d8  (/lib/x86_64-linux-gnu/libcrypto.so.3+0x21f6d8) (BuildId: 0698e1ff610cb3c6993dccbd82c1281b1b4c5ade)
    #10 0x7d1a0942e6dc  (/lib/x86_64-linux-gnu/libcrypto.so.3+0x1fa6dc) (BuildId: 0698e1ff610cb3c6993dccbd82c1281b1b4c5ade)
    #11 0x7d1a0942eae3  (/lib/x86_64-linux-gnu/libcrypto.so.3+0x1faae3) (BuildId: 0698e1ff610cb3c6993dccbd82c1281b1b4c5ade)
    #12 0x7d1a0942c591 in EVP_CIPHER_fetch (/lib/x86_64-linux-gnu/libcrypto.so.3+0x1f8591) (BuildId: 0698e1ff610cb3c6993dccbd82c1281b1b4c5ade)
    #13 0x7d1a09605f03  (/lib/x86_64-linux-gnu/libcrypto.so.3+0x3d1f03) (BuildId: 0698e1ff610cb3c6993dccbd82c1281b1b4c5ade)
    #14 0x7d1a096063aa  (/lib/x86_64-linux-gnu/libcrypto.so.3+0x3d23aa) (BuildId: 0698e1ff610cb3c6993dccbd82c1281b1b4c5ade)
    #15 0x7d1a09433edc in EVP_RAND_instantiate (/lib/x86_64-linux-gnu/libcrypto.so.3+0x1ffedc) (BuildId: 0698e1ff610cb3c6993dccbd82c1281b1b4c5ade)
    #16 0x7d1a0953d8df  (/lib/x86_64-linux-gnu/libcrypto.so.3+0x3098df) (BuildId: 0698e1ff610cb3c6993dccbd82c1281b1b4c5ade)
    #17 0x7d1a0953e2ab in RAND_get0_primary (/lib/x86_64-linux-gnu/libcrypto.so.3+0x30a2ab) (BuildId: 0698e1ff610cb3c6993dccbd82c1281b1b4c5ade)
    #18 0x7d1a0953e7cf in RAND_get0_public (/lib/x86_64-linux-gnu/libcrypto.so.3+0x30a7cf) (BuildId: 0698e1ff610cb3c6993dccbd82c1281b1b4c5ade)
    #19 0x7d1a0953e897 in RAND_bytes_ex (/lib/x86_64-linux-gnu/libcrypto.so.3+0x30a897) (BuildId: 0698e1ff610cb3c6993dccbd82c1281b1b4c5ade)
    #20 0x5c43dfb429d9 in GetRandBytes(unsigned char*, int) /workspaces/INSN/src/util.cpp:155
    #21 0x5c43df73ebe9 in CAddrMan::CAddrMan() /workspaces/INSN/src/addrman.h:395
    #22 0x5c43df6b8f4a in __static_initialization_and_destruction_0 /workspaces/INSN/src/net.cpp:57
    #23 0x5c43df6b8f4a in _GLOBAL__sub_I_fDiscover /workspaces/INSN/src/net.cpp:1882
    #24 0x7d1a08673303 in call_init ../csu/libc-start.c:145
    #25 0x7d1a08673303 in __libc_start_main_impl ../csu/libc-start.c:347
    #26 0x5c43deef8834 in _start (/workspaces/INSN/src/INSaNed+0x5385834) (BuildId: ebe454c866988f44aa6059bd878123a717c12eb9)

Indirect leak of 160 byte(s) in 1 object(s) allocated from:
    #0 0x7d1a09be09c7 in malloc ../../../../src/libsanitizer/asan/asan_malloc_linux.cpp:69
    #1 0x7d1a094577c4 in CRYPTO_zalloc (/lib/x86_64-linux-gnu/libcrypto.so.3+0x2237c4) (BuildId: 0698e1ff610cb3c6993dccbd82c1281b1b4c5ade)
    #2 0x7d1a095afc53 in X509_STORE_new (/lib/x86_64-linux-gnu/libcrypto.so.3+0x37bc53) (BuildId: 0698e1ff610cb3c6993dccbd82c1281b1b4c5ade)
    #3 0x7d1a09808897 in SSL_CTX_new_ex (/lib/x86_64-linux-gnu/libssl.so.3+0x3d897) (BuildId: 5f3b12d47114f9fbdc7765266cd0bb8f1b5ee8fc)
    #4 0x5c43df901187 in boost::asio::ssl::context::context(boost::asio::ssl::context_base::method) /usr/include/boost/asio/ssl/impl/context.ipp:312
    #5 0x5c43df901187 in StartRPCThreads() /workspaces/INSN/src/rpcserver.cpp:552
    #6 0x5c43df11ac7c in AppInit2(boost::thread_group&) /workspaces/INSN/src/init.cpp:1124
    #7 0x5c43df27e953 in AppInit(int, char**) /workspaces/INSN/src/bitcoind.cpp:106
    #8 0x5c43df27f1b9 in main /workspaces/INSN/src/bitcoind.cpp:136
    #9 0x7d1a086731c9 in __libc_start_call_main ../sysdeps/nptl/libc_start_call_main.h:58
    #10 0x7d1a0867328a in __libc_start_main_impl ../csu/libc-start.c:360
    #11 0x5c43deef8834 in _start (/workspaces/INSN/src/INSaNed+0x5385834) (BuildId: ebe454c866988f44aa6059bd878123a717c12eb9)

Indirect leak of 156 byte(s) in 50 object(s) allocated from:
    #0 0x7d1a09be09c7 in malloc ../../../../src/libsanitizer/asan/asan_malloc_linux.cpp:69
    #1 0x7d1a09458ee2 in CRYPTO_strdup (/lib/x86_64-linux-gnu/libcrypto.so.3+0x224ee2) (BuildId: 0698e1ff610cb3c6993dccbd82c1281b1b4c5ade)
    #2 0x7d1a0981135b  (/lib/x86_64-linux-gnu/libssl.so.3+0x4635b) (BuildId: 5f3b12d47114f9fbdc7765266cd0bb8f1b5ee8fc)
    #3 0x7d1a095c40c4  (/lib/x86_64-linux-gnu/libcrypto.so.3+0x3900c4) (BuildId: 0698e1ff610cb3c6993dccbd82c1281b1b4c5ade)
    #4 0x7d1a09810f99  (/lib/x86_64-linux-gnu/libssl.so.3+0x45f99) (BuildId: 5f3b12d47114f9fbdc7765266cd0bb8f1b5ee8fc)
    #5 0x7d1a09462f96  (/lib/x86_64-linux-gnu/libcrypto.so.3+0x22ef96) (BuildId: 0698e1ff610cb3c6993dccbd82c1281b1b4c5ade)
    #6 0x7d1a09811ff6  (/lib/x86_64-linux-gnu/libssl.so.3+0x46ff6) (BuildId: 5f3b12d47114f9fbdc7765266cd0bb8f1b5ee8fc)
    #7 0x7d1a098088e7 in SSL_CTX_new_ex (/lib/x86_64-linux-gnu/libssl.so.3+0x3d8e7) (BuildId: 5f3b12d47114f9fbdc7765266cd0bb8f1b5ee8fc)
    #8 0x5c43df901187 in boost::asio::ssl::context::context(boost::asio::ssl::context_base::method) /usr/include/boost/asio/ssl/impl/context.ipp:312
    #9 0x5c43df901187 in StartRPCThreads() /workspaces/INSN/src/rpcserver.cpp:552
    #10 0x5c43df11ac7c in AppInit2(boost::thread_group&) /workspaces/INSN/src/init.cpp:1124
    #11 0x5c43df27e953 in AppInit(int, char**) /workspaces/INSN/src/bitcoind.cpp:106
    #12 0x5c43df27f1b9 in main /workspaces/INSN/src/bitcoind.cpp:136
    #13 0x7d1a086731c9 in __libc_start_call_main ../sysdeps/nptl/libc_start_call_main.h:58
    #14 0x7d1a0867328a in __libc_start_main_impl ../csu/libc-start.c:360
    #15 0x5c43deef8834 in _start (/workspaces/INSN/src/INSaNed+0x5385834) (BuildId: ebe454c866988f44aa6059bd878123a717c12eb9)

Indirect leak of 136 byte(s) in 1 object(s) allocated from:
    #0 0x7d1a09be09c7 in malloc ../../../../src/libsanitizer/asan/asan_malloc_linux.cpp:69
    #1 0x7d1a094577c4 in CRYPTO_zalloc (/lib/x86_64-linux-gnu/libcrypto.so.3+0x2237c4) (BuildId: 0698e1ff610cb3c6993dccbd82c1281b1b4c5ade)
    #2 0x7d1a0932181d in BIO_new_ex (/lib/x86_64-linux-gnu/libcrypto.so.3+0xed81d) (BuildId: 0698e1ff610cb3c6993dccbd82c1281b1b4c5ade)
    #3 0x7d1a09328257 in BIO_new_bio_pair (/lib/x86_64-linux-gnu/libcrypto.so.3+0xf4257) (BuildId: 0698e1ff610cb3c6993dccbd82c1281b1b4c5ade)
    #4 0x5c43df7eb8f7 in boost::asio::ssl::detail::engine::engine(ssl_ctx_st*) (/workspaces/INSN/src/INSaNed+0x5c788f7) (BuildId: ebe454c866988f44aa6059bd878123a717c12eb9)
    #5 0x5c43df8119a8 in boost::asio::ssl::detail::stream_core::stream_core<boost::asio::any_io_executor>(ssl_ctx_st*, boost::asio::any_io_executor const&) /usr/include/boost/asio/ssl/detail/stream_core.hpp:43
    #6 0x5c43df8fa39a in boost::asio::ssl::stream<boost::asio::basic_stream_socket<boost::asio::ip::tcp, boost::asio::any_io_executor> >::stream<boost::asio::io_context&>(boost::asio::io_context&, boost::asio::ssl::context&) /usr/include/boost/asio/ssl/stream.hpp:108
    #7 0x5c43df8fa39a in AcceptedConnectionImpl<boost::asio::ip::tcp>::AcceptedConnectionImpl(boost::asio::io_context&, boost::asio::ssl::context&, bool) /workspaces/INSN/src/rpcserver.cpp:417
    #8 0x5c43df8fa39a in RPCListen<boost::asio::ip::tcp> /workspaces/INSN/src/rpcserver.cpp:465
    #9 0x5c43df90b940 in RPCAcceptHandler<boost::asio::ip::tcp> /workspaces/INSN/src/rpcserver.cpp:491
    #10 0x5c43df9684fb in void boost::_bi::list5<boost::_bi::value<boost::shared_ptr<boost::asio::basic_socket_acceptor<boost::asio::ip::tcp, boost::asio::any_io_executor> > >, boost::reference_wrapper<boost::asio::ssl::context>, boost::_bi::value<bool>, boost::_bi::value<AcceptedConnectionImpl<boost::asio::ip::tcp>*>, boost::arg<1> (*)()>::operator()<void (*)(boost::shared_ptr<boost::asio::basic_socket_acceptor<boost::asio::ip::tcp, boost::asio::any_io_executor> >, boost::asio::ssl::context&, bool, AcceptedConnection*, boost::system::error_code const&), boost::_bi::rrlist1<boost::system::error_code const&> >(boost::_bi::type<void>, void (*&)(boost::shared_ptr<boost::asio::basic_socket_acceptor<boost::asio::ip::tcp, boost::asio::any_io_executor> >, boost::asio::ssl::context&, bool, AcceptedConnection*, boost::system::error_code const&), boost::_bi::rrlist1<boost::system::error_code const&>&, int) /usr/include/boost/bind/bind.hpp:511
    #11 0x5c43df9684fb in void boost::_bi::bind_t<void, void (*)(boost::shared_ptr<boost::asio::basic_socket_acceptor<boost::asio::ip::tcp, boost::asio::any_io_executor> >, boost::asio::ssl::context&, bool, AcceptedConnection*, boost::system::error_code const&), boost::_bi::list5<boost::_bi::value<boost::shared_ptr<boost::asio::basic_socket_acceptor<boost::asio::ip::tcp, boost::asio::any_io_executor> > >, boost::reference_wrapper<boost::asio::ssl::context>, boost::_bi::value<bool>, boost::_bi::value<AcceptedConnectionImpl<boost::asio::ip::tcp>*>, boost::arg<1> (*)()> >::operator()<boost::system::error_code const&>(boost::system::error_code const&) /usr/include/boost/bind/bind.hpp:1286
    #12 0x5c43df9684fb in boost::asio::detail::binder1<boost::_bi::bind_t<void, void (*)(boost::shared_ptr<boost::asio::basic_socket_acceptor<boost::asio::ip::tcp, boost::asio::any_io_executor> >, boost::asio::ssl::context&, bool, AcceptedConnection*, boost::system::error_code const&), boost::_bi::list5<boost::_bi::value<boost::shared_ptr<boost::asio::basic_socket_acceptor<boost::asio::ip::tcp, boost::asio::any_io_executor> > >, boost::reference_wrapper<boost::asio::ssl::context>, boost::_bi::value<bool>, boost::_bi::value<AcceptedConnectionImpl<boost::asio::ip::tcp>*>, boost::arg<1> (*)()> >, boost::system::error_code>::operator()() /usr/include/boost/asio/detail/bind_handler.hpp:171
    #13 0x5c43df9684fb in void boost::asio::asio_handler_invoke<boost::asio::detail::binder1<boost::_bi::bind_t<void, void (*)(boost::shared_ptr<boost::asio::basic_socket_acceptor<boost::asio::ip::tcp, boost::asio::any_io_executor> >, boost::asio::ssl::context&, bool, AcceptedConnection*, boost::system::error_code const&), boost::_bi::list5<boost::_bi::value<boost::shared_ptr<boost::asio::basic_socket_acceptor<boost::asio::ip::tcp, boost::asio::any_io_executor> > >, boost::reference_wrapper<boost::asio::ssl::context>, boost::_bi::value<bool>, boost::_bi::value<AcceptedConnectionImpl<boost::asio::ip::tcp>*>, boost::arg<1> (*)()> >, boost::system::error_code> >(boost::asio::detail::binder1<boost::_bi::bind_t<void, void (*)(boost::shared_ptr<boost::asio::basic_socket_acceptor<boost::asio::ip::tcp, boost::asio::any_io_executor> >, boost::asio::ssl::context&, bool, AcceptedConnection*, boost::system::error_code const&), boost::_bi::list5<boost::_bi::value<boost::shared_ptr<boost::asio::basic_socket_acceptor<boost::asio::ip::tcp, boost::asio::any_io_executor> > >, boost::reference_wrapper<boost::asio::ssl::context>, boost::_bi::value<bool>, boost::_bi::value<AcceptedConnectionImpl<boost::asio::ip::tcp>*>, boost::arg<1> (*)()> >, boost::system::error_code>&, ...) /usr/include/boost/asio/handler_invoke_hook.hpp:88
    #14 0x5c43df9684fb in void boost_asio_handler_invoke_helpers::invoke<boost::asio::detail::binder1<boost::_bi::bind_t<void, void (*)(boost::shared_ptr<boost::asio::basic_socket_acceptor<boost::asio::ip::tcp, boost::asio::any_io_executor> >, boost::asio::ssl::context&, bool, AcceptedConnection*, boost::system::error_code const&), boost::_bi::list5<boost::_bi::value<boost::shared_ptr<boost::asio::basic_socket_acceptor<boost::asio::ip::tcp, boost::asio::any_io_executor> > >, boost::reference_wrapper<boost::asio::ssl::context>, boost::_bi::value<bool>, boost::_bi::value<AcceptedConnectionImpl<boost::asio::ip::tcp>*>, boost::arg<1> (*)()> >, boost::system::error_code>, boost::_bi::bind_t<void, void (*)(boost::shared_ptr<boost::asio::basic_socket_acceptor<boost::asio::ip::tcp, boost::asio::any_io_executor> >, boost::asio::ssl::context&, bool, AcceptedConnection*, boost::system::error_code const&), boost::_bi::list5<boost::_bi::value<boost::shared_ptr<boost::asio::basic_socket_acceptor<boost::asio::ip::tcp, boost::asio::any_io_executor> > >, boost::reference_wrapper<boost::asio::ssl::context>, boost::_bi::value<bool>, boost::_bi::value<AcceptedConnectionImpl<boost::asio::ip::tcp>*>, boost::arg<1> (*)()> > >(boost::asio::detail::binder1<boost::_bi::bind_t<void, void (*)(boost::shared_ptr<boost::asio::basic_socket_acceptor<boost::asio::ip::tcp, boost::asio::any_io_executor> >, boost::asio::ssl::context&, bool, AcceptedConnection*, boost::system::error_code const&), boost::_bi::list5<boost::_bi::value<boost::shared_ptr<boost::asio::basic_socket_acceptor<boost::asio::ip::tcp, boost::asio::any_io_executor> > >, boost::reference_wrapper<boost::asio::ssl::context>, boost::_bi::value<bool>, boost::_bi::value<AcceptedConnectionImpl<boost::asio::ip::tcp>*>, boost::arg<1> (*)()> >, boost::system::error_code>&, boost::_bi::bind_t<void, void (*)(boost::shared_ptr<boost::asio::basic_socket_acceptor<boost::asio::ip::tcp, boost::asio::any_io_executor> >, boost::asio::ssl::context&, bool, AcceptedConnection*, boost::system::error_code const&), boost::_bi::list5<boost::_bi::value<boost::shared_ptr<boost::asio::basic_socket_acceptor<boost::asio::ip::tcp, boost::asio::any_io_executor> > >, boost::reference_wrapper<boost::asio::ssl::context>, boost::_bi::value<bool>, boost::_bi::value<AcceptedConnectionImpl<boost::asio::ip::tcp>*>, boost::arg<1> (*)()> >&) /usr/include/boost/asio/detail/handler_invoke_helpers.hpp:54
    #15 0x5c43df9684fb in void boost::asio::detail::handler_work<boost::_bi::bind_t<void, void (*)(boost::shared_ptr<boost::asio::basic_socket_acceptor<boost::asio::ip::tcp, boost::asio::any_io_executor> >, boost::asio::ssl::context&, bool, AcceptedConnection*, boost::system::error_code const&), boost::_bi::list5<boost::_bi::value<boost::shared_ptr<boost::asio::basic_socket_acceptor<boost::asio::ip::tcp, boost::asio::any_io_executor> > >, boost::reference_wrapper<boost::asio::ssl::context>, boost::_bi::value<bool>, boost::_bi::value<AcceptedConnectionImpl<boost::asio::ip::tcp>*>, boost::arg<1> (*)()> >, boost::asio::any_io_executor, void>::complete<boost::asio::detail::binder1<boost::_bi::bind_t<void, void (*)(boost::shared_ptr<boost::asio::basic_socket_acceptor<boost::asio::ip::tcp, boost::asio::any_io_executor> >, boost::asio::ssl::context&, bool, AcceptedConnection*, boost::system::error_code const&), boost::_bi::list5<boost::_bi::value<boost::shared_ptr<boost::asio::basic_socket_acceptor<boost::asio::ip::tcp, boost::asio::any_io_executor> > >, boost::reference_wrapper<boost::asio::ssl::context>, boost::_bi::value<bool>, boost::_bi::value<AcceptedConnectionImpl<boost::asio::ip::tcp>*>, boost::arg<1> (*)()> >, boost::system::error_code> >(boost::asio::detail::binder1<boost::_bi::bind_t<void, void (*)(boost::shared_ptr<boost::asio::basic_socket_acceptor<boost::asio::ip::tcp, boost::asio::any_io_executor> >, boost::asio::ssl::context&, bool, AcceptedConnection*, boost::system::error_code const&), boost::_bi::list5<boost::_bi::value<boost::shared_ptr<boost::asio::basic_socket_acceptor<boost::asio::ip::tcp, boost::asio::any_io_executor> > >, boost::reference_wrapper<boost::asio::ssl::context>, boost::_bi::value<bool>, boost::_bi::value<AcceptedConnectionImpl<boost::asio::ip::tcp>*>, boost::arg<1> (*)()> >, boost::system::error_code>&, boost::_bi::bind_t<void, void (*)(boost::shared_ptr<boost::asio::basic_socket_acceptor<boost::asio::ip::tcp, boost::asio::any_io_executor> >, boost::asio::ssl::context&, bool, AcceptedConnection*, boost::system::error_code const&), boost::_bi::list5<boost::_bi::value<boost::shared_ptr<boost::asio::basic_socket_acceptor<boost::asio::ip::tcp, boost::asio::any_io_executor> > >, boost::reference_wrapper<boost::asio::ssl::context>, boost::_bi::value<bool>, boost::_bi::value<AcceptedConnectionImpl<boost::asio::ip::tcp>*>, boost::arg<1> (*)()> >&) /usr/include/boost/asio/detail/handler_work.hpp:524
    #16 0x5c43df9684fb in boost::asio::detail::reactive_socket_accept_op<boost::asio::basic_socket<boost::asio::ip::tcp, boost::asio::any_io_executor>, boost::asio::ip::tcp, boost::_bi::bind_t<void, void (*)(boost::shared_ptr<boost::asio::basic_socket_acceptor<boost::asio::ip::tcp, boost::asio::any_io_executor> >, boost::asio::ssl::context&, bool, AcceptedConnection*, boost::system::error_code const&), boost::_bi::list5<boost::_bi::value<boost::shared_ptr<boost::asio::basic_socket_acceptor<boost::asio::ip::tcp, boost::asio::any_io_executor> > >, boost::reference_wrapper<boost::asio::ssl::context>, boost::_bi::value<bool>, boost::_bi::value<AcceptedConnectionImpl<boost::asio::ip::tcp>*>, boost::arg<1> (*)()> >, boost::asio::any_io_executor>::do_complete(void*, boost::asio::detail::scheduler_operation*, boost::system::error_code const&, unsigned long) /usr/include/boost/asio/detail/reactive_socket_accept_op.hpp:155
    #17 0x5c43df7ce7c3 in boost::asio::detail::scheduler_operation::complete(void*, boost::system::error_code const&, unsigned long) /usr/include/boost/asio/detail/scheduler_operation.hpp:40
    #18 0x5c43df7ce7c3 in boost::asio::detail::epoll_reactor::descriptor_state::do_complete(void*, boost::asio::detail::scheduler_operation*, boost::system::error_code const&, unsigned long) /usr/include/boost/asio/detail/impl/epoll_reactor.ipp:815
    #19 0x5c43df7c8e7f in boost::asio::detail::scheduler::do_run_one(boost::asio::detail::conditionally_enabled_mutex::scoped_lock&, boost::asio::detail::scheduler_thread_info&, boost::system::error_code const&) (/workspaces/INSN/src/INSaNed+0x5c55e7f) (BuildId: ebe454c866988f44aa6059bd878123a717c12eb9)
    #20 0x5c43df7ca9be in boost::asio::detail::scheduler::run(boost::system::error_code&) /usr/include/boost/asio/detail/impl/scheduler.ipp:210
    #21 0x5c43df928686 in boost::asio::io_context::run() /usr/include/boost/asio/impl/io_context.ipp:64
    #22 0x5c43df9156e9 in boost::_mfi::mf0<unsigned long, boost::asio::io_context>::operator()(boost::asio::io_context*) const /usr/include/boost/bind/mem_fn_template.hpp:49
    #23 0x5c43df9156e9 in unsigned long boost::_bi::list1<boost::_bi::value<boost::asio::io_context*> >::operator()<unsigned long, boost::_mfi::mf0<unsigned long, boost::asio::io_context>, boost::_bi::list0>(boost::_bi::type<unsigned long>, boost::_mfi::mf0<unsigned long, boost::asio::io_context>&, boost::_bi::list0&, long) /usr/include/boost/bind/bind.hpp:229
    #24 0x5c43df9156e9 in boost::_bi::bind_t<unsigned long, boost::_mfi::mf0<unsigned long, boost::asio::io_context>, boost::_bi::list1<boost::_bi::value<boost::asio::io_context*> > >::operator()() /usr/include/boost/bind/bind.hpp:1274
    #25 0x5c43df9156e9 in boost::detail::thread_data<boost::_bi::bind_t<unsigned long, boost::_mfi::mf0<unsigned long, boost::asio::io_context>, boost::_bi::list1<boost::_bi::value<boost::asio::io_context*> > > >::run() /usr/include/boost/thread/detail/thread.hpp:120
    #26 0x7d1a09a6e99e  (/lib/x86_64-linux-gnu/libboost_thread.so.1.83.0+0x1699e) (BuildId: cdf2ab5aa23cece03cad83b104e3376e2e8edecb)
    #27 0x7d1a09b41a41 in asan_thread_start ../../../../src/libsanitizer/asan/asan_interceptors.cpp:234
    #28 0x7d1a086e5aa3 in start_thread nptl/pthread_create.c:447

Indirect leak of 136 byte(s) in 1 object(s) allocated from:
    #0 0x7d1a09be09c7 in malloc ../../../../src/libsanitizer/asan/asan_malloc_linux.cpp:69
    #1 0x7d1a094577c4 in CRYPTO_zalloc (/lib/x86_64-linux-gnu/libcrypto.so.3+0x2237c4) (BuildId: 0698e1ff610cb3c6993dccbd82c1281b1b4c5ade)
    #2 0x7d1a0932181d in BIO_new_ex (/lib/x86_64-linux-gnu/libcrypto.so.3+0xed81d) (BuildId: 0698e1ff610cb3c6993dccbd82c1281b1b4c5ade)
    #3 0x7d1a0932823e in BIO_new_bio_pair (/lib/x86_64-linux-gnu/libcrypto.so.3+0xf423e) (BuildId: 0698e1ff610cb3c6993dccbd82c1281b1b4c5ade)
    #4 0x5c43df7eb8f7 in boost::asio::ssl::detail::engine::engine(ssl_ctx_st*) (/workspaces/INSN/src/INSaNed+0x5c788f7) (BuildId: ebe454c866988f44aa6059bd878123a717c12eb9)
    #5 0x5c43df8119a8 in boost::asio::ssl::detail::stream_core::stream_core<boost::asio::any_io_executor>(ssl_ctx_st*, boost::asio::any_io_executor const&) /usr/include/boost/asio/ssl/detail/stream_core.hpp:43
    #6 0x5c43df8fa39a in boost::asio::ssl::stream<boost::asio::basic_stream_socket<boost::asio::ip::tcp, boost::asio::any_io_executor> >::stream<boost::asio::io_context&>(boost::asio::io_context&, boost::asio::ssl::context&) /usr/include/boost/asio/ssl/stream.hpp:108
    #7 0x5c43df8fa39a in AcceptedConnectionImpl<boost::asio::ip::tcp>::AcceptedConnectionImpl(boost::asio::io_context&, boost::asio::ssl::context&, bool) /workspaces/INSN/src/rpcserver.cpp:417
    #8 0x5c43df8fa39a in RPCListen<boost::asio::ip::tcp> /workspaces/INSN/src/rpcserver.cpp:465
    #9 0x5c43df90b940 in RPCAcceptHandler<boost::asio::ip::tcp> /workspaces/INSN/src/rpcserver.cpp:491
    #10 0x5c43df9684fb in void boost::_bi::list5<boost::_bi::value<boost::shared_ptr<boost::asio::basic_socket_acceptor<boost::asio::ip::tcp, boost::asio::any_io_executor> > >, boost::reference_wrapper<boost::asio::ssl::context>, boost::_bi::value<bool>, boost::_bi::value<AcceptedConnectionImpl<boost::asio::ip::tcp>*>, boost::arg<1> (*)()>::operator()<void (*)(boost::shared_ptr<boost::asio::basic_socket_acceptor<boost::asio::ip::tcp, boost::asio::any_io_executor> >, boost::asio::ssl::context&, bool, AcceptedConnection*, boost::system::error_code const&), boost::_bi::rrlist1<boost::system::error_code const&> >(boost::_bi::type<void>, void (*&)(boost::shared_ptr<boost::asio::basic_socket_acceptor<boost::asio::ip::tcp, boost::asio::any_io_executor> >, boost::asio::ssl::context&, bool, AcceptedConnection*, boost::system::error_code const&), boost::_bi::rrlist1<boost::system::error_code const&>&, int) /usr/include/boost/bind/bind.hpp:511
    #11 0x5c43df9684fb in void boost::_bi::bind_t<void, void (*)(boost::shared_ptr<boost::asio::basic_socket_acceptor<boost::asio::ip::tcp, boost::asio::any_io_executor> >, boost::asio::ssl::context&, bool, AcceptedConnection*, boost::system::error_code const&), boost::_bi::list5<boost::_bi::value<boost::shared_ptr<boost::asio::basic_socket_acceptor<boost::asio::ip::tcp, boost::asio::any_io_executor> > >, boost::reference_wrapper<boost::asio::ssl::context>, boost::_bi::value<bool>, boost::_bi::value<AcceptedConnectionImpl<boost::asio::ip::tcp>*>, boost::arg<1> (*)()> >::operator()<boost::system::error_code const&>(boost::system::error_code const&) /usr/include/boost/bind/bind.hpp:1286
    #12 0x5c43df9684fb in boost::asio::detail::binder1<boost::_bi::bind_t<void, void (*)(boost::shared_ptr<boost::asio::basic_socket_acceptor<boost::asio::ip::tcp, boost::asio::any_io_executor> >, boost::asio::ssl::context&, bool, AcceptedConnection*, boost::system::error_code const&), boost::_bi::list5<boost::_bi::value<boost::shared_ptr<boost::asio::basic_socket_acceptor<boost::asio::ip::tcp, boost::asio::any_io_executor> > >, boost::reference_wrapper<boost::asio::ssl::context>, boost::_bi::value<bool>, boost::_bi::value<AcceptedConnectionImpl<boost::asio::ip::tcp>*>, boost::arg<1> (*)()> >, boost::system::error_code>::operator()() /usr/include/boost/asio/detail/bind_handler.hpp:171
    #13 0x5c43df9684fb in void boost::asio::asio_handler_invoke<boost::asio::detail::binder1<boost::_bi::bind_t<void, void (*)(boost::shared_ptr<boost::asio::basic_socket_acceptor<boost::asio::ip::tcp, boost::asio::any_io_executor> >, boost::asio::ssl::context&, bool, AcceptedConnection*, boost::system::error_code const&), boost::_bi::list5<boost::_bi::value<boost::shared_ptr<boost::asio::basic_socket_acceptor<boost::asio::ip::tcp, boost::asio::any_io_executor> > >, boost::reference_wrapper<boost::asio::ssl::context>, boost::_bi::value<bool>, boost::_bi::value<AcceptedConnectionImpl<boost::asio::ip::tcp>*>, boost::arg<1> (*)()> >, boost::system::error_code> >(boost::asio::detail::binder1<boost::_bi::bind_t<void, void (*)(boost::shared_ptr<boost::asio::basic_socket_acceptor<boost::asio::ip::tcp, boost::asio::any_io_executor> >, boost::asio::ssl::context&, bool, AcceptedConnection*, boost::system::error_code const&), boost::_bi::list5<boost::_bi::value<boost::shared_ptr<boost::asio::basic_socket_acceptor<boost::asio::ip::tcp, boost::asio::any_io_executor> > >, boost::reference_wrapper<boost::asio::ssl::context>, boost::_bi::value<bool>, boost::_bi::value<AcceptedConnectionImpl<boost::asio::ip::tcp>*>, boost::arg<1> (*)()> >, boost::system::error_code>&, ...) /usr/include/boost/asio/handler_invoke_hook.hpp:88
    #14 0x5c43df9684fb in void boost_asio_handler_invoke_helpers::invoke<boost::asio::detail::binder1<boost::_bi::bind_t<void, void (*)(boost::shared_ptr<boost::asio::basic_socket_acceptor<boost::asio::ip::tcp, boost::asio::any_io_executor> >, boost::asio::ssl::context&, bool, AcceptedConnection*, boost::system::error_code const&), boost::_bi::list5<boost::_bi::value<boost::shared_ptr<boost::asio::basic_socket_acceptor<boost::asio::ip::tcp, boost::asio::any_io_executor> > >, boost::reference_wrapper<boost::asio::ssl::context>, boost::_bi::value<bool>, boost::_bi::value<AcceptedConnectionImpl<boost::asio::ip::tcp>*>, boost::arg<1> (*)()> >, boost::system::error_code>, boost::_bi::bind_t<void, void (*)(boost::shared_ptr<boost::asio::basic_socket_acceptor<boost::asio::ip::tcp, boost::asio::any_io_executor> >, boost::asio::ssl::context&, bool, AcceptedConnection*, boost::system::error_code const&), boost::_bi::list5<boost::_bi::value<boost::shared_ptr<boost::asio::basic_socket_acceptor<boost::asio::ip::tcp, boost::asio::any_io_executor> > >, boost::reference_wrapper<boost::asio::ssl::context>, boost::_bi::value<bool>, boost::_bi::value<AcceptedConnectionImpl<boost::asio::ip::tcp>*>, boost::arg<1> (*)()> > >(boost::asio::detail::binder1<boost::_bi::bind_t<void, void (*)(boost::shared_ptr<boost::asio::basic_socket_acceptor<boost::asio::ip::tcp, boost::asio::any_io_executor> >, boost::asio::ssl::context&, bool, AcceptedConnection*, boost::system::error_code const&), boost::_bi::list5<boost::_bi::value<boost::shared_ptr<boost::asio::basic_socket_acceptor<boost::asio::ip::tcp, boost::asio::any_io_executor> > >, boost::reference_wrapper<boost::asio::ssl::context>, boost::_bi::value<bool>, boost::_bi::value<AcceptedConnectionImpl<boost::asio::ip::tcp>*>, boost::arg<1> (*)()> >, boost::system::error_code>&, boost::_bi::bind_t<void, void (*)(boost::shared_ptr<boost::asio::basic_socket_acceptor<boost::asio::ip::tcp, boost::asio::any_io_executor> >, boost::asio::ssl::context&, bool, AcceptedConnection*, boost::system::error_code const&), boost::_bi::list5<boost::_bi::value<boost::shared_ptr<boost::asio::basic_socket_acceptor<boost::asio::ip::tcp, boost::asio::any_io_executor> > >, boost::reference_wrapper<boost::asio::ssl::context>, boost::_bi::value<bool>, boost::_bi::value<AcceptedConnectionImpl<boost::asio::ip::tcp>*>, boost::arg<1> (*)()> >&) /usr/include/boost/asio/detail/handler_invoke_helpers.hpp:54
    #15 0x5c43df9684fb in void boost::asio::detail::handler_work<boost::_bi::bind_t<void, void (*)(boost::shared_ptr<boost::asio::basic_socket_acceptor<boost::asio::ip::tcp, boost::asio::any_io_executor> >, boost::asio::ssl::context&, bool, AcceptedConnection*, boost::system::error_code const&), boost::_bi::list5<boost::_bi::value<boost::shared_ptr<boost::asio::basic_socket_acceptor<boost::asio::ip::tcp, boost::asio::any_io_executor> > >, boost::reference_wrapper<boost::asio::ssl::context>, boost::_bi::value<bool>, boost::_bi::value<AcceptedConnectionImpl<boost::asio::ip::tcp>*>, boost::arg<1> (*)()> >, boost::asio::any_io_executor, void>::complete<boost::asio::detail::binder1<boost::_bi::bind_t<void, void (*)(boost::shared_ptr<boost::asio::basic_socket_acceptor<boost::asio::ip::tcp, boost::asio::any_io_executor> >, boost::asio::ssl::context&, bool, AcceptedConnection*, boost::system::error_code const&), boost::_bi::list5<boost::_bi::value<boost::shared_ptr<boost::asio::basic_socket_acceptor<boost::asio::ip::tcp, boost::asio::any_io_executor> > >, boost::reference_wrapper<boost::asio::ssl::context>, boost::_bi::value<bool>, boost::_bi::value<AcceptedConnectionImpl<boost::asio::ip::tcp>*>, boost::arg<1> (*)()> >, boost::system::error_code> >(boost::asio::detail::binder1<boost::_bi::bind_t<void, void (*)(boost::shared_ptr<boost::asio::basic_socket_acceptor<boost::asio::ip::tcp, boost::asio::any_io_executor> >, boost::asio::ssl::context&, bool, AcceptedConnection*, boost::system::error_code const&), boost::_bi::list5<boost::_bi::value<boost::shared_ptr<boost::asio::basic_socket_acceptor<boost::asio::ip::tcp, boost::asio::any_io_executor> > >, boost::reference_wrapper<boost::asio::ssl::context>, boost::_bi::value<bool>, boost::_bi::value<AcceptedConnectionImpl<boost::asio::ip::tcp>*>, boost::arg<1> (*)()> >, boost::system::error_code>&, boost::_bi::bind_t<void, void (*)(boost::shared_ptr<boost::asio::basic_socket_acceptor<boost::asio::ip::tcp, boost::asio::any_io_executor> >, boost::asio::ssl::context&, bool, AcceptedConnection*, boost::system::error_code const&), boost::_bi::list5<boost::_bi::value<boost::shared_ptr<boost::asio::basic_socket_acceptor<boost::asio::ip::tcp, boost::asio::any_io_executor> > >, boost::reference_wrapper<boost::asio::ssl::context>, boost::_bi::value<bool>, boost::_bi::value<AcceptedConnectionImpl<boost::asio::ip::tcp>*>, boost::arg<1> (*)()> >&) /usr/include/boost/asio/detail/handler_work.hpp:524
    #16 0x5c43df9684fb in boost::asio::detail::reactive_socket_accept_op<boost::asio::basic_socket<boost::asio::ip::tcp, boost::asio::any_io_executor>, boost::asio::ip::tcp, boost::_bi::bind_t<void, void (*)(boost::shared_ptr<boost::asio::basic_socket_acceptor<boost::asio::ip::tcp, boost::asio::any_io_executor> >, boost::asio::ssl::context&, bool, AcceptedConnection*, boost::system::error_code const&), boost::_bi::list5<boost::_bi::value<boost::shared_ptr<boost::asio::basic_socket_acceptor<boost::asio::ip::tcp, boost::asio::any_io_executor> > >, boost::reference_wrapper<boost::asio::ssl::context>, boost::_bi::value<bool>, boost::_bi::value<AcceptedConnectionImpl<boost::asio::ip::tcp>*>, boost::arg<1> (*)()> >, boost::asio::any_io_executor>::do_complete(void*, boost::asio::detail::scheduler_operation*, boost::system::error_code const&, unsigned long) /usr/include/boost/asio/detail/reactive_socket_accept_op.hpp:155
    #17 0x5c43df7ce7c3 in boost::asio::detail::scheduler_operation::complete(void*, boost::system::error_code const&, unsigned long) /usr/include/boost/asio/detail/scheduler_operation.hpp:40
    #18 0x5c43df7ce7c3 in boost::asio::detail::epoll_reactor::descriptor_state::do_complete(void*, boost::asio::detail::scheduler_operation*, boost::system::error_code const&, unsigned long) /usr/include/boost/asio/detail/impl/epoll_reactor.ipp:815
    #19 0x5c43df7c8e7f in boost::asio::detail::scheduler::do_run_one(boost::asio::detail::conditionally_enabled_mutex::scoped_lock&, boost::asio::detail::scheduler_thread_info&, boost::system::error_code const&) (/workspaces/INSN/src/INSaNed+0x5c55e7f) (BuildId: ebe454c866988f44aa6059bd878123a717c12eb9)
    #20 0x5c43df7ca9be in boost::asio::detail::scheduler::run(boost::system::error_code&) /usr/include/boost/asio/detail/impl/scheduler.ipp:210
    #21 0x5c43df928686 in boost::asio::io_context::run() /usr/include/boost/asio/impl/io_context.ipp:64
    #22 0x5c43df9156e9 in boost::_mfi::mf0<unsigned long, boost::asio::io_context>::operator()(boost::asio::io_context*) const /usr/include/boost/bind/mem_fn_template.hpp:49
    #23 0x5c43df9156e9 in unsigned long boost::_bi::list1<boost::_bi::value<boost::asio::io_context*> >::operator()<unsigned long, boost::_mfi::mf0<unsigned long, boost::asio::io_context>, boost::_bi::list0>(boost::_bi::type<unsigned long>, boost::_mfi::mf0<unsigned long, boost::asio::io_context>&, boost::_bi::list0&, long) /usr/include/boost/bind/bind.hpp:229
    #24 0x5c43df9156e9 in boost::_bi::bind_t<unsigned long, boost::_mfi::mf0<unsigned long, boost::asio::io_context>, boost::_bi::list1<boost::_bi::value<boost::asio::io_context*> > >::operator()() /usr/include/boost/bind/bind.hpp:1274
    #25 0x5c43df9156e9 in boost::detail::thread_data<boost::_bi::bind_t<unsigned long, boost::_mfi::mf0<unsigned long, boost::asio::io_context>, boost::_bi::list1<boost::_bi::value<boost::asio::io_context*> > > >::run() /usr/include/boost/thread/detail/thread.hpp:120
    #26 0x7d1a09a6e99e  (/lib/x86_64-linux-gnu/libboost_thread.so.1.83.0+0x1699e) (BuildId: cdf2ab5aa23cece03cad83b104e3376e2e8edecb)
    #27 0x7d1a09b41a41 in asan_thread_start ../../../../src/libsanitizer/asan/asan_interceptors.cpp:234
    #28 0x7d1a086e5aa3 in start_thread nptl/pthread_create.c:447

Indirect leak of 136 byte(s) in 1 object(s) allocated from:
    #0 0x7d1a09be09c7 in malloc ../../../../src/libsanitizer/asan/asan_malloc_linux.cpp:69
    #1 0x7d1a094577c4 in CRYPTO_zalloc (/lib/x86_64-linux-gnu/libcrypto.so.3+0x2237c4) (BuildId: 0698e1ff610cb3c6993dccbd82c1281b1b4c5ade)
    #2 0x7d1a0932181d in BIO_new_ex (/lib/x86_64-linux-gnu/libcrypto.so.3+0xed81d) (BuildId: 0698e1ff610cb3c6993dccbd82c1281b1b4c5ade)
    #3 0x7d1a0932823e in BIO_new_bio_pair (/lib/x86_64-linux-gnu/libcrypto.so.3+0xf423e) (BuildId: 0698e1ff610cb3c6993dccbd82c1281b1b4c5ade)
    #4 0x5c43df7eb8f7 in boost::asio::ssl::detail::engine::engine(ssl_ctx_st*) (/workspaces/INSN/src/INSaNed+0x5c788f7) (BuildId: ebe454c866988f44aa6059bd878123a717c12eb9)
    #5 0x5c43df8119a8 in boost::asio::ssl::detail::stream_core::stream_core<boost::asio::any_io_executor>(ssl_ctx_st*, boost::asio::any_io_executor const&) /usr/include/boost/asio/ssl/detail/stream_core.hpp:43
    #6 0x5c43df8fa39a in boost::asio::ssl::stream<boost::asio::basic_stream_socket<boost::asio::ip::tcp, boost::asio::any_io_executor> >::stream<boost::asio::io_context&>(boost::asio::io_context&, boost::asio::ssl::context&) /usr/include/boost/asio/ssl/stream.hpp:108
    #7 0x5c43df8fa39a in AcceptedConnectionImpl<boost::asio::ip::tcp>::AcceptedConnectionImpl(boost::asio::io_context&, boost::asio::ssl::context&, bool) /workspaces/INSN/src/rpcserver.cpp:417
    #8 0x5c43df8fa39a in RPCListen<boost::asio::ip::tcp> /workspaces/INSN/src/rpcserver.cpp:465
    #9 0x5c43df9036ee in StartRPCThreads() /workspaces/INSN/src/rpcserver.cpp:594
    #10 0x5c43df11ac7c in AppInit2(boost::thread_group&) /workspaces/INSN/src/init.cpp:1124
    #11 0x5c43df27e953 in AppInit(int, char**) /workspaces/INSN/src/bitcoind.cpp:106
    #12 0x5c43df27f1b9 in main /workspaces/INSN/src/bitcoind.cpp:136
    #13 0x7d1a086731c9 in __libc_start_call_main ../sysdeps/nptl/libc_start_call_main.h:58
    #14 0x7d1a0867328a in __libc_start_main_impl ../csu/libc-start.c:360
    #15 0x5c43deef8834 in _start (/workspaces/INSN/src/INSaNed+0x5385834) (BuildId: ebe454c866988f44aa6059bd878123a717c12eb9)

Indirect leak of 136 byte(s) in 1 object(s) allocated from:
    #0 0x7d1a09be09c7 in malloc ../../../../src/libsanitizer/asan/asan_malloc_linux.cpp:69
    #1 0x7d1a094577c4 in CRYPTO_zalloc (/lib/x86_64-linux-gnu/libcrypto.so.3+0x2237c4) (BuildId: 0698e1ff610cb3c6993dccbd82c1281b1b4c5ade)
    #2 0x7d1a0932181d in BIO_new_ex (/lib/x86_64-linux-gnu/libcrypto.so.3+0xed81d) (BuildId: 0698e1ff610cb3c6993dccbd82c1281b1b4c5ade)
    #3 0x7d1a09328257 in BIO_new_bio_pair (/lib/x86_64-linux-gnu/libcrypto.so.3+0xf4257) (BuildId: 0698e1ff610cb3c6993dccbd82c1281b1b4c5ade)
    #4 0x5c43df7eb8f7 in boost::asio::ssl::detail::engine::engine(ssl_ctx_st*) (/workspaces/INSN/src/INSaNed+0x5c788f7) (BuildId: ebe454c866988f44aa6059bd878123a717c12eb9)
    #5 0x5c43df8119a8 in boost::asio::ssl::detail::stream_core::stream_core<boost::asio::any_io_executor>(ssl_ctx_st*, boost::asio::any_io_executor const&) /usr/include/boost/asio/ssl/detail/stream_core.hpp:43
    #6 0x5c43df8fa39a in boost::asio::ssl::stream<boost::asio::basic_stream_socket<boost::asio::ip::tcp, boost::asio::any_io_executor> >::stream<boost::asio::io_context&>(boost::asio::io_context&, boost::asio::ssl::context&) /usr/include/boost/asio/ssl/stream.hpp:108
    #7 0x5c43df8fa39a in AcceptedConnectionImpl<boost::asio::ip::tcp>::AcceptedConnectionImpl(boost::asio::io_context&, boost::asio::ssl::context&, bool) /workspaces/INSN/src/rpcserver.cpp:417
    #8 0x5c43df8fa39a in RPCListen<boost::asio::ip::tcp> /workspaces/INSN/src/rpcserver.cpp:465
    #9 0x5c43df9036ee in StartRPCThreads() /workspaces/INSN/src/rpcserver.cpp:594
    #10 0x5c43df11ac7c in AppInit2(boost::thread_group&) /workspaces/INSN/src/init.cpp:1124
    #11 0x5c43df27e953 in AppInit(int, char**) /workspaces/INSN/src/bitcoind.cpp:106
    #12 0x5c43df27f1b9 in main /workspaces/INSN/src/bitcoind.cpp:136
    #13 0x7d1a086731c9 in __libc_start_call_main ../sysdeps/nptl/libc_start_call_main.h:58
    #14 0x7d1a0867328a in __libc_start_main_impl ../csu/libc-start.c:360
    #15 0x5c43deef8834 in _start (/workspaces/INSN/src/INSaNed+0x5385834) (BuildId: ebe454c866988f44aa6059bd878123a717c12eb9)

Indirect leak of 128 byte(s) in 1 object(s) allocated from:
    #0 0x7d1a09be09c7 in malloc ../../../../src/libsanitizer/asan/asan_malloc_linux.cpp:69
    #1 0x7d1a094577c4 in CRYPTO_zalloc (/lib/x86_64-linux-gnu/libcrypto.so.3+0x2237c4) (BuildId: 0698e1ff610cb3c6993dccbd82c1281b1b4c5ade)
    #2 0x7d1a094515db in OPENSSL_LH_new (/lib/x86_64-linux-gnu/libcrypto.so.3+0x21d5db) (BuildId: 0698e1ff610cb3c6993dccbd82c1281b1b4c5ade)
    #3 0x7d1a09808885 in SSL_CTX_new_ex (/lib/x86_64-linux-gnu/libssl.so.3+0x3d885) (BuildId: 5f3b12d47114f9fbdc7765266cd0bb8f1b5ee8fc)
    #4 0x5c43df901187 in boost::asio::ssl::context::context(boost::asio::ssl::context_base::method) /usr/include/boost/asio/ssl/impl/context.ipp:312
    #5 0x5c43df901187 in StartRPCThreads() /workspaces/INSN/src/rpcserver.cpp:552
    #6 0x5c43df11ac7c in AppInit2(boost::thread_group&) /workspaces/INSN/src/init.cpp:1124
    #7 0x5c43df27e953 in AppInit(int, char**) /workspaces/INSN/src/bitcoind.cpp:106
    #8 0x5c43df27f1b9 in main /workspaces/INSN/src/bitcoind.cpp:136
    #9 0x7d1a086731c9 in __libc_start_call_main ../sysdeps/nptl/libc_start_call_main.h:58
    #10 0x7d1a0867328a in __libc_start_main_impl ../csu/libc-start.c:360
    #11 0x5c43deef8834 in _start (/workspaces/INSN/src/INSaNed+0x5385834) (BuildId: ebe454c866988f44aa6059bd878123a717c12eb9)

Indirect leak of 112 byte(s) in 1 object(s) allocated from:
    #0 0x7d1a09be09c7 in malloc ../../../../src/libsanitizer/asan/asan_malloc_linux.cpp:69
    #1 0x7d1a094577c4 in CRYPTO_zalloc (/lib/x86_64-linux-gnu/libcrypto.so.3+0x2237c4) (BuildId: 0698e1ff610cb3c6993dccbd82c1281b1b4c5ade)
    #2 0x7d1a095b9f63 in X509_VERIFY_PARAM_new (/lib/x86_64-linux-gnu/libcrypto.so.3+0x385f63) (BuildId: 0698e1ff610cb3c6993dccbd82c1281b1b4c5ade)
    #3 0x7d1a09808951 in SSL_CTX_new_ex (/lib/x86_64-linux-gnu/libssl.so.3+0x3d951) (BuildId: 5f3b12d47114f9fbdc7765266cd0bb8f1b5ee8fc)
    #4 0x5c43df901187 in boost::asio::ssl::context::context(boost::asio::ssl::context_base::method) /usr/include/boost/asio/ssl/impl/context.ipp:312
    #5 0x5c43df901187 in StartRPCThreads() /workspaces/INSN/src/rpcserver.cpp:552
    #6 0x5c43df11ac7c in AppInit2(boost::thread_group&) /workspaces/INSN/src/init.cpp:1124
    #7 0x5c43df27e953 in AppInit(int, char**) /workspaces/INSN/src/bitcoind.cpp:106
    #8 0x5c43df27f1b9 in main /workspaces/INSN/src/bitcoind.cpp:136
    #9 0x7d1a086731c9 in __libc_start_call_main ../sysdeps/nptl/libc_start_call_main.h:58
    #10 0x7d1a0867328a in __libc_start_main_impl ../csu/libc-start.c:360
    #11 0x5c43deef8834 in _start (/workspaces/INSN/src/INSaNed+0x5385834) (BuildId: ebe454c866988f44aa6059bd878123a717c12eb9)

Indirect leak of 112 byte(s) in 1 object(s) allocated from:
    #0 0x7d1a09be09c7 in malloc ../../../../src/libsanitizer/asan/asan_malloc_linux.cpp:69
    #1 0x7d1a094577c4 in CRYPTO_zalloc (/lib/x86_64-linux-gnu/libcrypto.so.3+0x2237c4) (BuildId: 0698e1ff610cb3c6993dccbd82c1281b1b4c5ade)
    #2 0x7d1a095b9f63 in X509_VERIFY_PARAM_new (/lib/x86_64-linux-gnu/libcrypto.so.3+0x385f63) (BuildId: 0698e1ff610cb3c6993dccbd82c1281b1b4c5ade)
    #3 0x7d1a095afc95 in X509_STORE_new (/lib/x86_64-linux-gnu/libcrypto.so.3+0x37bc95) (BuildId: 0698e1ff610cb3c6993dccbd82c1281b1b4c5ade)
    #4 0x7d1a09808897 in SSL_CTX_new_ex (/lib/x86_64-linux-gnu/libssl.so.3+0x3d897) (BuildId: 5f3b12d47114f9fbdc7765266cd0bb8f1b5ee8fc)
    #5 0x5c43df901187 in boost::asio::ssl::context::context(boost::asio::ssl::context_base::method) /usr/include/boost/asio/ssl/impl/context.ipp:312
    #6 0x5c43df901187 in StartRPCThreads() /workspaces/INSN/src/rpcserver.cpp:552
    #7 0x5c43df11ac7c in AppInit2(boost::thread_group&) /workspaces/INSN/src/init.cpp:1124
    #8 0x5c43df27e953 in AppInit(int, char**) /workspaces/INSN/src/bitcoind.cpp:106
    #9 0x5c43df27f1b9 in main /workspaces/INSN/src/bitcoind.cpp:136
    #10 0x7d1a086731c9 in __libc_start_call_main ../sysdeps/nptl/libc_start_call_main.h:58
    #11 0x7d1a0867328a in __libc_start_main_impl ../csu/libc-start.c:360
    #12 0x5c43deef8834 in _start (/workspaces/INSN/src/INSaNed+0x5385834) (BuildId: ebe454c866988f44aa6059bd878123a717c12eb9)

Indirect leak of 112 byte(s) in 1 object(s) allocated from:
    #0 0x7d1a09be09c7 in malloc ../../../../src/libsanitizer/asan/asan_malloc_linux.cpp:69
    #1 0x7d1a094577c4 in CRYPTO_zalloc (/lib/x86_64-linux-gnu/libcrypto.so.3+0x2237c4) (BuildId: 0698e1ff610cb3c6993dccbd82c1281b1b4c5ade)
    #2 0x7d1a095b9f63 in X509_VERIFY_PARAM_new (/lib/x86_64-linux-gnu/libcrypto.so.3+0x385f63) (BuildId: 0698e1ff610cb3c6993dccbd82c1281b1b4c5ade)
    #3 0x7d1a09807edc in SSL_new (/lib/x86_64-linux-gnu/libssl.so.3+0x3cedc) (BuildId: 5f3b12d47114f9fbdc7765266cd0bb8f1b5ee8fc)
    #4 0x5c43df7eb79f in boost::asio::ssl::detail::engine::engine(ssl_ctx_st*) (/workspaces/INSN/src/INSaNed+0x5c7879f) (BuildId: ebe454c866988f44aa6059bd878123a717c12eb9)
    #5 0x5c43df8119a8 in boost::asio::ssl::detail::stream_core::stream_core<boost::asio::any_io_executor>(ssl_ctx_st*, boost::asio::any_io_executor const&) /usr/include/boost/asio/ssl/detail/stream_core.hpp:43
    #6 0x5c43df8fa39a in boost::asio::ssl::stream<boost::asio::basic_stream_socket<boost::asio::ip::tcp, boost::asio::any_io_executor> >::stream<boost::asio::io_context&>(boost::asio::io_context&, boost::asio::ssl::context&) /usr/include/boost/asio/ssl/stream.hpp:108
    #7 0x5c43df8fa39a in AcceptedConnectionImpl<boost::asio::ip::tcp>::AcceptedConnectionImpl(boost::asio::io_context&, boost::asio::ssl::context&, bool) /workspaces/INSN/src/rpcserver.cpp:417
    #8 0x5c43df8fa39a in RPCListen<boost::asio::ip::tcp> /workspaces/INSN/src/rpcserver.cpp:465
    #9 0x5c43df9036ee in StartRPCThreads() /workspaces/INSN/src/rpcserver.cpp:594
    #10 0x5c43df11ac7c in AppInit2(boost::thread_group&) /workspaces/INSN/src/init.cpp:1124
    #11 0x5c43df27e953 in AppInit(int, char**) /workspaces/INSN/src/bitcoind.cpp:106
    #12 0x5c43df27f1b9 in main /workspaces/INSN/src/bitcoind.cpp:136
    #13 0x7d1a086731c9 in __libc_start_call_main ../sysdeps/nptl/libc_start_call_main.h:58
    #14 0x7d1a0867328a in __libc_start_main_impl ../csu/libc-start.c:360
    #15 0x5c43deef8834 in _start (/workspaces/INSN/src/INSaNed+0x5385834) (BuildId: ebe454c866988f44aa6059bd878123a717c12eb9)

Indirect leak of 112 byte(s) in 1 object(s) allocated from:
    #0 0x7d1a09be09c7 in malloc ../../../../src/libsanitizer/asan/asan_malloc_linux.cpp:69
    #1 0x7d1a094577c4 in CRYPTO_zalloc (/lib/x86_64-linux-gnu/libcrypto.so.3+0x2237c4) (BuildId: 0698e1ff610cb3c6993dccbd82c1281b1b4c5ade)
    #2 0x7d1a095b9f63 in X509_VERIFY_PARAM_new (/lib/x86_64-linux-gnu/libcrypto.so.3+0x385f63) (BuildId: 0698e1ff610cb3c6993dccbd82c1281b1b4c5ade)
    #3 0x7d1a09807edc in SSL_new (/lib/x86_64-linux-gnu/libssl.so.3+0x3cedc) (BuildId: 5f3b12d47114f9fbdc7765266cd0bb8f1b5ee8fc)
    #4 0x5c43df7eb79f in boost::asio::ssl::detail::engine::engine(ssl_ctx_st*) (/workspaces/INSN/src/INSaNed+0x5c7879f) (BuildId: ebe454c866988f44aa6059bd878123a717c12eb9)
    #5 0x5c43df8119a8 in boost::asio::ssl::detail::stream_core::stream_core<boost::asio::any_io_executor>(ssl_ctx_st*, boost::asio::any_io_executor const&) /usr/include/boost/asio/ssl/detail/stream_core.hpp:43
    #6 0x5c43df8fa39a in boost::asio::ssl::stream<boost::asio::basic_stream_socket<boost::asio::ip::tcp, boost::asio::any_io_executor> >::stream<boost::asio::io_context&>(boost::asio::io_context&, boost::asio::ssl::context&) /usr/include/boost/asio/ssl/stream.hpp:108
    #7 0x5c43df8fa39a in AcceptedConnectionImpl<boost::asio::ip::tcp>::AcceptedConnectionImpl(boost::asio::io_context&, boost::asio::ssl::context&, bool) /workspaces/INSN/src/rpcserver.cpp:417
    #8 0x5c43df8fa39a in RPCListen<boost::asio::ip::tcp> /workspaces/INSN/src/rpcserver.cpp:465
    #9 0x5c43df90b940 in RPCAcceptHandler<boost::asio::ip::tcp> /workspaces/INSN/src/rpcserver.cpp:491
    #10 0x5c43df9684fb in void boost::_bi::list5<boost::_bi::value<boost::shared_ptr<boost::asio::basic_socket_acceptor<boost::asio::ip::tcp, boost::asio::any_io_executor> > >, boost::reference_wrapper<boost::asio::ssl::context>, boost::_bi::value<bool>, boost::_bi::value<AcceptedConnectionImpl<boost::asio::ip::tcp>*>, boost::arg<1> (*)()>::operator()<void (*)(boost::shared_ptr<boost::asio::basic_socket_acceptor<boost::asio::ip::tcp, boost::asio::any_io_executor> >, boost::asio::ssl::context&, bool, AcceptedConnection*, boost::system::error_code const&), boost::_bi::rrlist1<boost::system::error_code const&> >(boost::_bi::type<void>, void (*&)(boost::shared_ptr<boost::asio::basic_socket_acceptor<boost::asio::ip::tcp, boost::asio::any_io_executor> >, boost::asio::ssl::context&, bool, AcceptedConnection*, boost::system::error_code const&), boost::_bi::rrlist1<boost::system::error_code const&>&, int) /usr/include/boost/bind/bind.hpp:511
    #11 0x5c43df9684fb in void boost::_bi::bind_t<void, void (*)(boost::shared_ptr<boost::asio::basic_socket_acceptor<boost::asio::ip::tcp, boost::asio::any_io_executor> >, boost::asio::ssl::context&, bool, AcceptedConnection*, boost::system::error_code const&), boost::_bi::list5<boost::_bi::value<boost::shared_ptr<boost::asio::basic_socket_acceptor<boost::asio::ip::tcp, boost::asio::any_io_executor> > >, boost::reference_wrapper<boost::asio::ssl::context>, boost::_bi::value<bool>, boost::_bi::value<AcceptedConnectionImpl<boost::asio::ip::tcp>*>, boost::arg<1> (*)()> >::operator()<boost::system::error_code const&>(boost::system::error_code const&) /usr/include/boost/bind/bind.hpp:1286
    #12 0x5c43df9684fb in boost::asio::detail::binder1<boost::_bi::bind_t<void, void (*)(boost::shared_ptr<boost::asio::basic_socket_acceptor<boost::asio::ip::tcp, boost::asio::any_io_executor> >, boost::asio::ssl::context&, bool, AcceptedConnection*, boost::system::error_code const&), boost::_bi::list5<boost::_bi::value<boost::shared_ptr<boost::asio::basic_socket_acceptor<boost::asio::ip::tcp, boost::asio::any_io_executor> > >, boost::reference_wrapper<boost::asio::ssl::context>, boost::_bi::value<bool>, boost::_bi::value<AcceptedConnectionImpl<boost::asio::ip::tcp>*>, boost::arg<1> (*)()> >, boost::system::error_code>::operator()() /usr/include/boost/asio/detail/bind_handler.hpp:171
    #13 0x5c43df9684fb in void boost::asio::asio_handler_invoke<boost::asio::detail::binder1<boost::_bi::bind_t<void, void (*)(boost::shared_ptr<boost::asio::basic_socket_acceptor<boost::asio::ip::tcp, boost::asio::any_io_executor> >, boost::asio::ssl::context&, bool, AcceptedConnection*, boost::system::error_code const&), boost::_bi::list5<boost::_bi::value<boost::shared_ptr<boost::asio::basic_socket_acceptor<boost::asio::ip::tcp, boost::asio::any_io_executor> > >, boost::reference_wrapper<boost::asio::ssl::context>, boost::_bi::value<bool>, boost::_bi::value<AcceptedConnectionImpl<boost::asio::ip::tcp>*>, boost::arg<1> (*)()> >, boost::system::error_code> >(boost::asio::detail::binder1<boost::_bi::bind_t<void, void (*)(boost::shared_ptr<boost::asio::basic_socket_acceptor<boost::asio::ip::tcp, boost::asio::any_io_executor> >, boost::asio::ssl::context&, bool, AcceptedConnection*, boost::system::error_code const&), boost::_bi::list5<boost::_bi::value<boost::shared_ptr<boost::asio::basic_socket_acceptor<boost::asio::ip::tcp, boost::asio::any_io_executor> > >, boost::reference_wrapper<boost::asio::ssl::context>, boost::_bi::value<bool>, boost::_bi::value<AcceptedConnectionImpl<boost::asio::ip::tcp>*>, boost::arg<1> (*)()> >, boost::system::error_code>&, ...) /usr/include/boost/asio/handler_invoke_hook.hpp:88
    #14 0x5c43df9684fb in void boost_asio_handler_invoke_helpers::invoke<boost::asio::detail::binder1<boost::_bi::bind_t<void, void (*)(boost::shared_ptr<boost::asio::basic_socket_acceptor<boost::asio::ip::tcp, boost::asio::any_io_executor> >, boost::asio::ssl::context&, bool, AcceptedConnection*, boost::system::error_code const&), boost::_bi::list5<boost::_bi::value<boost::shared_ptr<boost::asio::basic_socket_acceptor<boost::asio::ip::tcp, boost::asio::any_io_executor> > >, boost::reference_wrapper<boost::asio::ssl::context>, boost::_bi::value<bool>, boost::_bi::value<AcceptedConnectionImpl<boost::asio::ip::tcp>*>, boost::arg<1> (*)()> >, boost::system::error_code>, boost::_bi::bind_t<void, void (*)(boost::shared_ptr<boost::asio::basic_socket_acceptor<boost::asio::ip::tcp, boost::asio::any_io_executor> >, boost::asio::ssl::context&, bool, AcceptedConnection*, boost::system::error_code const&), boost::_bi::list5<boost::_bi::value<boost::shared_ptr<boost::asio::basic_socket_acceptor<boost::asio::ip::tcp, boost::asio::any_io_executor> > >, boost::reference_wrapper<boost::asio::ssl::context>, boost::_bi::value<bool>, boost::_bi::value<AcceptedConnectionImpl<boost::asio::ip::tcp>*>, boost::arg<1> (*)()> > >(boost::asio::detail::binder1<boost::_bi::bind_t<void, void (*)(boost::shared_ptr<boost::asio::basic_socket_acceptor<boost::asio::ip::tcp, boost::asio::any_io_executor> >, boost::asio::ssl::context&, bool, AcceptedConnection*, boost::system::error_code const&), boost::_bi::list5<boost::_bi::value<boost::shared_ptr<boost::asio::basic_socket_acceptor<boost::asio::ip::tcp, boost::asio::any_io_executor> > >, boost::reference_wrapper<boost::asio::ssl::context>, boost::_bi::value<bool>, boost::_bi::value<AcceptedConnectionImpl<boost::asio::ip::tcp>*>, boost::arg<1> (*)()> >, boost::system::error_code>&, boost::_bi::bind_t<void, void (*)(boost::shared_ptr<boost::asio::basic_socket_acceptor<boost::asio::ip::tcp, boost::asio::any_io_executor> >, boost::asio::ssl::context&, bool, AcceptedConnection*, boost::system::error_code const&), boost::_bi::list5<boost::_bi::value<boost::shared_ptr<boost::asio::basic_socket_acceptor<boost::asio::ip::tcp, boost::asio::any_io_executor> > >, boost::reference_wrapper<boost::asio::ssl::context>, boost::_bi::value<bool>, boost::_bi::value<AcceptedConnectionImpl<boost::asio::ip::tcp>*>, boost::arg<1> (*)()> >&) /usr/include/boost/asio/detail/handler_invoke_helpers.hpp:54
    #15 0x5c43df9684fb in void boost::asio::detail::handler_work<boost::_bi::bind_t<void, void (*)(boost::shared_ptr<boost::asio::basic_socket_acceptor<boost::asio::ip::tcp, boost::asio::any_io_executor> >, boost::asio::ssl::context&, bool, AcceptedConnection*, boost::system::error_code const&), boost::_bi::list5<boost::_bi::value<boost::shared_ptr<boost::asio::basic_socket_acceptor<boost::asio::ip::tcp, boost::asio::any_io_executor> > >, boost::reference_wrapper<boost::asio::ssl::context>, boost::_bi::value<bool>, boost::_bi::value<AcceptedConnectionImpl<boost::asio::ip::tcp>*>, boost::arg<1> (*)()> >, boost::asio::any_io_executor, void>::complete<boost::asio::detail::binder1<boost::_bi::bind_t<void, void (*)(boost::shared_ptr<boost::asio::basic_socket_acceptor<boost::asio::ip::tcp, boost::asio::any_io_executor> >, boost::asio::ssl::context&, bool, AcceptedConnection*, boost::system::error_code const&), boost::_bi::list5<boost::_bi::value<boost::shared_ptr<boost::asio::basic_socket_acceptor<boost::asio::ip::tcp, boost::asio::any_io_executor> > >, boost::reference_wrapper<boost::asio::ssl::context>, boost::_bi::value<bool>, boost::_bi::value<AcceptedConnectionImpl<boost::asio::ip::tcp>*>, boost::arg<1> (*)()> >, boost::system::error_code> >(boost::asio::detail::binder1<boost::_bi::bind_t<void, void (*)(boost::shared_ptr<boost::asio::basic_socket_acceptor<boost::asio::ip::tcp, boost::asio::any_io_executor> >, boost::asio::ssl::context&, bool, AcceptedConnection*, boost::system::error_code const&), boost::_bi::list5<boost::_bi::value<boost::shared_ptr<boost::asio::basic_socket_acceptor<boost::asio::ip::tcp, boost::asio::any_io_executor> > >, boost::reference_wrapper<boost::asio::ssl::context>, boost::_bi::value<bool>, boost::_bi::value<AcceptedConnectionImpl<boost::asio::ip::tcp>*>, boost::arg<1> (*)()> >, boost::system::error_code>&, boost::_bi::bind_t<void, void (*)(boost::shared_ptr<boost::asio::basic_socket_acceptor<boost::asio::ip::tcp, boost::asio::any_io_executor> >, boost::asio::ssl::context&, bool, AcceptedConnection*, boost::system::error_code const&), boost::_bi::list5<boost::_bi::value<boost::shared_ptr<boost::asio::basic_socket_acceptor<boost::asio::ip::tcp, boost::asio::any_io_executor> > >, boost::reference_wrapper<boost::asio::ssl::context>, boost::_bi::value<bool>, boost::_bi::value<AcceptedConnectionImpl<boost::asio::ip::tcp>*>, boost::arg<1> (*)()> >&) /usr/include/boost/asio/detail/handler_work.hpp:524
    #16 0x5c43df9684fb in boost::asio::detail::reactive_socket_accept_op<boost::asio::basic_socket<boost::asio::ip::tcp, boost::asio::any_io_executor>, boost::asio::ip::tcp, boost::_bi::bind_t<void, void (*)(boost::shared_ptr<boost::asio::basic_socket_acceptor<boost::asio::ip::tcp, boost::asio::any_io_executor> >, boost::asio::ssl::context&, bool, AcceptedConnection*, boost::system::error_code const&), boost::_bi::list5<boost::_bi::value<boost::shared_ptr<boost::asio::basic_socket_acceptor<boost::asio::ip::tcp, boost::asio::any_io_executor> > >, boost::reference_wrapper<boost::asio::ssl::context>, boost::_bi::value<bool>, boost::_bi::value<AcceptedConnectionImpl<boost::asio::ip::tcp>*>, boost::arg<1> (*)()> >, boost::asio::any_io_executor>::do_complete(void*, boost::asio::detail::scheduler_operation*, boost::system::error_code const&, unsigned long) /usr/include/boost/asio/detail/reactive_socket_accept_op.hpp:155
    #17 0x5c43df7ce7c3 in boost::asio::detail::scheduler_operation::complete(void*, boost::system::error_code const&, unsigned long) /usr/include/boost/asio/detail/scheduler_operation.hpp:40
    #18 0x5c43df7ce7c3 in boost::asio::detail::epoll_reactor::descriptor_state::do_complete(void*, boost::asio::detail::scheduler_operation*, boost::system::error_code const&, unsigned long) /usr/include/boost/asio/detail/impl/epoll_reactor.ipp:815
    #19 0x5c43df7c8e7f in boost::asio::detail::scheduler::do_run_one(boost::asio::detail::conditionally_enabled_mutex::scoped_lock&, boost::asio::detail::scheduler_thread_info&, boost::system::error_code const&) (/workspaces/INSN/src/INSaNed+0x5c55e7f) (BuildId: ebe454c866988f44aa6059bd878123a717c12eb9)
    #20 0x5c43df7ca9be in boost::asio::detail::scheduler::run(boost::system::error_code&) /usr/include/boost/asio/detail/impl/scheduler.ipp:210
    #21 0x5c43df928686 in boost::asio::io_context::run() /usr/include/boost/asio/impl/io_context.ipp:64
    #22 0x5c43df9156e9 in boost::_mfi::mf0<unsigned long, boost::asio::io_context>::operator()(boost::asio::io_context*) const /usr/include/boost/bind/mem_fn_template.hpp:49
    #23 0x5c43df9156e9 in unsigned long boost::_bi::list1<boost::_bi::value<boost::asio::io_context*> >::operator()<unsigned long, boost::_mfi::mf0<unsigned long, boost::asio::io_context>, boost::_bi::list0>(boost::_bi::type<unsigned long>, boost::_mfi::mf0<unsigned long, boost::asio::io_context>&, boost::_bi::list0&, long) /usr/include/boost/bind/bind.hpp:229
    #24 0x5c43df9156e9 in boost::_bi::bind_t<unsigned long, boost::_mfi::mf0<unsigned long, boost::asio::io_context>, boost::_bi::list1<boost::_bi::value<boost::asio::io_context*> > >::operator()() /usr/include/boost/bind/bind.hpp:1274
    #25 0x5c43df9156e9 in boost::detail::thread_data<boost::_bi::bind_t<unsigned long, boost::_mfi::mf0<unsigned long, boost::asio::io_context>, boost::_bi::list1<boost::_bi::value<boost::asio::io_context*> > > >::run() /usr/include/boost/thread/detail/thread.hpp:120
    #26 0x7d1a09a6e99e  (/lib/x86_64-linux-gnu/libboost_thread.so.1.83.0+0x1699e) (BuildId: cdf2ab5aa23cece03cad83b104e3376e2e8edecb)
    #27 0x7d1a09b41a41 in asan_thread_start ../../../../src/libsanitizer/asan/asan_interceptors.cpp:234
    #28 0x7d1a086e5aa3 in start_thread nptl/pthread_create.c:447

Indirect leak of 96 byte(s) in 1 object(s) allocated from:
    #0 0x7d1a09be09c7 in malloc ../../../../src/libsanitizer/asan/asan_malloc_linux.cpp:69
    #1 0x7d1a094577c4 in CRYPTO_zalloc (/lib/x86_64-linux-gnu/libcrypto.so.3+0x2237c4) (BuildId: 0698e1ff610cb3c6993dccbd82c1281b1b4c5ade)
    #2 0x7d1a0932312d in BIO_meth_new (/lib/x86_64-linux-gnu/libcrypto.so.3+0xef12d) (BuildId: 0698e1ff610cb3c6993dccbd82c1281b1b4c5ade)
    #3 0x7d1a095c3f3d  (/lib/x86_64-linux-gnu/libcrypto.so.3+0x38ff3d) (BuildId: 0698e1ff610cb3c6993dccbd82c1281b1b4c5ade)
    #4 0x7d1a095c37f6  (/lib/x86_64-linux-gnu/libcrypto.so.3+0x38f7f6) (BuildId: 0698e1ff610cb3c6993dccbd82c1281b1b4c5ade)
    #5 0x7d1a09460c91  (/lib/x86_64-linux-gnu/libcrypto.so.3+0x22cc91) (BuildId: 0698e1ff610cb3c6993dccbd82c1281b1b4c5ade)
    #6 0x7d1a09462ccb  (/lib/x86_64-linux-gnu/libcrypto.so.3+0x22eccb) (BuildId: 0698e1ff610cb3c6993dccbd82c1281b1b4c5ade)
    #7 0x7d1a09462d94  (/lib/x86_64-linux-gnu/libcrypto.so.3+0x22ed94) (BuildId: 0698e1ff610cb3c6993dccbd82c1281b1b4c5ade)
    #8 0x7d1a09453337  (/lib/x86_64-linux-gnu/libcrypto.so.3+0x21f337) (BuildId: 0698e1ff610cb3c6993dccbd82c1281b1b4c5ade)
    #9 0x7d1a094536d8  (/lib/x86_64-linux-gnu/libcrypto.so.3+0x21f6d8) (BuildId: 0698e1ff610cb3c6993dccbd82c1281b1b4c5ade)
    #10 0x7d1a0942e6dc  (/lib/x86_64-linux-gnu/libcrypto.so.3+0x1fa6dc) (BuildId: 0698e1ff610cb3c6993dccbd82c1281b1b4c5ade)
    #11 0x7d1a0942eae3  (/lib/x86_64-linux-gnu/libcrypto.so.3+0x1faae3) (BuildId: 0698e1ff610cb3c6993dccbd82c1281b1b4c5ade)
    #12 0x7d1a094337c1 in EVP_RAND_fetch (/lib/x86_64-linux-gnu/libcrypto.so.3+0x1ff7c1) (BuildId: 0698e1ff610cb3c6993dccbd82c1281b1b4c5ade)
    #13 0x7d1a0953e36b in RAND_get0_primary (/lib/x86_64-linux-gnu/libcrypto.so.3+0x30a36b) (BuildId: 0698e1ff610cb3c6993dccbd82c1281b1b4c5ade)
    #14 0x7d1a0953e7cf in RAND_get0_public (/lib/x86_64-linux-gnu/libcrypto.so.3+0x30a7cf) (BuildId: 0698e1ff610cb3c6993dccbd82c1281b1b4c5ade)
    #15 0x7d1a0953e897 in RAND_bytes_ex (/lib/x86_64-linux-gnu/libcrypto.so.3+0x30a897) (BuildId: 0698e1ff610cb3c6993dccbd82c1281b1b4c5ade)
    #16 0x5c43dfb429d9 in GetRandBytes(unsigned char*, int) /workspaces/INSN/src/util.cpp:155
    #17 0x5c43df73ebe9 in CAddrMan::CAddrMan() /workspaces/INSN/src/addrman.h:395
    #18 0x5c43df6b8f4a in __static_initialization_and_destruction_0 /workspaces/INSN/src/net.cpp:57
    #19 0x5c43df6b8f4a in _GLOBAL__sub_I_fDiscover /workspaces/INSN/src/net.cpp:1882
    #20 0x7d1a08673303 in call_init ../csu/libc-start.c:145
    #21 0x7d1a08673303 in __libc_start_main_impl ../csu/libc-start.c:347
    #22 0x5c43deef8834 in _start (/workspaces/INSN/src/INSaNed+0x5385834) (BuildId: ebe454c866988f44aa6059bd878123a717c12eb9)

Indirect leak of 72 byte(s) in 1 object(s) allocated from:
    #0 0x7d1a09be09c7 in malloc ../../../../src/libsanitizer/asan/asan_malloc_linux.cpp:69
    #1 0x7d1a094577c4 in CRYPTO_zalloc (/lib/x86_64-linux-gnu/libcrypto.so.3+0x2237c4) (BuildId: 0698e1ff610cb3c6993dccbd82c1281b1b4c5ade)
    #2 0x7d1a094515bd in OPENSSL_LH_new (/lib/x86_64-linux-gnu/libcrypto.so.3+0x21d5bd) (BuildId: 0698e1ff610cb3c6993dccbd82c1281b1b4c5ade)
    #3 0x7d1a09808885 in SSL_CTX_new_ex (/lib/x86_64-linux-gnu/libssl.so.3+0x3d885) (BuildId: 5f3b12d47114f9fbdc7765266cd0bb8f1b5ee8fc)
    #4 0x5c43df901187 in boost::asio::ssl::context::context(boost::asio::ssl::context_base::method) /usr/include/boost/asio/ssl/impl/context.ipp:312
    #5 0x5c43df901187 in StartRPCThreads() /workspaces/INSN/src/rpcserver.cpp:552
    #6 0x5c43df11ac7c in AppInit2(boost::thread_group&) /workspaces/INSN/src/init.cpp:1124
    #7 0x5c43df27e953 in AppInit(int, char**) /workspaces/INSN/src/bitcoind.cpp:106
    #8 0x5c43df27f1b9 in main /workspaces/INSN/src/bitcoind.cpp:136
    #9 0x7d1a086731c9 in __libc_start_call_main ../sysdeps/nptl/libc_start_call_main.h:58
    #10 0x7d1a0867328a in __libc_start_main_impl ../csu/libc-start.c:360
    #11 0x5c43deef8834 in _start (/workspaces/INSN/src/INSaNed+0x5385834) (BuildId: ebe454c866988f44aa6059bd878123a717c12eb9)

Indirect leak of 64 byte(s) in 1 object(s) allocated from:
    #0 0x7d1a09be09c7 in malloc ../../../../src/libsanitizer/asan/asan_malloc_linux.cpp:69
    #1 0x7d1a094577c4 in CRYPTO_zalloc (/lib/x86_64-linux-gnu/libcrypto.so.3+0x2237c4) (BuildId: 0698e1ff610cb3c6993dccbd82c1281b1b4c5ade)
    #2 0x7d1a098089e7 in SSL_CTX_new_ex (/lib/x86_64-linux-gnu/libssl.so.3+0x3d9e7) (BuildId: 5f3b12d47114f9fbdc7765266cd0bb8f1b5ee8fc)
    #3 0x5c43df901187 in boost::asio::ssl::context::context(boost::asio::ssl::context_base::method) /usr/include/boost/asio/ssl/impl/context.ipp:312
    #4 0x5c43df901187 in StartRPCThreads() /workspaces/INSN/src/rpcserver.cpp:552
    #5 0x5c43df11ac7c in AppInit2(boost::thread_group&) /workspaces/INSN/src/init.cpp:1124
    #6 0x5c43df27e953 in AppInit(int, char**) /workspaces/INSN/src/bitcoind.cpp:106
    #7 0x5c43df27f1b9 in main /workspaces/INSN/src/bitcoind.cpp:136
    #8 0x7d1a086731c9 in __libc_start_call_main ../sysdeps/nptl/libc_start_call_main.h:58
    #9 0x7d1a0867328a in __libc_start_main_impl ../csu/libc-start.c:360
    #10 0x5c43deef8834 in _start (/workspaces/INSN/src/INSaNed+0x5385834) (BuildId: ebe454c866988f44aa6059bd878123a717c12eb9)

Indirect leak of 56 byte(s) in 1 object(s) allocated from:
    #0 0x7d1a09be09c7 in malloc ../../../../src/libsanitizer/asan/asan_malloc_linux.cpp:69
    #1 0x7d1a094577c4 in CRYPTO_zalloc (/lib/x86_64-linux-gnu/libcrypto.so.3+0x2237c4) (BuildId: 0698e1ff610cb3c6993dccbd82c1281b1b4c5ade)
    #2 0x7d1a094645a3 in CRYPTO_THREAD_lock_new (/lib/x86_64-linux-gnu/libcrypto.so.3+0x2305a3) (BuildId: 0698e1ff610cb3c6993dccbd82c1281b1b4c5ade)
    #3 0x7d1a09807d3c in SSL_new (/lib/x86_64-linux-gnu/libssl.so.3+0x3cd3c) (BuildId: 5f3b12d47114f9fbdc7765266cd0bb8f1b5ee8fc)
    #4 0x5c43df7eb79f in boost::asio::ssl::detail::engine::engine(ssl_ctx_st*) (/workspaces/INSN/src/INSaNed+0x5c7879f) (BuildId: ebe454c866988f44aa6059bd878123a717c12eb9)
    #5 0x5c43df8119a8 in boost::asio::ssl::detail::stream_core::stream_core<boost::asio::any_io_executor>(ssl_ctx_st*, boost::asio::any_io_executor const&) /usr/include/boost/asio/ssl/detail/stream_core.hpp:43
    #6 0x5c43df8fa39a in boost::asio::ssl::stream<boost::asio::basic_stream_socket<boost::asio::ip::tcp, boost::asio::any_io_executor> >::stream<boost::asio::io_context&>(boost::asio::io_context&, boost::asio::ssl::context&) /usr/include/boost/asio/ssl/stream.hpp:108
    #7 0x5c43df8fa39a in AcceptedConnectionImpl<boost::asio::ip::tcp>::AcceptedConnectionImpl(boost::asio::io_context&, boost::asio::ssl::context&, bool) /workspaces/INSN/src/rpcserver.cpp:417
    #8 0x5c43df8fa39a in RPCListen<boost::asio::ip::tcp> /workspaces/INSN/src/rpcserver.cpp:465
    #9 0x5c43df90b940 in RPCAcceptHandler<boost::asio::ip::tcp> /workspaces/INSN/src/rpcserver.cpp:491
    #10 0x5c43df9684fb in void boost::_bi::list5<boost::_bi::value<boost::shared_ptr<boost::asio::basic_socket_acceptor<boost::asio::ip::tcp, boost::asio::any_io_executor> > >, boost::reference_wrapper<boost::asio::ssl::context>, boost::_bi::value<bool>, boost::_bi::value<AcceptedConnectionImpl<boost::asio::ip::tcp>*>, boost::arg<1> (*)()>::operator()<void (*)(boost::shared_ptr<boost::asio::basic_socket_acceptor<boost::asio::ip::tcp, boost::asio::any_io_executor> >, boost::asio::ssl::context&, bool, AcceptedConnection*, boost::system::error_code const&), boost::_bi::rrlist1<boost::system::error_code const&> >(boost::_bi::type<void>, void (*&)(boost::shared_ptr<boost::asio::basic_socket_acceptor<boost::asio::ip::tcp, boost::asio::any_io_executor> >, boost::asio::ssl::context&, bool, AcceptedConnection*, boost::system::error_code const&), boost::_bi::rrlist1<boost::system::error_code const&>&, int) /usr/include/boost/bind/bind.hpp:511
    #11 0x5c43df9684fb in void boost::_bi::bind_t<void, void (*)(boost::shared_ptr<boost::asio::basic_socket_acceptor<boost::asio::ip::tcp, boost::asio::any_io_executor> >, boost::asio::ssl::context&, bool, AcceptedConnection*, boost::system::error_code const&), boost::_bi::list5<boost::_bi::value<boost::shared_ptr<boost::asio::basic_socket_acceptor<boost::asio::ip::tcp, boost::asio::any_io_executor> > >, boost::reference_wrapper<boost::asio::ssl::context>, boost::_bi::value<bool>, boost::_bi::value<AcceptedConnectionImpl<boost::asio::ip::tcp>*>, boost::arg<1> (*)()> >::operator()<boost::system::error_code const&>(boost::system::error_code const&) /usr/include/boost/bind/bind.hpp:1286
    #12 0x5c43df9684fb in boost::asio::detail::binder1<boost::_bi::bind_t<void, void (*)(boost::shared_ptr<boost::asio::basic_socket_acceptor<boost::asio::ip::tcp, boost::asio::any_io_executor> >, boost::asio::ssl::context&, bool, AcceptedConnection*, boost::system::error_code const&), boost::_bi::list5<boost::_bi::value<boost::shared_ptr<boost::asio::basic_socket_acceptor<boost::asio::ip::tcp, boost::asio::any_io_executor> > >, boost::reference_wrapper<boost::asio::ssl::context>, boost::_bi::value<bool>, boost::_bi::value<AcceptedConnectionImpl<boost::asio::ip::tcp>*>, boost::arg<1> (*)()> >, boost::system::error_code>::operator()() /usr/include/boost/asio/detail/bind_handler.hpp:171
    #13 0x5c43df9684fb in void boost::asio::asio_handler_invoke<boost::asio::detail::binder1<boost::_bi::bind_t<void, void (*)(boost::shared_ptr<boost::asio::basic_socket_acceptor<boost::asio::ip::tcp, boost::asio::any_io_executor> >, boost::asio::ssl::context&, bool, AcceptedConnection*, boost::system::error_code const&), boost::_bi::list5<boost::_bi::value<boost::shared_ptr<boost::asio::basic_socket_acceptor<boost::asio::ip::tcp, boost::asio::any_io_executor> > >, boost::reference_wrapper<boost::asio::ssl::context>, boost::_bi::value<bool>, boost::_bi::value<AcceptedConnectionImpl<boost::asio::ip::tcp>*>, boost::arg<1> (*)()> >, boost::system::error_code> >(boost::asio::detail::binder1<boost::_bi::bind_t<void, void (*)(boost::shared_ptr<boost::asio::basic_socket_acceptor<boost::asio::ip::tcp, boost::asio::any_io_executor> >, boost::asio::ssl::context&, bool, AcceptedConnection*, boost::system::error_code const&), boost::_bi::list5<boost::_bi::value<boost::shared_ptr<boost::asio::basic_socket_acceptor<boost::asio::ip::tcp, boost::asio::any_io_executor> > >, boost::reference_wrapper<boost::asio::ssl::context>, boost::_bi::value<bool>, boost::_bi::value<AcceptedConnectionImpl<boost::asio::ip::tcp>*>, boost::arg<1> (*)()> >, boost::system::error_code>&, ...) /usr/include/boost/asio/handler_invoke_hook.hpp:88
    #14 0x5c43df9684fb in void boost_asio_handler_invoke_helpers::invoke<boost::asio::detail::binder1<boost::_bi::bind_t<void, void (*)(boost::shared_ptr<boost::asio::basic_socket_acceptor<boost::asio::ip::tcp, boost::asio::any_io_executor> >, boost::asio::ssl::context&, bool, AcceptedConnection*, boost::system::error_code const&), boost::_bi::list5<boost::_bi::value<boost::shared_ptr<boost::asio::basic_socket_acceptor<boost::asio::ip::tcp, boost::asio::any_io_executor> > >, boost::reference_wrapper<boost::asio::ssl::context>, boost::_bi::value<bool>, boost::_bi::value<AcceptedConnectionImpl<boost::asio::ip::tcp>*>, boost::arg<1> (*)()> >, boost::system::error_code>, boost::_bi::bind_t<void, void (*)(boost::shared_ptr<boost::asio::basic_socket_acceptor<boost::asio::ip::tcp, boost::asio::any_io_executor> >, boost::asio::ssl::context&, bool, AcceptedConnection*, boost::system::error_code const&), boost::_bi::list5<boost::_bi::value<boost::shared_ptr<boost::asio::basic_socket_acceptor<boost::asio::ip::tcp, boost::asio::any_io_executor> > >, boost::reference_wrapper<boost::asio::ssl::context>, boost::_bi::value<bool>, boost::_bi::value<AcceptedConnectionImpl<boost::asio::ip::tcp>*>, boost::arg<1> (*)()> > >(boost::asio::detail::binder1<boost::_bi::bind_t<void, void (*)(boost::shared_ptr<boost::asio::basic_socket_acceptor<boost::asio::ip::tcp, boost::asio::any_io_executor> >, boost::asio::ssl::context&, bool, AcceptedConnection*, boost::system::error_code const&), boost::_bi::list5<boost::_bi::value<boost::shared_ptr<boost::asio::basic_socket_acceptor<boost::asio::ip::tcp, boost::asio::any_io_executor> > >, boost::reference_wrapper<boost::asio::ssl::context>, boost::_bi::value<bool>, boost::_bi::value<AcceptedConnectionImpl<boost::asio::ip::tcp>*>, boost::arg<1> (*)()> >, boost::system::error_code>&, boost::_bi::bind_t<void, void (*)(boost::shared_ptr<boost::asio::basic_socket_acceptor<boost::asio::ip::tcp, boost::asio::any_io_executor> >, boost::asio::ssl::context&, bool, AcceptedConnection*, boost::system::error_code const&), boost::_bi::list5<boost::_bi::value<boost::shared_ptr<boost::asio::basic_socket_acceptor<boost::asio::ip::tcp, boost::asio::any_io_executor> > >, boost::reference_wrapper<boost::asio::ssl::context>, boost::_bi::value<bool>, boost::_bi::value<AcceptedConnectionImpl<boost::asio::ip::tcp>*>, boost::arg<1> (*)()> >&) /usr/include/boost/asio/detail/handler_invoke_helpers.hpp:54
    #15 0x5c43df9684fb in void boost::asio::detail::handler_work<boost::_bi::bind_t<void, void (*)(boost::shared_ptr<boost::asio::basic_socket_acceptor<boost::asio::ip::tcp, boost::asio::any_io_executor> >, boost::asio::ssl::context&, bool, AcceptedConnection*, boost::system::error_code const&), boost::_bi::list5<boost::_bi::value<boost::shared_ptr<boost::asio::basic_socket_acceptor<boost::asio::ip::tcp, boost::asio::any_io_executor> > >, boost::reference_wrapper<boost::asio::ssl::context>, boost::_bi::value<bool>, boost::_bi::value<AcceptedConnectionImpl<boost::asio::ip::tcp>*>, boost::arg<1> (*)()> >, boost::asio::any_io_executor, void>::complete<boost::asio::detail::binder1<boost::_bi::bind_t<void, void (*)(boost::shared_ptr<boost::asio::basic_socket_acceptor<boost::asio::ip::tcp, boost::asio::any_io_executor> >, boost::asio::ssl::context&, bool, AcceptedConnection*, boost::system::error_code const&), boost::_bi::list5<boost::_bi::value<boost::shared_ptr<boost::asio::basic_socket_acceptor<boost::asio::ip::tcp, boost::asio::any_io_executor> > >, boost::reference_wrapper<boost::asio::ssl::context>, boost::_bi::value<bool>, boost::_bi::value<AcceptedConnectionImpl<boost::asio::ip::tcp>*>, boost::arg<1> (*)()> >, boost::system::error_code> >(boost::asio::detail::binder1<boost::_bi::bind_t<void, void (*)(boost::shared_ptr<boost::asio::basic_socket_acceptor<boost::asio::ip::tcp, boost::asio::any_io_executor> >, boost::asio::ssl::context&, bool, AcceptedConnection*, boost::system::error_code const&), boost::_bi::list5<boost::_bi::value<boost::shared_ptr<boost::asio::basic_socket_acceptor<boost::asio::ip::tcp, boost::asio::any_io_executor> > >, boost::reference_wrapper<boost::asio::ssl::context>, boost::_bi::value<bool>, boost::_bi::value<AcceptedConnectionImpl<boost::asio::ip::tcp>*>, boost::arg<1> (*)()> >, boost::system::error_code>&, boost::_bi::bind_t<void, void (*)(boost::shared_ptr<boost::asio::basic_socket_acceptor<boost::asio::ip::tcp, boost::asio::any_io_executor> >, boost::asio::ssl::context&, bool, AcceptedConnection*, boost::system::error_code const&), boost::_bi::list5<boost::_bi::value<boost::shared_ptr<boost::asio::basic_socket_acceptor<boost::asio::ip::tcp, boost::asio::any_io_executor> > >, boost::reference_wrapper<boost::asio::ssl::context>, boost::_bi::value<bool>, boost::_bi::value<AcceptedConnectionImpl<boost::asio::ip::tcp>*>, boost::arg<1> (*)()> >&) /usr/include/boost/asio/detail/handler_work.hpp:524
    #16 0x5c43df9684fb in boost::asio::detail::reactive_socket_accept_op<boost::asio::basic_socket<boost::asio::ip::tcp, boost::asio::any_io_executor>, boost::asio::ip::tcp, boost::_bi::bind_t<void, void (*)(boost::shared_ptr<boost::asio::basic_socket_acceptor<boost::asio::ip::tcp, boost::asio::any_io_executor> >, boost::asio::ssl::context&, bool, AcceptedConnection*, boost::system::error_code const&), boost::_bi::list5<boost::_bi::value<boost::shared_ptr<boost::asio::basic_socket_acceptor<boost::asio::ip::tcp, boost::asio::any_io_executor> > >, boost::reference_wrapper<boost::asio::ssl::context>, boost::_bi::value<bool>, boost::_bi::value<AcceptedConnectionImpl<boost::asio::ip::tcp>*>, boost::arg<1> (*)()> >, boost::asio::any_io_executor>::do_complete(void*, boost::asio::detail::scheduler_operation*, boost::system::error_code const&, unsigned long) /usr/include/boost/asio/detail/reactive_socket_accept_op.hpp:155
    #17 0x5c43df7ce7c3 in boost::asio::detail::scheduler_operation::complete(void*, boost::system::error_code const&, unsigned long) /usr/include/boost/asio/detail/scheduler_operation.hpp:40
    #18 0x5c43df7ce7c3 in boost::asio::detail::epoll_reactor::descriptor_state::do_complete(void*, boost::asio::detail::scheduler_operation*, boost::system::error_code const&, unsigned long) /usr/include/boost/asio/detail/impl/epoll_reactor.ipp:815
    #19 0x5c43df7c8e7f in boost::asio::detail::scheduler::do_run_one(boost::asio::detail::conditionally_enabled_mutex::scoped_lock&, boost::asio::detail::scheduler_thread_info&, boost::system::error_code const&) (/workspaces/INSN/src/INSaNed+0x5c55e7f) (BuildId: ebe454c866988f44aa6059bd878123a717c12eb9)
    #20 0x5c43df7ca9be in boost::asio::detail::scheduler::run(boost::system::error_code&) /usr/include/boost/asio/detail/impl/scheduler.ipp:210
    #21 0x5c43df928686 in boost::asio::io_context::run() /usr/include/boost/asio/impl/io_context.ipp:64
    #22 0x5c43df9156e9 in boost::_mfi::mf0<unsigned long, boost::asio::io_context>::operator()(boost::asio::io_context*) const /usr/include/boost/bind/mem_fn_template.hpp:49
    #23 0x5c43df9156e9 in unsigned long boost::_bi::list1<boost::_bi::value<boost::asio::io_context*> >::operator()<unsigned long, boost::_mfi::mf0<unsigned long, boost::asio::io_context>, boost::_bi::list0>(boost::_bi::type<unsigned long>, boost::_mfi::mf0<unsigned long, boost::asio::io_context>&, boost::_bi::list0&, long) /usr/include/boost/bind/bind.hpp:229
    #24 0x5c43df9156e9 in boost::_bi::bind_t<unsigned long, boost::_mfi::mf0<unsigned long, boost::asio::io_context>, boost::_bi::list1<boost::_bi::value<boost::asio::io_context*> > >::operator()() /usr/include/boost/bind/bind.hpp:1274
    #25 0x5c43df9156e9 in boost::detail::thread_data<boost::_bi::bind_t<unsigned long, boost::_mfi::mf0<unsigned long, boost::asio::io_context>, boost::_bi::list1<boost::_bi::value<boost::asio::io_context*> > > >::run() /usr/include/boost/thread/detail/thread.hpp:120
    #26 0x7d1a09a6e99e  (/lib/x86_64-linux-gnu/libboost_thread.so.1.83.0+0x1699e) (BuildId: cdf2ab5aa23cece03cad83b104e3376e2e8edecb)
    #27 0x7d1a09b41a41 in asan_thread_start ../../../../src/libsanitizer/asan/asan_interceptors.cpp:234
    #28 0x7d1a086e5aa3 in start_thread nptl/pthread_create.c:447

Indirect leak of 56 byte(s) in 1 object(s) allocated from:
    #0 0x7d1a09be09c7 in malloc ../../../../src/libsanitizer/asan/asan_malloc_linux.cpp:69
    #1 0x7d1a094577c4 in CRYPTO_zalloc (/lib/x86_64-linux-gnu/libcrypto.so.3+0x2237c4) (BuildId: 0698e1ff610cb3c6993dccbd82c1281b1b4c5ade)
    #2 0x7d1a094645a3 in CRYPTO_THREAD_lock_new (/lib/x86_64-linux-gnu/libcrypto.so.3+0x2305a3) (BuildId: 0698e1ff610cb3c6993dccbd82c1281b1b4c5ade)
    #3 0x7d1a094626ec  (/lib/x86_64-linux-gnu/libcrypto.so.3+0x22e6ec) (BuildId: 0698e1ff610cb3c6993dccbd82c1281b1b4c5ade)
    #4 0x7d1a09462ca3  (/lib/x86_64-linux-gnu/libcrypto.so.3+0x22eca3) (BuildId: 0698e1ff610cb3c6993dccbd82c1281b1b4c5ade)
    #5 0x7d1a09462d94  (/lib/x86_64-linux-gnu/libcrypto.so.3+0x22ed94) (BuildId: 0698e1ff610cb3c6993dccbd82c1281b1b4c5ade)
    #6 0x7d1a09453337  (/lib/x86_64-linux-gnu/libcrypto.so.3+0x21f337) (BuildId: 0698e1ff610cb3c6993dccbd82c1281b1b4c5ade)
    #7 0x7d1a094536d8  (/lib/x86_64-linux-gnu/libcrypto.so.3+0x21f6d8) (BuildId: 0698e1ff610cb3c6993dccbd82c1281b1b4c5ade)
    #8 0x7d1a0942e6dc  (/lib/x86_64-linux-gnu/libcrypto.so.3+0x1fa6dc) (BuildId: 0698e1ff610cb3c6993dccbd82c1281b1b4c5ade)
    #9 0x7d1a0942eae3  (/lib/x86_64-linux-gnu/libcrypto.so.3+0x1faae3) (BuildId: 0698e1ff610cb3c6993dccbd82c1281b1b4c5ade)
    #10 0x7d1a094337c1 in EVP_RAND_fetch (/lib/x86_64-linux-gnu/libcrypto.so.3+0x1ff7c1) (BuildId: 0698e1ff610cb3c6993dccbd82c1281b1b4c5ade)
    #11 0x7d1a0953e36b in RAND_get0_primary (/lib/x86_64-linux-gnu/libcrypto.so.3+0x30a36b) (BuildId: 0698e1ff610cb3c6993dccbd82c1281b1b4c5ade)
    #12 0x7d1a0953e7cf in RAND_get0_public (/lib/x86_64-linux-gnu/libcrypto.so.3+0x30a7cf) (BuildId: 0698e1ff610cb3c6993dccbd82c1281b1b4c5ade)
    #13 0x7d1a0953e897 in RAND_bytes_ex (/lib/x86_64-linux-gnu/libcrypto.so.3+0x30a897) (BuildId: 0698e1ff610cb3c6993dccbd82c1281b1b4c5ade)
    #14 0x5c43dfb429d9 in GetRandBytes(unsigned char*, int) /workspaces/INSN/src/util.cpp:155
    #15 0x5c43df73ebe9 in CAddrMan::CAddrMan() /workspaces/INSN/src/addrman.h:395
    #16 0x5c43df6b8f4a in __static_initialization_and_destruction_0 /workspaces/INSN/src/net.cpp:57
    #17 0x5c43df6b8f4a in _GLOBAL__sub_I_fDiscover /workspaces/INSN/src/net.cpp:1882
    #18 0x7d1a08673303 in call_init ../csu/libc-start.c:145
    #19 0x7d1a08673303 in __libc_start_main_impl ../csu/libc-start.c:347
    #20 0x5c43deef8834 in _start (/workspaces/INSN/src/INSaNed+0x5385834) (BuildId: ebe454c866988f44aa6059bd878123a717c12eb9)

Indirect leak of 56 byte(s) in 1 object(s) allocated from:
    #0 0x7d1a09be09c7 in malloc ../../../../src/libsanitizer/asan/asan_malloc_linux.cpp:69
    #1 0x7d1a094577c4 in CRYPTO_zalloc (/lib/x86_64-linux-gnu/libcrypto.so.3+0x2237c4) (BuildId: 0698e1ff610cb3c6993dccbd82c1281b1b4c5ade)
    #2 0x7d1a094645a3 in CRYPTO_THREAD_lock_new (/lib/x86_64-linux-gnu/libcrypto.so.3+0x2305a3) (BuildId: 0698e1ff610cb3c6993dccbd82c1281b1b4c5ade)
    #3 0x7d1a094626db  (/lib/x86_64-linux-gnu/libcrypto.so.3+0x22e6db) (BuildId: 0698e1ff610cb3c6993dccbd82c1281b1b4c5ade)
    #4 0x7d1a09462ca3  (/lib/x86_64-linux-gnu/libcrypto.so.3+0x22eca3) (BuildId: 0698e1ff610cb3c6993dccbd82c1281b1b4c5ade)
    #5 0x7d1a09462d94  (/lib/x86_64-linux-gnu/libcrypto.so.3+0x22ed94) (BuildId: 0698e1ff610cb3c6993dccbd82c1281b1b4c5ade)
    #6 0x7d1a09453337  (/lib/x86_64-linux-gnu/libcrypto.so.3+0x21f337) (BuildId: 0698e1ff610cb3c6993dccbd82c1281b1b4c5ade)
    #7 0x7d1a094536d8  (/lib/x86_64-linux-gnu/libcrypto.so.3+0x21f6d8) (BuildId: 0698e1ff610cb3c6993dccbd82c1281b1b4c5ade)
    #8 0x7d1a0942e6dc  (/lib/x86_64-linux-gnu/libcrypto.so.3+0x1fa6dc) (BuildId: 0698e1ff610cb3c6993dccbd82c1281b1b4c5ade)
    #9 0x7d1a0942eae3  (/lib/x86_64-linux-gnu/libcrypto.so.3+0x1faae3) (BuildId: 0698e1ff610cb3c6993dccbd82c1281b1b4c5ade)
    #10 0x7d1a094337c1 in EVP_RAND_fetch (/lib/x86_64-linux-gnu/libcrypto.so.3+0x1ff7c1) (BuildId: 0698e1ff610cb3c6993dccbd82c1281b1b4c5ade)
    #11 0x7d1a0953e36b in RAND_get0_primary (/lib/x86_64-linux-gnu/libcrypto.so.3+0x30a36b) (BuildId: 0698e1ff610cb3c6993dccbd82c1281b1b4c5ade)
    #12 0x7d1a0953e7cf in RAND_get0_public (/lib/x86_64-linux-gnu/libcrypto.so.3+0x30a7cf) (BuildId: 0698e1ff610cb3c6993dccbd82c1281b1b4c5ade)
    #13 0x7d1a0953e897 in RAND_bytes_ex (/lib/x86_64-linux-gnu/libcrypto.so.3+0x30a897) (BuildId: 0698e1ff610cb3c6993dccbd82c1281b1b4c5ade)
    #14 0x5c43dfb429d9 in GetRandBytes(unsigned char*, int) /workspaces/INSN/src/util.cpp:155
    #15 0x5c43df73ebe9 in CAddrMan::CAddrMan() /workspaces/INSN/src/addrman.h:395
    #16 0x5c43df6b8f4a in __static_initialization_and_destruction_0 /workspaces/INSN/src/net.cpp:57
    #17 0x5c43df6b8f4a in _GLOBAL__sub_I_fDiscover /workspaces/INSN/src/net.cpp:1882
    #18 0x7d1a08673303 in call_init ../csu/libc-start.c:145
    #19 0x7d1a08673303 in __libc_start_main_impl ../csu/libc-start.c:347
    #20 0x5c43deef8834 in _start (/workspaces/INSN/src/INSaNed+0x5385834) (BuildId: ebe454c866988f44aa6059bd878123a717c12eb9)

Indirect leak of 56 byte(s) in 1 object(s) allocated from:
    #0 0x7d1a09be09c7 in malloc ../../../../src/libsanitizer/asan/asan_malloc_linux.cpp:69
    #1 0x7d1a094577c4 in CRYPTO_zalloc (/lib/x86_64-linux-gnu/libcrypto.so.3+0x2237c4) (BuildId: 0698e1ff610cb3c6993dccbd82c1281b1b4c5ade)
    #2 0x7d1a094645a3 in CRYPTO_THREAD_lock_new (/lib/x86_64-linux-gnu/libcrypto.so.3+0x2305a3) (BuildId: 0698e1ff610cb3c6993dccbd82c1281b1b4c5ade)
    #3 0x7d1a098087dc in SSL_CTX_new_ex (/lib/x86_64-linux-gnu/libssl.so.3+0x3d7dc) (BuildId: 5f3b12d47114f9fbdc7765266cd0bb8f1b5ee8fc)
    #4 0x5c43df901187 in boost::asio::ssl::context::context(boost::asio::ssl::context_base::method) /usr/include/boost/asio/ssl/impl/context.ipp:312
    #5 0x5c43df901187 in StartRPCThreads() /workspaces/INSN/src/rpcserver.cpp:552
    #6 0x5c43df11ac7c in AppInit2(boost::thread_group&) /workspaces/INSN/src/init.cpp:1124
    #7 0x5c43df27e953 in AppInit(int, char**) /workspaces/INSN/src/bitcoind.cpp:106
    #8 0x5c43df27f1b9 in main /workspaces/INSN/src/bitcoind.cpp:136
    #9 0x7d1a086731c9 in __libc_start_call_main ../sysdeps/nptl/libc_start_call_main.h:58
    #10 0x7d1a0867328a in __libc_start_main_impl ../csu/libc-start.c:360
    #11 0x5c43deef8834 in _start (/workspaces/INSN/src/INSaNed+0x5385834) (BuildId: ebe454c866988f44aa6059bd878123a717c12eb9)

Indirect leak of 56 byte(s) in 1 object(s) allocated from:
    #0 0x7d1a09be09c7 in malloc ../../../../src/libsanitizer/asan/asan_malloc_linux.cpp:69
    #1 0x7d1a094577c4 in CRYPTO_zalloc (/lib/x86_64-linux-gnu/libcrypto.so.3+0x2237c4) (BuildId: 0698e1ff610cb3c6993dccbd82c1281b1b4c5ade)
    #2 0x7d1a094645a3 in CRYPTO_THREAD_lock_new (/lib/x86_64-linux-gnu/libcrypto.so.3+0x2305a3) (BuildId: 0698e1ff610cb3c6993dccbd82c1281b1b4c5ade)
    #3 0x7d1a097f7805  (/lib/x86_64-linux-gnu/libssl.so.3+0x2c805) (BuildId: 5f3b12d47114f9fbdc7765266cd0bb8f1b5ee8fc)
    #4 0x7d1a09808862 in SSL_CTX_new_ex (/lib/x86_64-linux-gnu/libssl.so.3+0x3d862) (BuildId: 5f3b12d47114f9fbdc7765266cd0bb8f1b5ee8fc)
    #5 0x5c43df901187 in boost::asio::ssl::context::context(boost::asio::ssl::context_base::method) /usr/include/boost/asio/ssl/impl/context.ipp:312
    #6 0x5c43df901187 in StartRPCThreads() /workspaces/INSN/src/rpcserver.cpp:552
    #7 0x5c43df11ac7c in AppInit2(boost::thread_group&) /workspaces/INSN/src/init.cpp:1124
    #8 0x5c43df27e953 in AppInit(int, char**) /workspaces/INSN/src/bitcoind.cpp:106
    #9 0x5c43df27f1b9 in main /workspaces/INSN/src/bitcoind.cpp:136
    #10 0x7d1a086731c9 in __libc_start_call_main ../sysdeps/nptl/libc_start_call_main.h:58
    #11 0x7d1a0867328a in __libc_start_main_impl ../csu/libc-start.c:360
    #12 0x5c43deef8834 in _start (/workspaces/INSN/src/INSaNed+0x5385834) (BuildId: ebe454c866988f44aa6059bd878123a717c12eb9)

Indirect leak of 56 byte(s) in 1 object(s) allocated from:
    #0 0x7d1a09be09c7 in malloc ../../../../src/libsanitizer/asan/asan_malloc_linux.cpp:69
    #1 0x7d1a094577c4 in CRYPTO_zalloc (/lib/x86_64-linux-gnu/libcrypto.so.3+0x2237c4) (BuildId: 0698e1ff610cb3c6993dccbd82c1281b1b4c5ade)
    #2 0x7d1a094645a3 in CRYPTO_THREAD_lock_new (/lib/x86_64-linux-gnu/libcrypto.so.3+0x2305a3) (BuildId: 0698e1ff610cb3c6993dccbd82c1281b1b4c5ade)
    #3 0x7d1a095afcbf in X509_STORE_new (/lib/x86_64-linux-gnu/libcrypto.so.3+0x37bcbf) (BuildId: 0698e1ff610cb3c6993dccbd82c1281b1b4c5ade)
    #4 0x7d1a09808897 in SSL_CTX_new_ex (/lib/x86_64-linux-gnu/libssl.so.3+0x3d897) (BuildId: 5f3b12d47114f9fbdc7765266cd0bb8f1b5ee8fc)
    #5 0x5c43df901187 in boost::asio::ssl::context::context(boost::asio::ssl::context_base::method) /usr/include/boost/asio/ssl/impl/context.ipp:312
    #6 0x5c43df901187 in StartRPCThreads() /workspaces/INSN/src/rpcserver.cpp:552
    #7 0x5c43df11ac7c in AppInit2(boost::thread_group&) /workspaces/INSN/src/init.cpp:1124
    #8 0x5c43df27e953 in AppInit(int, char**) /workspaces/INSN/src/bitcoind.cpp:106
    #9 0x5c43df27f1b9 in main /workspaces/INSN/src/bitcoind.cpp:136
    #10 0x7d1a086731c9 in __libc_start_call_main ../sysdeps/nptl/libc_start_call_main.h:58
    #11 0x7d1a0867328a in __libc_start_main_impl ../csu/libc-start.c:360
    #12 0x5c43deef8834 in _start (/workspaces/INSN/src/INSaNed+0x5385834) (BuildId: ebe454c866988f44aa6059bd878123a717c12eb9)

Indirect leak of 56 byte(s) in 1 object(s) allocated from:
    #0 0x7d1a09be09c7 in malloc ../../../../src/libsanitizer/asan/asan_malloc_linux.cpp:69
    #1 0x7d1a094577c4 in CRYPTO_zalloc (/lib/x86_64-linux-gnu/libcrypto.so.3+0x2237c4) (BuildId: 0698e1ff610cb3c6993dccbd82c1281b1b4c5ade)
    #2 0x7d1a094645a3 in CRYPTO_THREAD_lock_new (/lib/x86_64-linux-gnu/libcrypto.so.3+0x2305a3) (BuildId: 0698e1ff610cb3c6993dccbd82c1281b1b4c5ade)
    #3 0x7d1a09807d3c in SSL_new (/lib/x86_64-linux-gnu/libssl.so.3+0x3cd3c) (BuildId: 5f3b12d47114f9fbdc7765266cd0bb8f1b5ee8fc)
    #4 0x5c43df7eb79f in boost::asio::ssl::detail::engine::engine(ssl_ctx_st*) (/workspaces/INSN/src/INSaNed+0x5c7879f) (BuildId: ebe454c866988f44aa6059bd878123a717c12eb9)
    #5 0x5c43df8119a8 in boost::asio::ssl::detail::stream_core::stream_core<boost::asio::any_io_executor>(ssl_ctx_st*, boost::asio::any_io_executor const&) /usr/include/boost/asio/ssl/detail/stream_core.hpp:43
    #6 0x5c43df8fa39a in boost::asio::ssl::stream<boost::asio::basic_stream_socket<boost::asio::ip::tcp, boost::asio::any_io_executor> >::stream<boost::asio::io_context&>(boost::asio::io_context&, boost::asio::ssl::context&) /usr/include/boost/asio/ssl/stream.hpp:108
    #7 0x5c43df8fa39a in AcceptedConnectionImpl<boost::asio::ip::tcp>::AcceptedConnectionImpl(boost::asio::io_context&, boost::asio::ssl::context&, bool) /workspaces/INSN/src/rpcserver.cpp:417
    #8 0x5c43df8fa39a in RPCListen<boost::asio::ip::tcp> /workspaces/INSN/src/rpcserver.cpp:465
    #9 0x5c43df9036ee in StartRPCThreads() /workspaces/INSN/src/rpcserver.cpp:594
    #10 0x5c43df11ac7c in AppInit2(boost::thread_group&) /workspaces/INSN/src/init.cpp:1124
    #11 0x5c43df27e953 in AppInit(int, char**) /workspaces/INSN/src/bitcoind.cpp:106
    #12 0x5c43df27f1b9 in main /workspaces/INSN/src/bitcoind.cpp:136
    #13 0x7d1a086731c9 in __libc_start_call_main ../sysdeps/nptl/libc_start_call_main.h:58
    #14 0x7d1a0867328a in __libc_start_main_impl ../csu/libc-start.c:360
    #15 0x5c43deef8834 in _start (/workspaces/INSN/src/INSaNed+0x5385834) (BuildId: ebe454c866988f44aa6059bd878123a717c12eb9)

Indirect leak of 56 byte(s) in 1 object(s) allocated from:
    #0 0x7d1a09be09c7 in malloc ../../../../src/libsanitizer/asan/asan_malloc_linux.cpp:69
    #1 0x7d1a094577c4 in CRYPTO_zalloc (/lib/x86_64-linux-gnu/libcrypto.so.3+0x2237c4) (BuildId: 0698e1ff610cb3c6993dccbd82c1281b1b4c5ade)
    #2 0x7d1a094645a3 in CRYPTO_THREAD_lock_new (/lib/x86_64-linux-gnu/libcrypto.so.3+0x2305a3) (BuildId: 0698e1ff610cb3c6993dccbd82c1281b1b4c5ade)
    #3 0x7d1a097f7aad  (/lib/x86_64-linux-gnu/libssl.so.3+0x2caad) (BuildId: 5f3b12d47114f9fbdc7765266cd0bb8f1b5ee8fc)
    #4 0x7d1a09807df8 in SSL_new (/lib/x86_64-linux-gnu/libssl.so.3+0x3cdf8) (BuildId: 5f3b12d47114f9fbdc7765266cd0bb8f1b5ee8fc)
    #5 0x5c43df7eb79f in boost::asio::ssl::detail::engine::engine(ssl_ctx_st*) (/workspaces/INSN/src/INSaNed+0x5c7879f) (BuildId: ebe454c866988f44aa6059bd878123a717c12eb9)
    #6 0x5c43df8119a8 in boost::asio::ssl::detail::stream_core::stream_core<boost::asio::any_io_executor>(ssl_ctx_st*, boost::asio::any_io_executor const&) /usr/include/boost/asio/ssl/detail/stream_core.hpp:43
    #7 0x5c43df8fa39a in boost::asio::ssl::stream<boost::asio::basic_stream_socket<boost::asio::ip::tcp, boost::asio::any_io_executor> >::stream<boost::asio::io_context&>(boost::asio::io_context&, boost::asio::ssl::context&) /usr/include/boost/asio/ssl/stream.hpp:108
    #8 0x5c43df8fa39a in AcceptedConnectionImpl<boost::asio::ip::tcp>::AcceptedConnectionImpl(boost::asio::io_context&, boost::asio::ssl::context&, bool) /workspaces/INSN/src/rpcserver.cpp:417
    #9 0x5c43df8fa39a in RPCListen<boost::asio::ip::tcp> /workspaces/INSN/src/rpcserver.cpp:465
    #10 0x5c43df9036ee in StartRPCThreads() /workspaces/INSN/src/rpcserver.cpp:594
    #11 0x5c43df11ac7c in AppInit2(boost::thread_group&) /workspaces/INSN/src/init.cpp:1124
    #12 0x5c43df27e953 in AppInit(int, char**) /workspaces/INSN/src/bitcoind.cpp:106
    #13 0x5c43df27f1b9 in main /workspaces/INSN/src/bitcoind.cpp:136
    #14 0x7d1a086731c9 in __libc_start_call_main ../sysdeps/nptl/libc_start_call_main.h:58
    #15 0x7d1a0867328a in __libc_start_main_impl ../csu/libc-start.c:360
    #16 0x5c43deef8834 in _start (/workspaces/INSN/src/INSaNed+0x5385834) (BuildId: ebe454c866988f44aa6059bd878123a717c12eb9)

Indirect leak of 56 byte(s) in 1 object(s) allocated from:
    #0 0x7d1a09be09c7 in malloc ../../../../src/libsanitizer/asan/asan_malloc_linux.cpp:69
    #1 0x7d1a094577c4 in CRYPTO_zalloc (/lib/x86_64-linux-gnu/libcrypto.so.3+0x2237c4) (BuildId: 0698e1ff610cb3c6993dccbd82c1281b1b4c5ade)
    #2 0x7d1a094645a3 in CRYPTO_THREAD_lock_new (/lib/x86_64-linux-gnu/libcrypto.so.3+0x2305a3) (BuildId: 0698e1ff610cb3c6993dccbd82c1281b1b4c5ade)
    #3 0x7d1a09321860 in BIO_new_ex (/lib/x86_64-linux-gnu/libcrypto.so.3+0xed860) (BuildId: 0698e1ff610cb3c6993dccbd82c1281b1b4c5ade)
    #4 0x7d1a0932823e in BIO_new_bio_pair (/lib/x86_64-linux-gnu/libcrypto.so.3+0xf423e) (BuildId: 0698e1ff610cb3c6993dccbd82c1281b1b4c5ade)
    #5 0x5c43df7eb8f7 in boost::asio::ssl::detail::engine::engine(ssl_ctx_st*) (/workspaces/INSN/src/INSaNed+0x5c788f7) (BuildId: ebe454c866988f44aa6059bd878123a717c12eb9)
    #6 0x5c43df8119a8 in boost::asio::ssl::detail::stream_core::stream_core<boost::asio::any_io_executor>(ssl_ctx_st*, boost::asio::any_io_executor const&) /usr/include/boost/asio/ssl/detail/stream_core.hpp:43
    #7 0x5c43df8fa39a in boost::asio::ssl::stream<boost::asio::basic_stream_socket<boost::asio::ip::tcp, boost::asio::any_io_executor> >::stream<boost::asio::io_context&>(boost::asio::io_context&, boost::asio::ssl::context&) /usr/include/boost/asio/ssl/stream.hpp:108
    #8 0x5c43df8fa39a in AcceptedConnectionImpl<boost::asio::ip::tcp>::AcceptedConnectionImpl(boost::asio::io_context&, boost::asio::ssl::context&, bool) /workspaces/INSN/src/rpcserver.cpp:417
    #9 0x5c43df8fa39a in RPCListen<boost::asio::ip::tcp> /workspaces/INSN/src/rpcserver.cpp:465
    #10 0x5c43df9036ee in StartRPCThreads() /workspaces/INSN/src/rpcserver.cpp:594
    #11 0x5c43df11ac7c in AppInit2(boost::thread_group&) /workspaces/INSN/src/init.cpp:1124
    #12 0x5c43df27e953 in AppInit(int, char**) /workspaces/INSN/src/bitcoind.cpp:106
    #13 0x5c43df27f1b9 in main /workspaces/INSN/src/bitcoind.cpp:136
    #14 0x7d1a086731c9 in __libc_start_call_main ../sysdeps/nptl/libc_start_call_main.h:58
    #15 0x7d1a0867328a in __libc_start_main_impl ../csu/libc-start.c:360
    #16 0x5c43deef8834 in _start (/workspaces/INSN/src/INSaNed+0x5385834) (BuildId: ebe454c866988f44aa6059bd878123a717c12eb9)

Indirect leak of 56 byte(s) in 1 object(s) allocated from:
    #0 0x7d1a09be09c7 in malloc ../../../../src/libsanitizer/asan/asan_malloc_linux.cpp:69
    #1 0x7d1a094577c4 in CRYPTO_zalloc (/lib/x86_64-linux-gnu/libcrypto.so.3+0x2237c4) (BuildId: 0698e1ff610cb3c6993dccbd82c1281b1b4c5ade)
    #2 0x7d1a09327855  (/lib/x86_64-linux-gnu/libcrypto.so.3+0xf3855) (BuildId: 0698e1ff610cb3c6993dccbd82c1281b1b4c5ade)
    #3 0x7d1a09321883 in BIO_new_ex (/lib/x86_64-linux-gnu/libcrypto.so.3+0xed883) (BuildId: 0698e1ff610cb3c6993dccbd82c1281b1b4c5ade)
    #4 0x7d1a0932823e in BIO_new_bio_pair (/lib/x86_64-linux-gnu/libcrypto.so.3+0xf423e) (BuildId: 0698e1ff610cb3c6993dccbd82c1281b1b4c5ade)
    #5 0x5c43df7eb8f7 in boost::asio::ssl::detail::engine::engine(ssl_ctx_st*) (/workspaces/INSN/src/INSaNed+0x5c788f7) (BuildId: ebe454c866988f44aa6059bd878123a717c12eb9)
    #6 0x5c43df8119a8 in boost::asio::ssl::detail::stream_core::stream_core<boost::asio::any_io_executor>(ssl_ctx_st*, boost::asio::any_io_executor const&) /usr/include/boost/asio/ssl/detail/stream_core.hpp:43
    #7 0x5c43df8fa39a in boost::asio::ssl::stream<boost::asio::basic_stream_socket<boost::asio::ip::tcp, boost::asio::any_io_executor> >::stream<boost::asio::io_context&>(boost::asio::io_context&, boost::asio::ssl::context&) /usr/include/boost/asio/ssl/stream.hpp:108
    #8 0x5c43df8fa39a in AcceptedConnectionImpl<boost::asio::ip::tcp>::AcceptedConnectionImpl(boost::asio::io_context&, boost::asio::ssl::context&, bool) /workspaces/INSN/src/rpcserver.cpp:417
    #9 0x5c43df8fa39a in RPCListen<boost::asio::ip::tcp> /workspaces/INSN/src/rpcserver.cpp:465
    #10 0x5c43df9036ee in StartRPCThreads() /workspaces/INSN/src/rpcserver.cpp:594
    #11 0x5c43df11ac7c in AppInit2(boost::thread_group&) /workspaces/INSN/src/init.cpp:1124
    #12 0x5c43df27e953 in AppInit(int, char**) /workspaces/INSN/src/bitcoind.cpp:106
    #13 0x5c43df27f1b9 in main /workspaces/INSN/src/bitcoind.cpp:136
    #14 0x7d1a086731c9 in __libc_start_call_main ../sysdeps/nptl/libc_start_call_main.h:58
    #15 0x7d1a0867328a in __libc_start_main_impl ../csu/libc-start.c:360
    #16 0x5c43deef8834 in _start (/workspaces/INSN/src/INSaNed+0x5385834) (BuildId: ebe454c866988f44aa6059bd878123a717c12eb9)

Indirect leak of 56 byte(s) in 1 object(s) allocated from:
    #0 0x7d1a09be09c7 in malloc ../../../../src/libsanitizer/asan/asan_malloc_linux.cpp:69
    #1 0x7d1a094577c4 in CRYPTO_zalloc (/lib/x86_64-linux-gnu/libcrypto.so.3+0x2237c4) (BuildId: 0698e1ff610cb3c6993dccbd82c1281b1b4c5ade)
    #2 0x7d1a094645a3 in CRYPTO_THREAD_lock_new (/lib/x86_64-linux-gnu/libcrypto.so.3+0x2305a3) (BuildId: 0698e1ff610cb3c6993dccbd82c1281b1b4c5ade)
    #3 0x7d1a09321860 in BIO_new_ex (/lib/x86_64-linux-gnu/libcrypto.so.3+0xed860) (BuildId: 0698e1ff610cb3c6993dccbd82c1281b1b4c5ade)
    #4 0x7d1a09328257 in BIO_new_bio_pair (/lib/x86_64-linux-gnu/libcrypto.so.3+0xf4257) (BuildId: 0698e1ff610cb3c6993dccbd82c1281b1b4c5ade)
    #5 0x5c43df7eb8f7 in boost::asio::ssl::detail::engine::engine(ssl_ctx_st*) (/workspaces/INSN/src/INSaNed+0x5c788f7) (BuildId: ebe454c866988f44aa6059bd878123a717c12eb9)
    #6 0x5c43df8119a8 in boost::asio::ssl::detail::stream_core::stream_core<boost::asio::any_io_executor>(ssl_ctx_st*, boost::asio::any_io_executor const&) /usr/include/boost/asio/ssl/detail/stream_core.hpp:43
    #7 0x5c43df8fa39a in boost::asio::ssl::stream<boost::asio::basic_stream_socket<boost::asio::ip::tcp, boost::asio::any_io_executor> >::stream<boost::asio::io_context&>(boost::asio::io_context&, boost::asio::ssl::context&) /usr/include/boost/asio/ssl/stream.hpp:108
    #8 0x5c43df8fa39a in AcceptedConnectionImpl<boost::asio::ip::tcp>::AcceptedConnectionImpl(boost::asio::io_context&, boost::asio::ssl::context&, bool) /workspaces/INSN/src/rpcserver.cpp:417
    #9 0x5c43df8fa39a in RPCListen<boost::asio::ip::tcp> /workspaces/INSN/src/rpcserver.cpp:465
    #10 0x5c43df9036ee in StartRPCThreads() /workspaces/INSN/src/rpcserver.cpp:594
    #11 0x5c43df11ac7c in AppInit2(boost::thread_group&) /workspaces/INSN/src/init.cpp:1124
    #12 0x5c43df27e953 in AppInit(int, char**) /workspaces/INSN/src/bitcoind.cpp:106
    #13 0x5c43df27f1b9 in main /workspaces/INSN/src/bitcoind.cpp:136
    #14 0x7d1a086731c9 in __libc_start_call_main ../sysdeps/nptl/libc_start_call_main.h:58
    #15 0x7d1a0867328a in __libc_start_main_impl ../csu/libc-start.c:360
    #16 0x5c43deef8834 in _start (/workspaces/INSN/src/INSaNed+0x5385834) (BuildId: ebe454c866988f44aa6059bd878123a717c12eb9)

Indirect leak of 56 byte(s) in 1 object(s) allocated from:
    #0 0x7d1a09be09c7 in malloc ../../../../src/libsanitizer/asan/asan_malloc_linux.cpp:69
    #1 0x7d1a094577c4 in CRYPTO_zalloc (/lib/x86_64-linux-gnu/libcrypto.so.3+0x2237c4) (BuildId: 0698e1ff610cb3c6993dccbd82c1281b1b4c5ade)
    #2 0x7d1a09327855  (/lib/x86_64-linux-gnu/libcrypto.so.3+0xf3855) (BuildId: 0698e1ff610cb3c6993dccbd82c1281b1b4c5ade)
    #3 0x7d1a09321883 in BIO_new_ex (/lib/x86_64-linux-gnu/libcrypto.so.3+0xed883) (BuildId: 0698e1ff610cb3c6993dccbd82c1281b1b4c5ade)
    #4 0x7d1a09328257 in BIO_new_bio_pair (/lib/x86_64-linux-gnu/libcrypto.so.3+0xf4257) (BuildId: 0698e1ff610cb3c6993dccbd82c1281b1b4c5ade)
    #5 0x5c43df7eb8f7 in boost::asio::ssl::detail::engine::engine(ssl_ctx_st*) (/workspaces/INSN/src/INSaNed+0x5c788f7) (BuildId: ebe454c866988f44aa6059bd878123a717c12eb9)
    #6 0x5c43df8119a8 in boost::asio::ssl::detail::stream_core::stream_core<boost::asio::any_io_executor>(ssl_ctx_st*, boost::asio::any_io_executor const&) /usr/include/boost/asio/ssl/detail/stream_core.hpp:43
    #7 0x5c43df8fa39a in boost::asio::ssl::stream<boost::asio::basic_stream_socket<boost::asio::ip::tcp, boost::asio::any_io_executor> >::stream<boost::asio::io_context&>(boost::asio::io_context&, boost::asio::ssl::context&) /usr/include/boost/asio/ssl/stream.hpp:108
    #8 0x5c43df8fa39a in AcceptedConnectionImpl<boost::asio::ip::tcp>::AcceptedConnectionImpl(boost::asio::io_context&, boost::asio::ssl::context&, bool) /workspaces/INSN/src/rpcserver.cpp:417
    #9 0x5c43df8fa39a in RPCListen<boost::asio::ip::tcp> /workspaces/INSN/src/rpcserver.cpp:465
    #10 0x5c43df9036ee in StartRPCThreads() /workspaces/INSN/src/rpcserver.cpp:594
    #11 0x5c43df11ac7c in AppInit2(boost::thread_group&) /workspaces/INSN/src/init.cpp:1124
    #12 0x5c43df27e953 in AppInit(int, char**) /workspaces/INSN/src/bitcoind.cpp:106
    #13 0x5c43df27f1b9 in main /workspaces/INSN/src/bitcoind.cpp:136
    #14 0x7d1a086731c9 in __libc_start_call_main ../sysdeps/nptl/libc_start_call_main.h:58
    #15 0x7d1a0867328a in __libc_start_main_impl ../csu/libc-start.c:360
    #16 0x5c43deef8834 in _start (/workspaces/INSN/src/INSaNed+0x5385834) (BuildId: ebe454c866988f44aa6059bd878123a717c12eb9)

Indirect leak of 56 byte(s) in 1 object(s) allocated from:
    #0 0x7d1a09be09c7 in malloc ../../../../src/libsanitizer/asan/asan_malloc_linux.cpp:69
    #1 0x7d1a094577c4 in CRYPTO_zalloc (/lib/x86_64-linux-gnu/libcrypto.so.3+0x2237c4) (BuildId: 0698e1ff610cb3c6993dccbd82c1281b1b4c5ade)
    #2 0x7d1a09327855  (/lib/x86_64-linux-gnu/libcrypto.so.3+0xf3855) (BuildId: 0698e1ff610cb3c6993dccbd82c1281b1b4c5ade)
    #3 0x7d1a09321883 in BIO_new_ex (/lib/x86_64-linux-gnu/libcrypto.so.3+0xed883) (BuildId: 0698e1ff610cb3c6993dccbd82c1281b1b4c5ade)
    #4 0x7d1a09328257 in BIO_new_bio_pair (/lib/x86_64-linux-gnu/libcrypto.so.3+0xf4257) (BuildId: 0698e1ff610cb3c6993dccbd82c1281b1b4c5ade)
    #5 0x5c43df7eb8f7 in boost::asio::ssl::detail::engine::engine(ssl_ctx_st*) (/workspaces/INSN/src/INSaNed+0x5c788f7) (BuildId: ebe454c866988f44aa6059bd878123a717c12eb9)
    #6 0x5c43df8119a8 in boost::asio::ssl::detail::stream_core::stream_core<boost::asio::any_io_executor>(ssl_ctx_st*, boost::asio::any_io_executor const&) /usr/include/boost/asio/ssl/detail/stream_core.hpp:43
    #7 0x5c43df8fa39a in boost::asio::ssl::stream<boost::asio::basic_stream_socket<boost::asio::ip::tcp, boost::asio::any_io_executor> >::stream<boost::asio::io_context&>(boost::asio::io_context&, boost::asio::ssl::context&) /usr/include/boost/asio/ssl/stream.hpp:108
    #8 0x5c43df8fa39a in AcceptedConnectionImpl<boost::asio::ip::tcp>::AcceptedConnectionImpl(boost::asio::io_context&, boost::asio::ssl::context&, bool) /workspaces/INSN/src/rpcserver.cpp:417
    #9 0x5c43df8fa39a in RPCListen<boost::asio::ip::tcp> /workspaces/INSN/src/rpcserver.cpp:465
    #10 0x5c43df90b940 in RPCAcceptHandler<boost::asio::ip::tcp> /workspaces/INSN/src/rpcserver.cpp:491
    #11 0x5c43df9684fb in void boost::_bi::list5<boost::_bi::value<boost::shared_ptr<boost::asio::basic_socket_acceptor<boost::asio::ip::tcp, boost::asio::any_io_executor> > >, boost::reference_wrapper<boost::asio::ssl::context>, boost::_bi::value<bool>, boost::_bi::value<AcceptedConnectionImpl<boost::asio::ip::tcp>*>, boost::arg<1> (*)()>::operator()<void (*)(boost::shared_ptr<boost::asio::basic_socket_acceptor<boost::asio::ip::tcp, boost::asio::any_io_executor> >, boost::asio::ssl::context&, bool, AcceptedConnection*, boost::system::error_code const&), boost::_bi::rrlist1<boost::system::error_code const&> >(boost::_bi::type<void>, void (*&)(boost::shared_ptr<boost::asio::basic_socket_acceptor<boost::asio::ip::tcp, boost::asio::any_io_executor> >, boost::asio::ssl::context&, bool, AcceptedConnection*, boost::system::error_code const&), boost::_bi::rrlist1<boost::system::error_code const&>&, int) /usr/include/boost/bind/bind.hpp:511
    #12 0x5c43df9684fb in void boost::_bi::bind_t<void, void (*)(boost::shared_ptr<boost::asio::basic_socket_acceptor<boost::asio::ip::tcp, boost::asio::any_io_executor> >, boost::asio::ssl::context&, bool, AcceptedConnection*, boost::system::error_code const&), boost::_bi::list5<boost::_bi::value<boost::shared_ptr<boost::asio::basic_socket_acceptor<boost::asio::ip::tcp, boost::asio::any_io_executor> > >, boost::reference_wrapper<boost::asio::ssl::context>, boost::_bi::value<bool>, boost::_bi::value<AcceptedConnectionImpl<boost::asio::ip::tcp>*>, boost::arg<1> (*)()> >::operator()<boost::system::error_code const&>(boost::system::error_code const&) /usr/include/boost/bind/bind.hpp:1286
    #13 0x5c43df9684fb in boost::asio::detail::binder1<boost::_bi::bind_t<void, void (*)(boost::shared_ptr<boost::asio::basic_socket_acceptor<boost::asio::ip::tcp, boost::asio::any_io_executor> >, boost::asio::ssl::context&, bool, AcceptedConnection*, boost::system::error_code const&), boost::_bi::list5<boost::_bi::value<boost::shared_ptr<boost::asio::basic_socket_acceptor<boost::asio::ip::tcp, boost::asio::any_io_executor> > >, boost::reference_wrapper<boost::asio::ssl::context>, boost::_bi::value<bool>, boost::_bi::value<AcceptedConnectionImpl<boost::asio::ip::tcp>*>, boost::arg<1> (*)()> >, boost::system::error_code>::operator()() /usr/include/boost/asio/detail/bind_handler.hpp:171
    #14 0x5c43df9684fb in void boost::asio::asio_handler_invoke<boost::asio::detail::binder1<boost::_bi::bind_t<void, void (*)(boost::shared_ptr<boost::asio::basic_socket_acceptor<boost::asio::ip::tcp, boost::asio::any_io_executor> >, boost::asio::ssl::context&, bool, AcceptedConnection*, boost::system::error_code const&), boost::_bi::list5<boost::_bi::value<boost::shared_ptr<boost::asio::basic_socket_acceptor<boost::asio::ip::tcp, boost::asio::any_io_executor> > >, boost::reference_wrapper<boost::asio::ssl::context>, boost::_bi::value<bool>, boost::_bi::value<AcceptedConnectionImpl<boost::asio::ip::tcp>*>, boost::arg<1> (*)()> >, boost::system::error_code> >(boost::asio::detail::binder1<boost::_bi::bind_t<void, void (*)(boost::shared_ptr<boost::asio::basic_socket_acceptor<boost::asio::ip::tcp, boost::asio::any_io_executor> >, boost::asio::ssl::context&, bool, AcceptedConnection*, boost::system::error_code const&), boost::_bi::list5<boost::_bi::value<boost::shared_ptr<boost::asio::basic_socket_acceptor<boost::asio::ip::tcp, boost::asio::any_io_executor> > >, boost::reference_wrapper<boost::asio::ssl::context>, boost::_bi::value<bool>, boost::_bi::value<AcceptedConnectionImpl<boost::asio::ip::tcp>*>, boost::arg<1> (*)()> >, boost::system::error_code>&, ...) /usr/include/boost/asio/handler_invoke_hook.hpp:88
    #15 0x5c43df9684fb in void boost_asio_handler_invoke_helpers::invoke<boost::asio::detail::binder1<boost::_bi::bind_t<void, void (*)(boost::shared_ptr<boost::asio::basic_socket_acceptor<boost::asio::ip::tcp, boost::asio::any_io_executor> >, boost::asio::ssl::context&, bool, AcceptedConnection*, boost::system::error_code const&), boost::_bi::list5<boost::_bi::value<boost::shared_ptr<boost::asio::basic_socket_acceptor<boost::asio::ip::tcp, boost::asio::any_io_executor> > >, boost::reference_wrapper<boost::asio::ssl::context>, boost::_bi::value<bool>, boost::_bi::value<AcceptedConnectionImpl<boost::asio::ip::tcp>*>, boost::arg<1> (*)()> >, boost::system::error_code>, boost::_bi::bind_t<void, void (*)(boost::shared_ptr<boost::asio::basic_socket_acceptor<boost::asio::ip::tcp, boost::asio::any_io_executor> >, boost::asio::ssl::context&, bool, AcceptedConnection*, boost::system::error_code const&), boost::_bi::list5<boost::_bi::value<boost::shared_ptr<boost::asio::basic_socket_acceptor<boost::asio::ip::tcp, boost::asio::any_io_executor> > >, boost::reference_wrapper<boost::asio::ssl::context>, boost::_bi::value<bool>, boost::_bi::value<AcceptedConnectionImpl<boost::asio::ip::tcp>*>, boost::arg<1> (*)()> > >(boost::asio::detail::binder1<boost::_bi::bind_t<void, void (*)(boost::shared_ptr<boost::asio::basic_socket_acceptor<boost::asio::ip::tcp, boost::asio::any_io_executor> >, boost::asio::ssl::context&, bool, AcceptedConnection*, boost::system::error_code const&), boost::_bi::list5<boost::_bi::value<boost::shared_ptr<boost::asio::basic_socket_acceptor<boost::asio::ip::tcp, boost::asio::any_io_executor> > >, boost::reference_wrapper<boost::asio::ssl::context>, boost::_bi::value<bool>, boost::_bi::value<AcceptedConnectionImpl<boost::asio::ip::tcp>*>, boost::arg<1> (*)()> >, boost::system::error_code>&, boost::_bi::bind_t<void, void (*)(boost::shared_ptr<boost::asio::basic_socket_acceptor<boost::asio::ip::tcp, boost::asio::any_io_executor> >, boost::asio::ssl::context&, bool, AcceptedConnection*, boost::system::error_code const&), boost::_bi::list5<boost::_bi::value<boost::shared_ptr<boost::asio::basic_socket_acceptor<boost::asio::ip::tcp, boost::asio::any_io_executor> > >, boost::reference_wrapper<boost::asio::ssl::context>, boost::_bi::value<bool>, boost::_bi::value<AcceptedConnectionImpl<boost::asio::ip::tcp>*>, boost::arg<1> (*)()> >&) /usr/include/boost/asio/detail/handler_invoke_helpers.hpp:54
    #16 0x5c43df9684fb in void boost::asio::detail::handler_work<boost::_bi::bind_t<void, void (*)(boost::shared_ptr<boost::asio::basic_socket_acceptor<boost::asio::ip::tcp, boost::asio::any_io_executor> >, boost::asio::ssl::context&, bool, AcceptedConnection*, boost::system::error_code const&), boost::_bi::list5<boost::_bi::value<boost::shared_ptr<boost::asio::basic_socket_acceptor<boost::asio::ip::tcp, boost::asio::any_io_executor> > >, boost::reference_wrapper<boost::asio::ssl::context>, boost::_bi::value<bool>, boost::_bi::value<AcceptedConnectionImpl<boost::asio::ip::tcp>*>, boost::arg<1> (*)()> >, boost::asio::any_io_executor, void>::complete<boost::asio::detail::binder1<boost::_bi::bind_t<void, void (*)(boost::shared_ptr<boost::asio::basic_socket_acceptor<boost::asio::ip::tcp, boost::asio::any_io_executor> >, boost::asio::ssl::context&, bool, AcceptedConnection*, boost::system::error_code const&), boost::_bi::list5<boost::_bi::value<boost::shared_ptr<boost::asio::basic_socket_acceptor<boost::asio::ip::tcp, boost::asio::any_io_executor> > >, boost::reference_wrapper<boost::asio::ssl::context>, boost::_bi::value<bool>, boost::_bi::value<AcceptedConnectionImpl<boost::asio::ip::tcp>*>, boost::arg<1> (*)()> >, boost::system::error_code> >(boost::asio::detail::binder1<boost::_bi::bind_t<void, void (*)(boost::shared_ptr<boost::asio::basic_socket_acceptor<boost::asio::ip::tcp, boost::asio::any_io_executor> >, boost::asio::ssl::context&, bool, AcceptedConnection*, boost::system::error_code const&), boost::_bi::list5<boost::_bi::value<boost::shared_ptr<boost::asio::basic_socket_acceptor<boost::asio::ip::tcp, boost::asio::any_io_executor> > >, boost::reference_wrapper<boost::asio::ssl::context>, boost::_bi::value<bool>, boost::_bi::value<AcceptedConnectionImpl<boost::asio::ip::tcp>*>, boost::arg<1> (*)()> >, boost::system::error_code>&, boost::_bi::bind_t<void, void (*)(boost::shared_ptr<boost::asio::basic_socket_acceptor<boost::asio::ip::tcp, boost::asio::any_io_executor> >, boost::asio::ssl::context&, bool, AcceptedConnection*, boost::system::error_code const&), boost::_bi::list5<boost::_bi::value<boost::shared_ptr<boost::asio::basic_socket_acceptor<boost::asio::ip::tcp, boost::asio::any_io_executor> > >, boost::reference_wrapper<boost::asio::ssl::context>, boost::_bi::value<bool>, boost::_bi::value<AcceptedConnectionImpl<boost::asio::ip::tcp>*>, boost::arg<1> (*)()> >&) /usr/include/boost/asio/detail/handler_work.hpp:524
    #17 0x5c43df9684fb in boost::asio::detail::reactive_socket_accept_op<boost::asio::basic_socket<boost::asio::ip::tcp, boost::asio::any_io_executor>, boost::asio::ip::tcp, boost::_bi::bind_t<void, void (*)(boost::shared_ptr<boost::asio::basic_socket_acceptor<boost::asio::ip::tcp, boost::asio::any_io_executor> >, boost::asio::ssl::context&, bool, AcceptedConnection*, boost::system::error_code const&), boost::_bi::list5<boost::_bi::value<boost::shared_ptr<boost::asio::basic_socket_acceptor<boost::asio::ip::tcp, boost::asio::any_io_executor> > >, boost::reference_wrapper<boost::asio::ssl::context>, boost::_bi::value<bool>, boost::_bi::value<AcceptedConnectionImpl<boost::asio::ip::tcp>*>, boost::arg<1> (*)()> >, boost::asio::any_io_executor>::do_complete(void*, boost::asio::detail::scheduler_operation*, boost::system::error_code const&, unsigned long) /usr/include/boost/asio/detail/reactive_socket_accept_op.hpp:155
    #18 0x5c43df7ce7c3 in boost::asio::detail::scheduler_operation::complete(void*, boost::system::error_code const&, unsigned long) /usr/include/boost/asio/detail/scheduler_operation.hpp:40
    #19 0x5c43df7ce7c3 in boost::asio::detail::epoll_reactor::descriptor_state::do_complete(void*, boost::asio::detail::scheduler_operation*, boost::system::error_code const&, unsigned long) /usr/include/boost/asio/detail/impl/epoll_reactor.ipp:815
    #20 0x5c43df7c8e7f in boost::asio::detail::scheduler::do_run_one(boost::asio::detail::conditionally_enabled_mutex::scoped_lock&, boost::asio::detail::scheduler_thread_info&, boost::system::error_code const&) (/workspaces/INSN/src/INSaNed+0x5c55e7f) (BuildId: ebe454c866988f44aa6059bd878123a717c12eb9)
    #21 0x5c43df7ca9be in boost::asio::detail::scheduler::run(boost::system::error_code&) /usr/include/boost/asio/detail/impl/scheduler.ipp:210
    #22 0x5c43df928686 in boost::asio::io_context::run() /usr/include/boost/asio/impl/io_context.ipp:64
    #23 0x5c43df9156e9 in boost::_mfi::mf0<unsigned long, boost::asio::io_context>::operator()(boost::asio::io_context*) const /usr/include/boost/bind/mem_fn_template.hpp:49
    #24 0x5c43df9156e9 in unsigned long boost::_bi::list1<boost::_bi::value<boost::asio::io_context*> >::operator()<unsigned long, boost::_mfi::mf0<unsigned long, boost::asio::io_context>, boost::_bi::list0>(boost::_bi::type<unsigned long>, boost::_mfi::mf0<unsigned long, boost::asio::io_context>&, boost::_bi::list0&, long) /usr/include/boost/bind/bind.hpp:229
    #25 0x5c43df9156e9 in boost::_bi::bind_t<unsigned long, boost::_mfi::mf0<unsigned long, boost::asio::io_context>, boost::_bi::list1<boost::_bi::value<boost::asio::io_context*> > >::operator()() /usr/include/boost/bind/bind.hpp:1274
    #26 0x5c43df9156e9 in boost::detail::thread_data<boost::_bi::bind_t<unsigned long, boost::_mfi::mf0<unsigned long, boost::asio::io_context>, boost::_bi::list1<boost::_bi::value<boost::asio::io_context*> > > >::run() /usr/include/boost/thread/detail/thread.hpp:120
    #27 0x7d1a09a6e99e  (/lib/x86_64-linux-gnu/libboost_thread.so.1.83.0+0x1699e) (BuildId: cdf2ab5aa23cece03cad83b104e3376e2e8edecb)
    #28 0x7d1a09b41a41 in asan_thread_start ../../../../src/libsanitizer/asan/asan_interceptors.cpp:234
    #29 0x7d1a086e5aa3 in start_thread nptl/pthread_create.c:447

Indirect leak of 56 byte(s) in 1 object(s) allocated from:
    #0 0x7d1a09be09c7 in malloc ../../../../src/libsanitizer/asan/asan_malloc_linux.cpp:69
    #1 0x7d1a094577c4 in CRYPTO_zalloc (/lib/x86_64-linux-gnu/libcrypto.so.3+0x2237c4) (BuildId: 0698e1ff610cb3c6993dccbd82c1281b1b4c5ade)
    #2 0x7d1a094645a3 in CRYPTO_THREAD_lock_new (/lib/x86_64-linux-gnu/libcrypto.so.3+0x2305a3) (BuildId: 0698e1ff610cb3c6993dccbd82c1281b1b4c5ade)
    #3 0x7d1a09321860 in BIO_new_ex (/lib/x86_64-linux-gnu/libcrypto.so.3+0xed860) (BuildId: 0698e1ff610cb3c6993dccbd82c1281b1b4c5ade)
    #4 0x7d1a09328257 in BIO_new_bio_pair (/lib/x86_64-linux-gnu/libcrypto.so.3+0xf4257) (BuildId: 0698e1ff610cb3c6993dccbd82c1281b1b4c5ade)
    #5 0x5c43df7eb8f7 in boost::asio::ssl::detail::engine::engine(ssl_ctx_st*) (/workspaces/INSN/src/INSaNed+0x5c788f7) (BuildId: ebe454c866988f44aa6059bd878123a717c12eb9)
    #6 0x5c43df8119a8 in boost::asio::ssl::detail::stream_core::stream_core<boost::asio::any_io_executor>(ssl_ctx_st*, boost::asio::any_io_executor const&) /usr/include/boost/asio/ssl/detail/stream_core.hpp:43
    #7 0x5c43df8fa39a in boost::asio::ssl::stream<boost::asio::basic_stream_socket<boost::asio::ip::tcp, boost::asio::any_io_executor> >::stream<boost::asio::io_context&>(boost::asio::io_context&, boost::asio::ssl::context&) /usr/include/boost/asio/ssl/stream.hpp:108
    #8 0x5c43df8fa39a in AcceptedConnectionImpl<boost::asio::ip::tcp>::AcceptedConnectionImpl(boost::asio::io_context&, boost::asio::ssl::context&, bool) /workspaces/INSN/src/rpcserver.cpp:417
    #9 0x5c43df8fa39a in RPCListen<boost::asio::ip::tcp> /workspaces/INSN/src/rpcserver.cpp:465
    #10 0x5c43df90b940 in RPCAcceptHandler<boost::asio::ip::tcp> /workspaces/INSN/src/rpcserver.cpp:491
    #11 0x5c43df9684fb in void boost::_bi::list5<boost::_bi::value<boost::shared_ptr<boost::asio::basic_socket_acceptor<boost::asio::ip::tcp, boost::asio::any_io_executor> > >, boost::reference_wrapper<boost::asio::ssl::context>, boost::_bi::value<bool>, boost::_bi::value<AcceptedConnectionImpl<boost::asio::ip::tcp>*>, boost::arg<1> (*)()>::operator()<void (*)(boost::shared_ptr<boost::asio::basic_socket_acceptor<boost::asio::ip::tcp, boost::asio::any_io_executor> >, boost::asio::ssl::context&, bool, AcceptedConnection*, boost::system::error_code const&), boost::_bi::rrlist1<boost::system::error_code const&> >(boost::_bi::type<void>, void (*&)(boost::shared_ptr<boost::asio::basic_socket_acceptor<boost::asio::ip::tcp, boost::asio::any_io_executor> >, boost::asio::ssl::context&, bool, AcceptedConnection*, boost::system::error_code const&), boost::_bi::rrlist1<boost::system::error_code const&>&, int) /usr/include/boost/bind/bind.hpp:511
    #12 0x5c43df9684fb in void boost::_bi::bind_t<void, void (*)(boost::shared_ptr<boost::asio::basic_socket_acceptor<boost::asio::ip::tcp, boost::asio::any_io_executor> >, boost::asio::ssl::context&, bool, AcceptedConnection*, boost::system::error_code const&), boost::_bi::list5<boost::_bi::value<boost::shared_ptr<boost::asio::basic_socket_acceptor<boost::asio::ip::tcp, boost::asio::any_io_executor> > >, boost::reference_wrapper<boost::asio::ssl::context>, boost::_bi::value<bool>, boost::_bi::value<AcceptedConnectionImpl<boost::asio::ip::tcp>*>, boost::arg<1> (*)()> >::operator()<boost::system::error_code const&>(boost::system::error_code const&) /usr/include/boost/bind/bind.hpp:1286
    #13 0x5c43df9684fb in boost::asio::detail::binder1<boost::_bi::bind_t<void, void (*)(boost::shared_ptr<boost::asio::basic_socket_acceptor<boost::asio::ip::tcp, boost::asio::any_io_executor> >, boost::asio::ssl::context&, bool, AcceptedConnection*, boost::system::error_code const&), boost::_bi::list5<boost::_bi::value<boost::shared_ptr<boost::asio::basic_socket_acceptor<boost::asio::ip::tcp, boost::asio::any_io_executor> > >, boost::reference_wrapper<boost::asio::ssl::context>, boost::_bi::value<bool>, boost::_bi::value<AcceptedConnectionImpl<boost::asio::ip::tcp>*>, boost::arg<1> (*)()> >, boost::system::error_code>::operator()() /usr/include/boost/asio/detail/bind_handler.hpp:171
    #14 0x5c43df9684fb in void boost::asio::asio_handler_invoke<boost::asio::detail::binder1<boost::_bi::bind_t<void, void (*)(boost::shared_ptr<boost::asio::basic_socket_acceptor<boost::asio::ip::tcp, boost::asio::any_io_executor> >, boost::asio::ssl::context&, bool, AcceptedConnection*, boost::system::error_code const&), boost::_bi::list5<boost::_bi::value<boost::shared_ptr<boost::asio::basic_socket_acceptor<boost::asio::ip::tcp, boost::asio::any_io_executor> > >, boost::reference_wrapper<boost::asio::ssl::context>, boost::_bi::value<bool>, boost::_bi::value<AcceptedConnectionImpl<boost::asio::ip::tcp>*>, boost::arg<1> (*)()> >, boost::system::error_code> >(boost::asio::detail::binder1<boost::_bi::bind_t<void, void (*)(boost::shared_ptr<boost::asio::basic_socket_acceptor<boost::asio::ip::tcp, boost::asio::any_io_executor> >, boost::asio::ssl::context&, bool, AcceptedConnection*, boost::system::error_code const&), boost::_bi::list5<boost::_bi::value<boost::shared_ptr<boost::asio::basic_socket_acceptor<boost::asio::ip::tcp, boost::asio::any_io_executor> > >, boost::reference_wrapper<boost::asio::ssl::context>, boost::_bi::value<bool>, boost::_bi::value<AcceptedConnectionImpl<boost::asio::ip::tcp>*>, boost::arg<1> (*)()> >, boost::system::error_code>&, ...) /usr/include/boost/asio/handler_invoke_hook.hpp:88
    #15 0x5c43df9684fb in void boost_asio_handler_invoke_helpers::invoke<boost::asio::detail::binder1<boost::_bi::bind_t<void, void (*)(boost::shared_ptr<boost::asio::basic_socket_acceptor<boost::asio::ip::tcp, boost::asio::any_io_executor> >, boost::asio::ssl::context&, bool, AcceptedConnection*, boost::system::error_code const&), boost::_bi::list5<boost::_bi::value<boost::shared_ptr<boost::asio::basic_socket_acceptor<boost::asio::ip::tcp, boost::asio::any_io_executor> > >, boost::reference_wrapper<boost::asio::ssl::context>, boost::_bi::value<bool>, boost::_bi::value<AcceptedConnectionImpl<boost::asio::ip::tcp>*>, boost::arg<1> (*)()> >, boost::system::error_code>, boost::_bi::bind_t<void, void (*)(boost::shared_ptr<boost::asio::basic_socket_acceptor<boost::asio::ip::tcp, boost::asio::any_io_executor> >, boost::asio::ssl::context&, bool, AcceptedConnection*, boost::system::error_code const&), boost::_bi::list5<boost::_bi::value<boost::shared_ptr<boost::asio::basic_socket_acceptor<boost::asio::ip::tcp, boost::asio::any_io_executor> > >, boost::reference_wrapper<boost::asio::ssl::context>, boost::_bi::value<bool>, boost::_bi::value<AcceptedConnectionImpl<boost::asio::ip::tcp>*>, boost::arg<1> (*)()> > >(boost::asio::detail::binder1<boost::_bi::bind_t<void, void (*)(boost::shared_ptr<boost::asio::basic_socket_acceptor<boost::asio::ip::tcp, boost::asio::any_io_executor> >, boost::asio::ssl::context&, bool, AcceptedConnection*, boost::system::error_code const&), boost::_bi::list5<boost::_bi::value<boost::shared_ptr<boost::asio::basic_socket_acceptor<boost::asio::ip::tcp, boost::asio::any_io_executor> > >, boost::reference_wrapper<boost::asio::ssl::context>, boost::_bi::value<bool>, boost::_bi::value<AcceptedConnectionImpl<boost::asio::ip::tcp>*>, boost::arg<1> (*)()> >, boost::system::error_code>&, boost::_bi::bind_t<void, void (*)(boost::shared_ptr<boost::asio::basic_socket_acceptor<boost::asio::ip::tcp, boost::asio::any_io_executor> >, boost::asio::ssl::context&, bool, AcceptedConnection*, boost::system::error_code const&), boost::_bi::list5<boost::_bi::value<boost::shared_ptr<boost::asio::basic_socket_acceptor<boost::asio::ip::tcp, boost::asio::any_io_executor> > >, boost::reference_wrapper<boost::asio::ssl::context>, boost::_bi::value<bool>, boost::_bi::value<AcceptedConnectionImpl<boost::asio::ip::tcp>*>, boost::arg<1> (*)()> >&) /usr/include/boost/asio/detail/handler_invoke_helpers.hpp:54
    #16 0x5c43df9684fb in void boost::asio::detail::handler_work<boost::_bi::bind_t<void, void (*)(boost::shared_ptr<boost::asio::basic_socket_acceptor<boost::asio::ip::tcp, boost::asio::any_io_executor> >, boost::asio::ssl::context&, bool, AcceptedConnection*, boost::system::error_code const&), boost::_bi::list5<boost::_bi::value<boost::shared_ptr<boost::asio::basic_socket_acceptor<boost::asio::ip::tcp, boost::asio::any_io_executor> > >, boost::reference_wrapper<boost::asio::ssl::context>, boost::_bi::value<bool>, boost::_bi::value<AcceptedConnectionImpl<boost::asio::ip::tcp>*>, boost::arg<1> (*)()> >, boost::asio::any_io_executor, void>::complete<boost::asio::detail::binder1<boost::_bi::bind_t<void, void (*)(boost::shared_ptr<boost::asio::basic_socket_acceptor<boost::asio::ip::tcp, boost::asio::any_io_executor> >, boost::asio::ssl::context&, bool, AcceptedConnection*, boost::system::error_code const&), boost::_bi::list5<boost::_bi::value<boost::shared_ptr<boost::asio::basic_socket_acceptor<boost::asio::ip::tcp, boost::asio::any_io_executor> > >, boost::reference_wrapper<boost::asio::ssl::context>, boost::_bi::value<bool>, boost::_bi::value<AcceptedConnectionImpl<boost::asio::ip::tcp>*>, boost::arg<1> (*)()> >, boost::system::error_code> >(boost::asio::detail::binder1<boost::_bi::bind_t<void, void (*)(boost::shared_ptr<boost::asio::basic_socket_acceptor<boost::asio::ip::tcp, boost::asio::any_io_executor> >, boost::asio::ssl::context&, bool, AcceptedConnection*, boost::system::error_code const&), boost::_bi::list5<boost::_bi::value<boost::shared_ptr<boost::asio::basic_socket_acceptor<boost::asio::ip::tcp, boost::asio::any_io_executor> > >, boost::reference_wrapper<boost::asio::ssl::context>, boost::_bi::value<bool>, boost::_bi::value<AcceptedConnectionImpl<boost::asio::ip::tcp>*>, boost::arg<1> (*)()> >, boost::system::error_code>&, boost::_bi::bind_t<void, void (*)(boost::shared_ptr<boost::asio::basic_socket_acceptor<boost::asio::ip::tcp, boost::asio::any_io_executor> >, boost::asio::ssl::context&, bool, AcceptedConnection*, boost::system::error_code const&), boost::_bi::list5<boost::_bi::value<boost::shared_ptr<boost::asio::basic_socket_acceptor<boost::asio::ip::tcp, boost::asio::any_io_executor> > >, boost::reference_wrapper<boost::asio::ssl::context>, boost::_bi::value<bool>, boost::_bi::value<AcceptedConnectionImpl<boost::asio::ip::tcp>*>, boost::arg<1> (*)()> >&) /usr/include/boost/asio/detail/handler_work.hpp:524
    #17 0x5c43df9684fb in boost::asio::detail::reactive_socket_accept_op<boost::asio::basic_socket<boost::asio::ip::tcp, boost::asio::any_io_executor>, boost::asio::ip::tcp, boost::_bi::bind_t<void, void (*)(boost::shared_ptr<boost::asio::basic_socket_acceptor<boost::asio::ip::tcp, boost::asio::any_io_executor> >, boost::asio::ssl::context&, bool, AcceptedConnection*, boost::system::error_code const&), boost::_bi::list5<boost::_bi::value<boost::shared_ptr<boost::asio::basic_socket_acceptor<boost::asio::ip::tcp, boost::asio::any_io_executor> > >, boost::reference_wrapper<boost::asio::ssl::context>, boost::_bi::value<bool>, boost::_bi::value<AcceptedConnectionImpl<boost::asio::ip::tcp>*>, boost::arg<1> (*)()> >, boost::asio::any_io_executor>::do_complete(void*, boost::asio::detail::scheduler_operation*, boost::system::error_code const&, unsigned long) /usr/include/boost/asio/detail/reactive_socket_accept_op.hpp:155
    #18 0x5c43df7ce7c3 in boost::asio::detail::scheduler_operation::complete(void*, boost::system::error_code const&, unsigned long) /usr/include/boost/asio/detail/scheduler_operation.hpp:40
    #19 0x5c43df7ce7c3 in boost::asio::detail::epoll_reactor::descriptor_state::do_complete(void*, boost::asio::detail::scheduler_operation*, boost::system::error_code const&, unsigned long) /usr/include/boost/asio/detail/impl/epoll_reactor.ipp:815
    #20 0x5c43df7c8e7f in boost::asio::detail::scheduler::do_run_one(boost::asio::detail::conditionally_enabled_mutex::scoped_lock&, boost::asio::detail::scheduler_thread_info&, boost::system::error_code const&) (/workspaces/INSN/src/INSaNed+0x5c55e7f) (BuildId: ebe454c866988f44aa6059bd878123a717c12eb9)
    #21 0x5c43df7ca9be in boost::asio::detail::scheduler::run(boost::system::error_code&) /usr/include/boost/asio/detail/impl/scheduler.ipp:210
    #22 0x5c43df928686 in boost::asio::io_context::run() /usr/include/boost/asio/impl/io_context.ipp:64
    #23 0x5c43df9156e9 in boost::_mfi::mf0<unsigned long, boost::asio::io_context>::operator()(boost::asio::io_context*) const /usr/include/boost/bind/mem_fn_template.hpp:49
    #24 0x5c43df9156e9 in unsigned long boost::_bi::list1<boost::_bi::value<boost::asio::io_context*> >::operator()<unsigned long, boost::_mfi::mf0<unsigned long, boost::asio::io_context>, boost::_bi::list0>(boost::_bi::type<unsigned long>, boost::_mfi::mf0<unsigned long, boost::asio::io_context>&, boost::_bi::list0&, long) /usr/include/boost/bind/bind.hpp:229
    #25 0x5c43df9156e9 in boost::_bi::bind_t<unsigned long, boost::_mfi::mf0<unsigned long, boost::asio::io_context>, boost::_bi::list1<boost::_bi::value<boost::asio::io_context*> > >::operator()() /usr/include/boost/bind/bind.hpp:1274
    #26 0x5c43df9156e9 in boost::detail::thread_data<boost::_bi::bind_t<unsigned long, boost::_mfi::mf0<unsigned long, boost::asio::io_context>, boost::_bi::list1<boost::_bi::value<boost::asio::io_context*> > > >::run() /usr/include/boost/thread/detail/thread.hpp:120
    #27 0x7d1a09a6e99e  (/lib/x86_64-linux-gnu/libboost_thread.so.1.83.0+0x1699e) (BuildId: cdf2ab5aa23cece03cad83b104e3376e2e8edecb)
    #28 0x7d1a09b41a41 in asan_thread_start ../../../../src/libsanitizer/asan/asan_interceptors.cpp:234
    #29 0x7d1a086e5aa3 in start_thread nptl/pthread_create.c:447

Indirect leak of 56 byte(s) in 1 object(s) allocated from:
    #0 0x7d1a09be09c7 in malloc ../../../../src/libsanitizer/asan/asan_malloc_linux.cpp:69
    #1 0x7d1a094577c4 in CRYPTO_zalloc (/lib/x86_64-linux-gnu/libcrypto.so.3+0x2237c4) (BuildId: 0698e1ff610cb3c6993dccbd82c1281b1b4c5ade)
    #2 0x7d1a09327855  (/lib/x86_64-linux-gnu/libcrypto.so.3+0xf3855) (BuildId: 0698e1ff610cb3c6993dccbd82c1281b1b4c5ade)
    #3 0x7d1a09321883 in BIO_new_ex (/lib/x86_64-linux-gnu/libcrypto.so.3+0xed883) (BuildId: 0698e1ff610cb3c6993dccbd82c1281b1b4c5ade)
    #4 0x7d1a0932823e in BIO_new_bio_pair (/lib/x86_64-linux-gnu/libcrypto.so.3+0xf423e) (BuildId: 0698e1ff610cb3c6993dccbd82c1281b1b4c5ade)
    #5 0x5c43df7eb8f7 in boost::asio::ssl::detail::engine::engine(ssl_ctx_st*) (/workspaces/INSN/src/INSaNed+0x5c788f7) (BuildId: ebe454c866988f44aa6059bd878123a717c12eb9)
    #6 0x5c43df8119a8 in boost::asio::ssl::detail::stream_core::stream_core<boost::asio::any_io_executor>(ssl_ctx_st*, boost::asio::any_io_executor const&) /usr/include/boost/asio/ssl/detail/stream_core.hpp:43
    #7 0x5c43df8fa39a in boost::asio::ssl::stream<boost::asio::basic_stream_socket<boost::asio::ip::tcp, boost::asio::any_io_executor> >::stream<boost::asio::io_context&>(boost::asio::io_context&, boost::asio::ssl::context&) /usr/include/boost/asio/ssl/stream.hpp:108
    #8 0x5c43df8fa39a in AcceptedConnectionImpl<boost::asio::ip::tcp>::AcceptedConnectionImpl(boost::asio::io_context&, boost::asio::ssl::context&, bool) /workspaces/INSN/src/rpcserver.cpp:417
    #9 0x5c43df8fa39a in RPCListen<boost::asio::ip::tcp> /workspaces/INSN/src/rpcserver.cpp:465
    #10 0x5c43df90b940 in RPCAcceptHandler<boost::asio::ip::tcp> /workspaces/INSN/src/rpcserver.cpp:491
    #11 0x5c43df9684fb in void boost::_bi::list5<boost::_bi::value<boost::shared_ptr<boost::asio::basic_socket_acceptor<boost::asio::ip::tcp, boost::asio::any_io_executor> > >, boost::reference_wrapper<boost::asio::ssl::context>, boost::_bi::value<bool>, boost::_bi::value<AcceptedConnectionImpl<boost::asio::ip::tcp>*>, boost::arg<1> (*)()>::operator()<void (*)(boost::shared_ptr<boost::asio::basic_socket_acceptor<boost::asio::ip::tcp, boost::asio::any_io_executor> >, boost::asio::ssl::context&, bool, AcceptedConnection*, boost::system::error_code const&), boost::_bi::rrlist1<boost::system::error_code const&> >(boost::_bi::type<void>, void (*&)(boost::shared_ptr<boost::asio::basic_socket_acceptor<boost::asio::ip::tcp, boost::asio::any_io_executor> >, boost::asio::ssl::context&, bool, AcceptedConnection*, boost::system::error_code const&), boost::_bi::rrlist1<boost::system::error_code const&>&, int) /usr/include/boost/bind/bind.hpp:511
    #12 0x5c43df9684fb in void boost::_bi::bind_t<void, void (*)(boost::shared_ptr<boost::asio::basic_socket_acceptor<boost::asio::ip::tcp, boost::asio::any_io_executor> >, boost::asio::ssl::context&, bool, AcceptedConnection*, boost::system::error_code const&), boost::_bi::list5<boost::_bi::value<boost::shared_ptr<boost::asio::basic_socket_acceptor<boost::asio::ip::tcp, boost::asio::any_io_executor> > >, boost::reference_wrapper<boost::asio::ssl::context>, boost::_bi::value<bool>, boost::_bi::value<AcceptedConnectionImpl<boost::asio::ip::tcp>*>, boost::arg<1> (*)()> >::operator()<boost::system::error_code const&>(boost::system::error_code const&) /usr/include/boost/bind/bind.hpp:1286
    #13 0x5c43df9684fb in boost::asio::detail::binder1<boost::_bi::bind_t<void, void (*)(boost::shared_ptr<boost::asio::basic_socket_acceptor<boost::asio::ip::tcp, boost::asio::any_io_executor> >, boost::asio::ssl::context&, bool, AcceptedConnection*, boost::system::error_code const&), boost::_bi::list5<boost::_bi::value<boost::shared_ptr<boost::asio::basic_socket_acceptor<boost::asio::ip::tcp, boost::asio::any_io_executor> > >, boost::reference_wrapper<boost::asio::ssl::context>, boost::_bi::value<bool>, boost::_bi::value<AcceptedConnectionImpl<boost::asio::ip::tcp>*>, boost::arg<1> (*)()> >, boost::system::error_code>::operator()() /usr/include/boost/asio/detail/bind_handler.hpp:171
    #14 0x5c43df9684fb in void boost::asio::asio_handler_invoke<boost::asio::detail::binder1<boost::_bi::bind_t<void, void (*)(boost::shared_ptr<boost::asio::basic_socket_acceptor<boost::asio::ip::tcp, boost::asio::any_io_executor> >, boost::asio::ssl::context&, bool, AcceptedConnection*, boost::system::error_code const&), boost::_bi::list5<boost::_bi::value<boost::shared_ptr<boost::asio::basic_socket_acceptor<boost::asio::ip::tcp, boost::asio::any_io_executor> > >, boost::reference_wrapper<boost::asio::ssl::context>, boost::_bi::value<bool>, boost::_bi::value<AcceptedConnectionImpl<boost::asio::ip::tcp>*>, boost::arg<1> (*)()> >, boost::system::error_code> >(boost::asio::detail::binder1<boost::_bi::bind_t<void, void (*)(boost::shared_ptr<boost::asio::basic_socket_acceptor<boost::asio::ip::tcp, boost::asio::any_io_executor> >, boost::asio::ssl::context&, bool, AcceptedConnection*, boost::system::error_code const&), boost::_bi::list5<boost::_bi::value<boost::shared_ptr<boost::asio::basic_socket_acceptor<boost::asio::ip::tcp, boost::asio::any_io_executor> > >, boost::reference_wrapper<boost::asio::ssl::context>, boost::_bi::value<bool>, boost::_bi::value<AcceptedConnectionImpl<boost::asio::ip::tcp>*>, boost::arg<1> (*)()> >, boost::system::error_code>&, ...) /usr/include/boost/asio/handler_invoke_hook.hpp:88
    #15 0x5c43df9684fb in void boost_asio_handler_invoke_helpers::invoke<boost::asio::detail::binder1<boost::_bi::bind_t<void, void (*)(boost::shared_ptr<boost::asio::basic_socket_acceptor<boost::asio::ip::tcp, boost::asio::any_io_executor> >, boost::asio::ssl::context&, bool, AcceptedConnection*, boost::system::error_code const&), boost::_bi::list5<boost::_bi::value<boost::shared_ptr<boost::asio::basic_socket_acceptor<boost::asio::ip::tcp, boost::asio::any_io_executor> > >, boost::reference_wrapper<boost::asio::ssl::context>, boost::_bi::value<bool>, boost::_bi::value<AcceptedConnectionImpl<boost::asio::ip::tcp>*>, boost::arg<1> (*)()> >, boost::system::error_code>, boost::_bi::bind_t<void, void (*)(boost::shared_ptr<boost::asio::basic_socket_acceptor<boost::asio::ip::tcp, boost::asio::any_io_executor> >, boost::asio::ssl::context&, bool, AcceptedConnection*, boost::system::error_code const&), boost::_bi::list5<boost::_bi::value<boost::shared_ptr<boost::asio::basic_socket_acceptor<boost::asio::ip::tcp, boost::asio::any_io_executor> > >, boost::reference_wrapper<boost::asio::ssl::context>, boost::_bi::value<bool>, boost::_bi::value<AcceptedConnectionImpl<boost::asio::ip::tcp>*>, boost::arg<1> (*)()> > >(boost::asio::detail::binder1<boost::_bi::bind_t<void, void (*)(boost::shared_ptr<boost::asio::basic_socket_acceptor<boost::asio::ip::tcp, boost::asio::any_io_executor> >, boost::asio::ssl::context&, bool, AcceptedConnection*, boost::system::error_code const&), boost::_bi::list5<boost::_bi::value<boost::shared_ptr<boost::asio::basic_socket_acceptor<boost::asio::ip::tcp, boost::asio::any_io_executor> > >, boost::reference_wrapper<boost::asio::ssl::context>, boost::_bi::value<bool>, boost::_bi::value<AcceptedConnectionImpl<boost::asio::ip::tcp>*>, boost::arg<1> (*)()> >, boost::system::error_code>&, boost::_bi::bind_t<void, void (*)(boost::shared_ptr<boost::asio::basic_socket_acceptor<boost::asio::ip::tcp, boost::asio::any_io_executor> >, boost::asio::ssl::context&, bool, AcceptedConnection*, boost::system::error_code const&), boost::_bi::list5<boost::_bi::value<boost::shared_ptr<boost::asio::basic_socket_acceptor<boost::asio::ip::tcp, boost::asio::any_io_executor> > >, boost::reference_wrapper<boost::asio::ssl::context>, boost::_bi::value<bool>, boost::_bi::value<AcceptedConnectionImpl<boost::asio::ip::tcp>*>, boost::arg<1> (*)()> >&) /usr/include/boost/asio/detail/handler_invoke_helpers.hpp:54
    #16 0x5c43df9684fb in void boost::asio::detail::handler_work<boost::_bi::bind_t<void, void (*)(boost::shared_ptr<boost::asio::basic_socket_acceptor<boost::asio::ip::tcp, boost::asio::any_io_executor> >, boost::asio::ssl::context&, bool, AcceptedConnection*, boost::system::error_code const&), boost::_bi::list5<boost::_bi::value<boost::shared_ptr<boost::asio::basic_socket_acceptor<boost::asio::ip::tcp, boost::asio::any_io_executor> > >, boost::reference_wrapper<boost::asio::ssl::context>, boost::_bi::value<bool>, boost::_bi::value<AcceptedConnectionImpl<boost::asio::ip::tcp>*>, boost::arg<1> (*)()> >, boost::asio::any_io_executor, void>::complete<boost::asio::detail::binder1<boost::_bi::bind_t<void, void (*)(boost::shared_ptr<boost::asio::basic_socket_acceptor<boost::asio::ip::tcp, boost::asio::any_io_executor> >, boost::asio::ssl::context&, bool, AcceptedConnection*, boost::system::error_code const&), boost::_bi::list5<boost::_bi::value<boost::shared_ptr<boost::asio::basic_socket_acceptor<boost::asio::ip::tcp, boost::asio::any_io_executor> > >, boost::reference_wrapper<boost::asio::ssl::context>, boost::_bi::value<bool>, boost::_bi::value<AcceptedConnectionImpl<boost::asio::ip::tcp>*>, boost::arg<1> (*)()> >, boost::system::error_code> >(boost::asio::detail::binder1<boost::_bi::bind_t<void, void (*)(boost::shared_ptr<boost::asio::basic_socket_acceptor<boost::asio::ip::tcp, boost::asio::any_io_executor> >, boost::asio::ssl::context&, bool, AcceptedConnection*, boost::system::error_code const&), boost::_bi::list5<boost::_bi::value<boost::shared_ptr<boost::asio::basic_socket_acceptor<boost::asio::ip::tcp, boost::asio::any_io_executor> > >, boost::reference_wrapper<boost::asio::ssl::context>, boost::_bi::value<bool>, boost::_bi::value<AcceptedConnectionImpl<boost::asio::ip::tcp>*>, boost::arg<1> (*)()> >, boost::system::error_code>&, boost::_bi::bind_t<void, void (*)(boost::shared_ptr<boost::asio::basic_socket_acceptor<boost::asio::ip::tcp, boost::asio::any_io_executor> >, boost::asio::ssl::context&, bool, AcceptedConnection*, boost::system::error_code const&), boost::_bi::list5<boost::_bi::value<boost::shared_ptr<boost::asio::basic_socket_acceptor<boost::asio::ip::tcp, boost::asio::any_io_executor> > >, boost::reference_wrapper<boost::asio::ssl::context>, boost::_bi::value<bool>, boost::_bi::value<AcceptedConnectionImpl<boost::asio::ip::tcp>*>, boost::arg<1> (*)()> >&) /usr/include/boost/asio/detail/handler_work.hpp:524
    #17 0x5c43df9684fb in boost::asio::detail::reactive_socket_accept_op<boost::asio::basic_socket<boost::asio::ip::tcp, boost::asio::any_io_executor>, boost::asio::ip::tcp, boost::_bi::bind_t<void, void (*)(boost::shared_ptr<boost::asio::basic_socket_acceptor<boost::asio::ip::tcp, boost::asio::any_io_executor> >, boost::asio::ssl::context&, bool, AcceptedConnection*, boost::system::error_code const&), boost::_bi::list5<boost::_bi::value<boost::shared_ptr<boost::asio::basic_socket_acceptor<boost::asio::ip::tcp, boost::asio::any_io_executor> > >, boost::reference_wrapper<boost::asio::ssl::context>, boost::_bi::value<bool>, boost::_bi::value<AcceptedConnectionImpl<boost::asio::ip::tcp>*>, boost::arg<1> (*)()> >, boost::asio::any_io_executor>::do_complete(void*, boost::asio::detail::scheduler_operation*, boost::system::error_code const&, unsigned long) /usr/include/boost/asio/detail/reactive_socket_accept_op.hpp:155
    #18 0x5c43df7ce7c3 in boost::asio::detail::scheduler_operation::complete(void*, boost::system::error_code const&, unsigned long) /usr/include/boost/asio/detail/scheduler_operation.hpp:40
    #19 0x5c43df7ce7c3 in boost::asio::detail::epoll_reactor::descriptor_state::do_complete(void*, boost::asio::detail::scheduler_operation*, boost::system::error_code const&, unsigned long) /usr/include/boost/asio/detail/impl/epoll_reactor.ipp:815
    #20 0x5c43df7c8e7f in boost::asio::detail::scheduler::do_run_one(boost::asio::detail::conditionally_enabled_mutex::scoped_lock&, boost::asio::detail::scheduler_thread_info&, boost::system::error_code const&) (/workspaces/INSN/src/INSaNed+0x5c55e7f) (BuildId: ebe454c866988f44aa6059bd878123a717c12eb9)
    #21 0x5c43df7ca9be in boost::asio::detail::scheduler::run(boost::system::error_code&) /usr/include/boost/asio/detail/impl/scheduler.ipp:210
    #22 0x5c43df928686 in boost::asio::io_context::run() /usr/include/boost/asio/impl/io_context.ipp:64
    #23 0x5c43df9156e9 in boost::_mfi::mf0<unsigned long, boost::asio::io_context>::operator()(boost::asio::io_context*) const /usr/include/boost/bind/mem_fn_template.hpp:49
    #24 0x5c43df9156e9 in unsigned long boost::_bi::list1<boost::_bi::value<boost::asio::io_context*> >::operator()<unsigned long, boost::_mfi::mf0<unsigned long, boost::asio::io_context>, boost::_bi::list0>(boost::_bi::type<unsigned long>, boost::_mfi::mf0<unsigned long, boost::asio::io_context>&, boost::_bi::list0&, long) /usr/include/boost/bind/bind.hpp:229
    #25 0x5c43df9156e9 in boost::_bi::bind_t<unsigned long, boost::_mfi::mf0<unsigned long, boost::asio::io_context>, boost::_bi::list1<boost::_bi::value<boost::asio::io_context*> > >::operator()() /usr/include/boost/bind/bind.hpp:1274
    #26 0x5c43df9156e9 in boost::detail::thread_data<boost::_bi::bind_t<unsigned long, boost::_mfi::mf0<unsigned long, boost::asio::io_context>, boost::_bi::list1<boost::_bi::value<boost::asio::io_context*> > > >::run() /usr/include/boost/thread/detail/thread.hpp:120
    #27 0x7d1a09a6e99e  (/lib/x86_64-linux-gnu/libboost_thread.so.1.83.0+0x1699e) (BuildId: cdf2ab5aa23cece03cad83b104e3376e2e8edecb)
    #28 0x7d1a09b41a41 in asan_thread_start ../../../../src/libsanitizer/asan/asan_interceptors.cpp:234
    #29 0x7d1a086e5aa3 in start_thread nptl/pthread_create.c:447

Indirect leak of 56 byte(s) in 1 object(s) allocated from:
    #0 0x7d1a09be09c7 in malloc ../../../../src/libsanitizer/asan/asan_malloc_linux.cpp:69
    #1 0x7d1a094577c4 in CRYPTO_zalloc (/lib/x86_64-linux-gnu/libcrypto.so.3+0x2237c4) (BuildId: 0698e1ff610cb3c6993dccbd82c1281b1b4c5ade)
    #2 0x7d1a094645a3 in CRYPTO_THREAD_lock_new (/lib/x86_64-linux-gnu/libcrypto.so.3+0x2305a3) (BuildId: 0698e1ff610cb3c6993dccbd82c1281b1b4c5ade)
    #3 0x7d1a09321860 in BIO_new_ex (/lib/x86_64-linux-gnu/libcrypto.so.3+0xed860) (BuildId: 0698e1ff610cb3c6993dccbd82c1281b1b4c5ade)
    #4 0x7d1a0932823e in BIO_new_bio_pair (/lib/x86_64-linux-gnu/libcrypto.so.3+0xf423e) (BuildId: 0698e1ff610cb3c6993dccbd82c1281b1b4c5ade)
    #5 0x5c43df7eb8f7 in boost::asio::ssl::detail::engine::engine(ssl_ctx_st*) (/workspaces/INSN/src/INSaNed+0x5c788f7) (BuildId: ebe454c866988f44aa6059bd878123a717c12eb9)
    #6 0x5c43df8119a8 in boost::asio::ssl::detail::stream_core::stream_core<boost::asio::any_io_executor>(ssl_ctx_st*, boost::asio::any_io_executor const&) /usr/include/boost/asio/ssl/detail/stream_core.hpp:43
    #7 0x5c43df8fa39a in boost::asio::ssl::stream<boost::asio::basic_stream_socket<boost::asio::ip::tcp, boost::asio::any_io_executor> >::stream<boost::asio::io_context&>(boost::asio::io_context&, boost::asio::ssl::context&) /usr/include/boost/asio/ssl/stream.hpp:108
    #8 0x5c43df8fa39a in AcceptedConnectionImpl<boost::asio::ip::tcp>::AcceptedConnectionImpl(boost::asio::io_context&, boost::asio::ssl::context&, bool) /workspaces/INSN/src/rpcserver.cpp:417
    #9 0x5c43df8fa39a in RPCListen<boost::asio::ip::tcp> /workspaces/INSN/src/rpcserver.cpp:465
    #10 0x5c43df90b940 in RPCAcceptHandler<boost::asio::ip::tcp> /workspaces/INSN/src/rpcserver.cpp:491
    #11 0x5c43df9684fb in void boost::_bi::list5<boost::_bi::value<boost::shared_ptr<boost::asio::basic_socket_acceptor<boost::asio::ip::tcp, boost::asio::any_io_executor> > >, boost::reference_wrapper<boost::asio::ssl::context>, boost::_bi::value<bool>, boost::_bi::value<AcceptedConnectionImpl<boost::asio::ip::tcp>*>, boost::arg<1> (*)()>::operator()<void (*)(boost::shared_ptr<boost::asio::basic_socket_acceptor<boost::asio::ip::tcp, boost::asio::any_io_executor> >, boost::asio::ssl::context&, bool, AcceptedConnection*, boost::system::error_code const&), boost::_bi::rrlist1<boost::system::error_code const&> >(boost::_bi::type<void>, void (*&)(boost::shared_ptr<boost::asio::basic_socket_acceptor<boost::asio::ip::tcp, boost::asio::any_io_executor> >, boost::asio::ssl::context&, bool, AcceptedConnection*, boost::system::error_code const&), boost::_bi::rrlist1<boost::system::error_code const&>&, int) /usr/include/boost/bind/bind.hpp:511
    #12 0x5c43df9684fb in void boost::_bi::bind_t<void, void (*)(boost::shared_ptr<boost::asio::basic_socket_acceptor<boost::asio::ip::tcp, boost::asio::any_io_executor> >, boost::asio::ssl::context&, bool, AcceptedConnection*, boost::system::error_code const&), boost::_bi::list5<boost::_bi::value<boost::shared_ptr<boost::asio::basic_socket_acceptor<boost::asio::ip::tcp, boost::asio::any_io_executor> > >, boost::reference_wrapper<boost::asio::ssl::context>, boost::_bi::value<bool>, boost::_bi::value<AcceptedConnectionImpl<boost::asio::ip::tcp>*>, boost::arg<1> (*)()> >::operator()<boost::system::error_code const&>(boost::system::error_code const&) /usr/include/boost/bind/bind.hpp:1286
    #13 0x5c43df9684fb in boost::asio::detail::binder1<boost::_bi::bind_t<void, void (*)(boost::shared_ptr<boost::asio::basic_socket_acceptor<boost::asio::ip::tcp, boost::asio::any_io_executor> >, boost::asio::ssl::context&, bool, AcceptedConnection*, boost::system::error_code const&), boost::_bi::list5<boost::_bi::value<boost::shared_ptr<boost::asio::basic_socket_acceptor<boost::asio::ip::tcp, boost::asio::any_io_executor> > >, boost::reference_wrapper<boost::asio::ssl::context>, boost::_bi::value<bool>, boost::_bi::value<AcceptedConnectionImpl<boost::asio::ip::tcp>*>, boost::arg<1> (*)()> >, boost::system::error_code>::operator()() /usr/include/boost/asio/detail/bind_handler.hpp:171
    #14 0x5c43df9684fb in void boost::asio::asio_handler_invoke<boost::asio::detail::binder1<boost::_bi::bind_t<void, void (*)(boost::shared_ptr<boost::asio::basic_socket_acceptor<boost::asio::ip::tcp, boost::asio::any_io_executor> >, boost::asio::ssl::context&, bool, AcceptedConnection*, boost::system::error_code const&), boost::_bi::list5<boost::_bi::value<boost::shared_ptr<boost::asio::basic_socket_acceptor<boost::asio::ip::tcp, boost::asio::any_io_executor> > >, boost::reference_wrapper<boost::asio::ssl::context>, boost::_bi::value<bool>, boost::_bi::value<AcceptedConnectionImpl<boost::asio::ip::tcp>*>, boost::arg<1> (*)()> >, boost::system::error_code> >(boost::asio::detail::binder1<boost::_bi::bind_t<void, void (*)(boost::shared_ptr<boost::asio::basic_socket_acceptor<boost::asio::ip::tcp, boost::asio::any_io_executor> >, boost::asio::ssl::context&, bool, AcceptedConnection*, boost::system::error_code const&), boost::_bi::list5<boost::_bi::value<boost::shared_ptr<boost::asio::basic_socket_acceptor<boost::asio::ip::tcp, boost::asio::any_io_executor> > >, boost::reference_wrapper<boost::asio::ssl::context>, boost::_bi::value<bool>, boost::_bi::value<AcceptedConnectionImpl<boost::asio::ip::tcp>*>, boost::arg<1> (*)()> >, boost::system::error_code>&, ...) /usr/include/boost/asio/handler_invoke_hook.hpp:88
    #15 0x5c43df9684fb in void boost_asio_handler_invoke_helpers::invoke<boost::asio::detail::binder1<boost::_bi::bind_t<void, void (*)(boost::shared_ptr<boost::asio::basic_socket_acceptor<boost::asio::ip::tcp, boost::asio::any_io_executor> >, boost::asio::ssl::context&, bool, AcceptedConnection*, boost::system::error_code const&), boost::_bi::list5<boost::_bi::value<boost::shared_ptr<boost::asio::basic_socket_acceptor<boost::asio::ip::tcp, boost::asio::any_io_executor> > >, boost::reference_wrapper<boost::asio::ssl::context>, boost::_bi::value<bool>, boost::_bi::value<AcceptedConnectionImpl<boost::asio::ip::tcp>*>, boost::arg<1> (*)()> >, boost::system::error_code>, boost::_bi::bind_t<void, void (*)(boost::shared_ptr<boost::asio::basic_socket_acceptor<boost::asio::ip::tcp, boost::asio::any_io_executor> >, boost::asio::ssl::context&, bool, AcceptedConnection*, boost::system::error_code const&), boost::_bi::list5<boost::_bi::value<boost::shared_ptr<boost::asio::basic_socket_acceptor<boost::asio::ip::tcp, boost::asio::any_io_executor> > >, boost::reference_wrapper<boost::asio::ssl::context>, boost::_bi::value<bool>, boost::_bi::value<AcceptedConnectionImpl<boost::asio::ip::tcp>*>, boost::arg<1> (*)()> > >(boost::asio::detail::binder1<boost::_bi::bind_t<void, void (*)(boost::shared_ptr<boost::asio::basic_socket_acceptor<boost::asio::ip::tcp, boost::asio::any_io_executor> >, boost::asio::ssl::context&, bool, AcceptedConnection*, boost::system::error_code const&), boost::_bi::list5<boost::_bi::value<boost::shared_ptr<boost::asio::basic_socket_acceptor<boost::asio::ip::tcp, boost::asio::any_io_executor> > >, boost::reference_wrapper<boost::asio::ssl::context>, boost::_bi::value<bool>, boost::_bi::value<AcceptedConnectionImpl<boost::asio::ip::tcp>*>, boost::arg<1> (*)()> >, boost::system::error_code>&, boost::_bi::bind_t<void, void (*)(boost::shared_ptr<boost::asio::basic_socket_acceptor<boost::asio::ip::tcp, boost::asio::any_io_executor> >, boost::asio::ssl::context&, bool, AcceptedConnection*, boost::system::error_code const&), boost::_bi::list5<boost::_bi::value<boost::shared_ptr<boost::asio::basic_socket_acceptor<boost::asio::ip::tcp, boost::asio::any_io_executor> > >, boost::reference_wrapper<boost::asio::ssl::context>, boost::_bi::value<bool>, boost::_bi::value<AcceptedConnectionImpl<boost::asio::ip::tcp>*>, boost::arg<1> (*)()> >&) /usr/include/boost/asio/detail/handler_invoke_helpers.hpp:54
    #16 0x5c43df9684fb in void boost::asio::detail::handler_work<boost::_bi::bind_t<void, void (*)(boost::shared_ptr<boost::asio::basic_socket_acceptor<boost::asio::ip::tcp, boost::asio::any_io_executor> >, boost::asio::ssl::context&, bool, AcceptedConnection*, boost::system::error_code const&), boost::_bi::list5<boost::_bi::value<boost::shared_ptr<boost::asio::basic_socket_acceptor<boost::asio::ip::tcp, boost::asio::any_io_executor> > >, boost::reference_wrapper<boost::asio::ssl::context>, boost::_bi::value<bool>, boost::_bi::value<AcceptedConnectionImpl<boost::asio::ip::tcp>*>, boost::arg<1> (*)()> >, boost::asio::any_io_executor, void>::complete<boost::asio::detail::binder1<boost::_bi::bind_t<void, void (*)(boost::shared_ptr<boost::asio::basic_socket_acceptor<boost::asio::ip::tcp, boost::asio::any_io_executor> >, boost::asio::ssl::context&, bool, AcceptedConnection*, boost::system::error_code const&), boost::_bi::list5<boost::_bi::value<boost::shared_ptr<boost::asio::basic_socket_acceptor<boost::asio::ip::tcp, boost::asio::any_io_executor> > >, boost::reference_wrapper<boost::asio::ssl::context>, boost::_bi::value<bool>, boost::_bi::value<AcceptedConnectionImpl<boost::asio::ip::tcp>*>, boost::arg<1> (*)()> >, boost::system::error_code> >(boost::asio::detail::binder1<boost::_bi::bind_t<void, void (*)(boost::shared_ptr<boost::asio::basic_socket_acceptor<boost::asio::ip::tcp, boost::asio::any_io_executor> >, boost::asio::ssl::context&, bool, AcceptedConnection*, boost::system::error_code const&), boost::_bi::list5<boost::_bi::value<boost::shared_ptr<boost::asio::basic_socket_acceptor<boost::asio::ip::tcp, boost::asio::any_io_executor> > >, boost::reference_wrapper<boost::asio::ssl::context>, boost::_bi::value<bool>, boost::_bi::value<AcceptedConnectionImpl<boost::asio::ip::tcp>*>, boost::arg<1> (*)()> >, boost::system::error_code>&, boost::_bi::bind_t<void, void (*)(boost::shared_ptr<boost::asio::basic_socket_acceptor<boost::asio::ip::tcp, boost::asio::any_io_executor> >, boost::asio::ssl::context&, bool, AcceptedConnection*, boost::system::error_code const&), boost::_bi::list5<boost::_bi::value<boost::shared_ptr<boost::asio::basic_socket_acceptor<boost::asio::ip::tcp, boost::asio::any_io_executor> > >, boost::reference_wrapper<boost::asio::ssl::context>, boost::_bi::value<bool>, boost::_bi::value<AcceptedConnectionImpl<boost::asio::ip::tcp>*>, boost::arg<1> (*)()> >&) /usr/include/boost/asio/detail/handler_work.hpp:524
    #17 0x5c43df9684fb in boost::asio::detail::reactive_socket_accept_op<boost::asio::basic_socket<boost::asio::ip::tcp, boost::asio::any_io_executor>, boost::asio::ip::tcp, boost::_bi::bind_t<void, void (*)(boost::shared_ptr<boost::asio::basic_socket_acceptor<boost::asio::ip::tcp, boost::asio::any_io_executor> >, boost::asio::ssl::context&, bool, AcceptedConnection*, boost::system::error_code const&), boost::_bi::list5<boost::_bi::value<boost::shared_ptr<boost::asio::basic_socket_acceptor<boost::asio::ip::tcp, boost::asio::any_io_executor> > >, boost::reference_wrapper<boost::asio::ssl::context>, boost::_bi::value<bool>, boost::_bi::value<AcceptedConnectionImpl<boost::asio::ip::tcp>*>, boost::arg<1> (*)()> >, boost::asio::any_io_executor>::do_complete(void*, boost::asio::detail::scheduler_operation*, boost::system::error_code const&, unsigned long) /usr/include/boost/asio/detail/reactive_socket_accept_op.hpp:155
    #18 0x5c43df7ce7c3 in boost::asio::detail::scheduler_operation::complete(void*, boost::system::error_code const&, unsigned long) /usr/include/boost/asio/detail/scheduler_operation.hpp:40
    #19 0x5c43df7ce7c3 in boost::asio::detail::epoll_reactor::descriptor_state::do_complete(void*, boost::asio::detail::scheduler_operation*, boost::system::error_code const&, unsigned long) /usr/include/boost/asio/detail/impl/epoll_reactor.ipp:815
    #20 0x5c43df7c8e7f in boost::asio::detail::scheduler::do_run_one(boost::asio::detail::conditionally_enabled_mutex::scoped_lock&, boost::asio::detail::scheduler_thread_info&, boost::system::error_code const&) (/workspaces/INSN/src/INSaNed+0x5c55e7f) (BuildId: ebe454c866988f44aa6059bd878123a717c12eb9)
    #21 0x5c43df7ca9be in boost::asio::detail::scheduler::run(boost::system::error_code&) /usr/include/boost/asio/detail/impl/scheduler.ipp:210
    #22 0x5c43df928686 in boost::asio::io_context::run() /usr/include/boost/asio/impl/io_context.ipp:64
    #23 0x5c43df9156e9 in boost::_mfi::mf0<unsigned long, boost::asio::io_context>::operator()(boost::asio::io_context*) const /usr/include/boost/bind/mem_fn_template.hpp:49
    #24 0x5c43df9156e9 in unsigned long boost::_bi::list1<boost::_bi::value<boost::asio::io_context*> >::operator()<unsigned long, boost::_mfi::mf0<unsigned long, boost::asio::io_context>, boost::_bi::list0>(boost::_bi::type<unsigned long>, boost::_mfi::mf0<unsigned long, boost::asio::io_context>&, boost::_bi::list0&, long) /usr/include/boost/bind/bind.hpp:229
    #25 0x5c43df9156e9 in boost::_bi::bind_t<unsigned long, boost::_mfi::mf0<unsigned long, boost::asio::io_context>, boost::_bi::list1<boost::_bi::value<boost::asio::io_context*> > >::operator()() /usr/include/boost/bind/bind.hpp:1274
    #26 0x5c43df9156e9 in boost::detail::thread_data<boost::_bi::bind_t<unsigned long, boost::_mfi::mf0<unsigned long, boost::asio::io_context>, boost::_bi::list1<boost::_bi::value<boost::asio::io_context*> > > >::run() /usr/include/boost/thread/detail/thread.hpp:120
    #27 0x7d1a09a6e99e  (/lib/x86_64-linux-gnu/libboost_thread.so.1.83.0+0x1699e) (BuildId: cdf2ab5aa23cece03cad83b104e3376e2e8edecb)
    #28 0x7d1a09b41a41 in asan_thread_start ../../../../src/libsanitizer/asan/asan_interceptors.cpp:234
    #29 0x7d1a086e5aa3 in start_thread nptl/pthread_create.c:447

Indirect leak of 56 byte(s) in 1 object(s) allocated from:
    #0 0x7d1a09be09c7 in malloc ../../../../src/libsanitizer/asan/asan_malloc_linux.cpp:69
    #1 0x7d1a094577c4 in CRYPTO_zalloc (/lib/x86_64-linux-gnu/libcrypto.so.3+0x2237c4) (BuildId: 0698e1ff610cb3c6993dccbd82c1281b1b4c5ade)
    #2 0x7d1a094645a3 in CRYPTO_THREAD_lock_new (/lib/x86_64-linux-gnu/libcrypto.so.3+0x2305a3) (BuildId: 0698e1ff610cb3c6993dccbd82c1281b1b4c5ade)
    #3 0x7d1a097f7aad  (/lib/x86_64-linux-gnu/libssl.so.3+0x2caad) (BuildId: 5f3b12d47114f9fbdc7765266cd0bb8f1b5ee8fc)
    #4 0x7d1a09807df8 in SSL_new (/lib/x86_64-linux-gnu/libssl.so.3+0x3cdf8) (BuildId: 5f3b12d47114f9fbdc7765266cd0bb8f1b5ee8fc)
    #5 0x5c43df7eb79f in boost::asio::ssl::detail::engine::engine(ssl_ctx_st*) (/workspaces/INSN/src/INSaNed+0x5c7879f) (BuildId: ebe454c866988f44aa6059bd878123a717c12eb9)
    #6 0x5c43df8119a8 in boost::asio::ssl::detail::stream_core::stream_core<boost::asio::any_io_executor>(ssl_ctx_st*, boost::asio::any_io_executor const&) /usr/include/boost/asio/ssl/detail/stream_core.hpp:43
    #7 0x5c43df8fa39a in boost::asio::ssl::stream<boost::asio::basic_stream_socket<boost::asio::ip::tcp, boost::asio::any_io_executor> >::stream<boost::asio::io_context&>(boost::asio::io_context&, boost::asio::ssl::context&) /usr/include/boost/asio/ssl/stream.hpp:108
    #8 0x5c43df8fa39a in AcceptedConnectionImpl<boost::asio::ip::tcp>::AcceptedConnectionImpl(boost::asio::io_context&, boost::asio::ssl::context&, bool) /workspaces/INSN/src/rpcserver.cpp:417
    #9 0x5c43df8fa39a in RPCListen<boost::asio::ip::tcp> /workspaces/INSN/src/rpcserver.cpp:465
    #10 0x5c43df90b940 in RPCAcceptHandler<boost::asio::ip::tcp> /workspaces/INSN/src/rpcserver.cpp:491
    #11 0x5c43df9684fb in void boost::_bi::list5<boost::_bi::value<boost::shared_ptr<boost::asio::basic_socket_acceptor<boost::asio::ip::tcp, boost::asio::any_io_executor> > >, boost::reference_wrapper<boost::asio::ssl::context>, boost::_bi::value<bool>, boost::_bi::value<AcceptedConnectionImpl<boost::asio::ip::tcp>*>, boost::arg<1> (*)()>::operator()<void (*)(boost::shared_ptr<boost::asio::basic_socket_acceptor<boost::asio::ip::tcp, boost::asio::any_io_executor> >, boost::asio::ssl::context&, bool, AcceptedConnection*, boost::system::error_code const&), boost::_bi::rrlist1<boost::system::error_code const&> >(boost::_bi::type<void>, void (*&)(boost::shared_ptr<boost::asio::basic_socket_acceptor<boost::asio::ip::tcp, boost::asio::any_io_executor> >, boost::asio::ssl::context&, bool, AcceptedConnection*, boost::system::error_code const&), boost::_bi::rrlist1<boost::system::error_code const&>&, int) /usr/include/boost/bind/bind.hpp:511
    #12 0x5c43df9684fb in void boost::_bi::bind_t<void, void (*)(boost::shared_ptr<boost::asio::basic_socket_acceptor<boost::asio::ip::tcp, boost::asio::any_io_executor> >, boost::asio::ssl::context&, bool, AcceptedConnection*, boost::system::error_code const&), boost::_bi::list5<boost::_bi::value<boost::shared_ptr<boost::asio::basic_socket_acceptor<boost::asio::ip::tcp, boost::asio::any_io_executor> > >, boost::reference_wrapper<boost::asio::ssl::context>, boost::_bi::value<bool>, boost::_bi::value<AcceptedConnectionImpl<boost::asio::ip::tcp>*>, boost::arg<1> (*)()> >::operator()<boost::system::error_code const&>(boost::system::error_code const&) /usr/include/boost/bind/bind.hpp:1286
    #13 0x5c43df9684fb in boost::asio::detail::binder1<boost::_bi::bind_t<void, void (*)(boost::shared_ptr<boost::asio::basic_socket_acceptor<boost::asio::ip::tcp, boost::asio::any_io_executor> >, boost::asio::ssl::context&, bool, AcceptedConnection*, boost::system::error_code const&), boost::_bi::list5<boost::_bi::value<boost::shared_ptr<boost::asio::basic_socket_acceptor<boost::asio::ip::tcp, boost::asio::any_io_executor> > >, boost::reference_wrapper<boost::asio::ssl::context>, boost::_bi::value<bool>, boost::_bi::value<AcceptedConnectionImpl<boost::asio::ip::tcp>*>, boost::arg<1> (*)()> >, boost::system::error_code>::operator()() /usr/include/boost/asio/detail/bind_handler.hpp:171
    #14 0x5c43df9684fb in void boost::asio::asio_handler_invoke<boost::asio::detail::binder1<boost::_bi::bind_t<void, void (*)(boost::shared_ptr<boost::asio::basic_socket_acceptor<boost::asio::ip::tcp, boost::asio::any_io_executor> >, boost::asio::ssl::context&, bool, AcceptedConnection*, boost::system::error_code const&), boost::_bi::list5<boost::_bi::value<boost::shared_ptr<boost::asio::basic_socket_acceptor<boost::asio::ip::tcp, boost::asio::any_io_executor> > >, boost::reference_wrapper<boost::asio::ssl::context>, boost::_bi::value<bool>, boost::_bi::value<AcceptedConnectionImpl<boost::asio::ip::tcp>*>, boost::arg<1> (*)()> >, boost::system::error_code> >(boost::asio::detail::binder1<boost::_bi::bind_t<void, void (*)(boost::shared_ptr<boost::asio::basic_socket_acceptor<boost::asio::ip::tcp, boost::asio::any_io_executor> >, boost::asio::ssl::context&, bool, AcceptedConnection*, boost::system::error_code const&), boost::_bi::list5<boost::_bi::value<boost::shared_ptr<boost::asio::basic_socket_acceptor<boost::asio::ip::tcp, boost::asio::any_io_executor> > >, boost::reference_wrapper<boost::asio::ssl::context>, boost::_bi::value<bool>, boost::_bi::value<AcceptedConnectionImpl<boost::asio::ip::tcp>*>, boost::arg<1> (*)()> >, boost::system::error_code>&, ...) /usr/include/boost/asio/handler_invoke_hook.hpp:88
    #15 0x5c43df9684fb in void boost_asio_handler_invoke_helpers::invoke<boost::asio::detail::binder1<boost::_bi::bind_t<void, void (*)(boost::shared_ptr<boost::asio::basic_socket_acceptor<boost::asio::ip::tcp, boost::asio::any_io_executor> >, boost::asio::ssl::context&, bool, AcceptedConnection*, boost::system::error_code const&), boost::_bi::list5<boost::_bi::value<boost::shared_ptr<boost::asio::basic_socket_acceptor<boost::asio::ip::tcp, boost::asio::any_io_executor> > >, boost::reference_wrapper<boost::asio::ssl::context>, boost::_bi::value<bool>, boost::_bi::value<AcceptedConnectionImpl<boost::asio::ip::tcp>*>, boost::arg<1> (*)()> >, boost::system::error_code>, boost::_bi::bind_t<void, void (*)(boost::shared_ptr<boost::asio::basic_socket_acceptor<boost::asio::ip::tcp, boost::asio::any_io_executor> >, boost::asio::ssl::context&, bool, AcceptedConnection*, boost::system::error_code const&), boost::_bi::list5<boost::_bi::value<boost::shared_ptr<boost::asio::basic_socket_acceptor<boost::asio::ip::tcp, boost::asio::any_io_executor> > >, boost::reference_wrapper<boost::asio::ssl::context>, boost::_bi::value<bool>, boost::_bi::value<AcceptedConnectionImpl<boost::asio::ip::tcp>*>, boost::arg<1> (*)()> > >(boost::asio::detail::binder1<boost::_bi::bind_t<void, void (*)(boost::shared_ptr<boost::asio::basic_socket_acceptor<boost::asio::ip::tcp, boost::asio::any_io_executor> >, boost::asio::ssl::context&, bool, AcceptedConnection*, boost::system::error_code const&), boost::_bi::list5<boost::_bi::value<boost::shared_ptr<boost::asio::basic_socket_acceptor<boost::asio::ip::tcp, boost::asio::any_io_executor> > >, boost::reference_wrapper<boost::asio::ssl::context>, boost::_bi::value<bool>, boost::_bi::value<AcceptedConnectionImpl<boost::asio::ip::tcp>*>, boost::arg<1> (*)()> >, boost::system::error_code>&, boost::_bi::bind_t<void, void (*)(boost::shared_ptr<boost::asio::basic_socket_acceptor<boost::asio::ip::tcp, boost::asio::any_io_executor> >, boost::asio::ssl::context&, bool, AcceptedConnection*, boost::system::error_code const&), boost::_bi::list5<boost::_bi::value<boost::shared_ptr<boost::asio::basic_socket_acceptor<boost::asio::ip::tcp, boost::asio::any_io_executor> > >, boost::reference_wrapper<boost::asio::ssl::context>, boost::_bi::value<bool>, boost::_bi::value<AcceptedConnectionImpl<boost::asio::ip::tcp>*>, boost::arg<1> (*)()> >&) /usr/include/boost/asio/detail/handler_invoke_helpers.hpp:54
    #16 0x5c43df9684fb in void boost::asio::detail::handler_work<boost::_bi::bind_t<void, void (*)(boost::shared_ptr<boost::asio::basic_socket_acceptor<boost::asio::ip::tcp, boost::asio::any_io_executor> >, boost::asio::ssl::context&, bool, AcceptedConnection*, boost::system::error_code const&), boost::_bi::list5<boost::_bi::value<boost::shared_ptr<boost::asio::basic_socket_acceptor<boost::asio::ip::tcp, boost::asio::any_io_executor> > >, boost::reference_wrapper<boost::asio::ssl::context>, boost::_bi::value<bool>, boost::_bi::value<AcceptedConnectionImpl<boost::asio::ip::tcp>*>, boost::arg<1> (*)()> >, boost::asio::any_io_executor, void>::complete<boost::asio::detail::binder1<boost::_bi::bind_t<void, void (*)(boost::shared_ptr<boost::asio::basic_socket_acceptor<boost::asio::ip::tcp, boost::asio::any_io_executor> >, boost::asio::ssl::context&, bool, AcceptedConnection*, boost::system::error_code const&), boost::_bi::list5<boost::_bi::value<boost::shared_ptr<boost::asio::basic_socket_acceptor<boost::asio::ip::tcp, boost::asio::any_io_executor> > >, boost::reference_wrapper<boost::asio::ssl::context>, boost::_bi::value<bool>, boost::_bi::value<AcceptedConnectionImpl<boost::asio::ip::tcp>*>, boost::arg<1> (*)()> >, boost::system::error_code> >(boost::asio::detail::binder1<boost::_bi::bind_t<void, void (*)(boost::shared_ptr<boost::asio::basic_socket_acceptor<boost::asio::ip::tcp, boost::asio::any_io_executor> >, boost::asio::ssl::context&, bool, AcceptedConnection*, boost::system::error_code const&), boost::_bi::list5<boost::_bi::value<boost::shared_ptr<boost::asio::basic_socket_acceptor<boost::asio::ip::tcp, boost::asio::any_io_executor> > >, boost::reference_wrapper<boost::asio::ssl::context>, boost::_bi::value<bool>, boost::_bi::value<AcceptedConnectionImpl<boost::asio::ip::tcp>*>, boost::arg<1> (*)()> >, boost::system::error_code>&, boost::_bi::bind_t<void, void (*)(boost::shared_ptr<boost::asio::basic_socket_acceptor<boost::asio::ip::tcp, boost::asio::any_io_executor> >, boost::asio::ssl::context&, bool, AcceptedConnection*, boost::system::error_code const&), boost::_bi::list5<boost::_bi::value<boost::shared_ptr<boost::asio::basic_socket_acceptor<boost::asio::ip::tcp, boost::asio::any_io_executor> > >, boost::reference_wrapper<boost::asio::ssl::context>, boost::_bi::value<bool>, boost::_bi::value<AcceptedConnectionImpl<boost::asio::ip::tcp>*>, boost::arg<1> (*)()> >&) /usr/include/boost/asio/detail/handler_work.hpp:524
    #17 0x5c43df9684fb in boost::asio::detail::reactive_socket_accept_op<boost::asio::basic_socket<boost::asio::ip::tcp, boost::asio::any_io_executor>, boost::asio::ip::tcp, boost::_bi::bind_t<void, void (*)(boost::shared_ptr<boost::asio::basic_socket_acceptor<boost::asio::ip::tcp, boost::asio::any_io_executor> >, boost::asio::ssl::context&, bool, AcceptedConnection*, boost::system::error_code const&), boost::_bi::list5<boost::_bi::value<boost::shared_ptr<boost::asio::basic_socket_acceptor<boost::asio::ip::tcp, boost::asio::any_io_executor> > >, boost::reference_wrapper<boost::asio::ssl::context>, boost::_bi::value<bool>, boost::_bi::value<AcceptedConnectionImpl<boost::asio::ip::tcp>*>, boost::arg<1> (*)()> >, boost::asio::any_io_executor>::do_complete(void*, boost::asio::detail::scheduler_operation*, boost::system::error_code const&, unsigned long) /usr/include/boost/asio/detail/reactive_socket_accept_op.hpp:155
    #18 0x5c43df7ce7c3 in boost::asio::detail::scheduler_operation::complete(void*, boost::system::error_code const&, unsigned long) /usr/include/boost/asio/detail/scheduler_operation.hpp:40
    #19 0x5c43df7ce7c3 in boost::asio::detail::epoll_reactor::descriptor_state::do_complete(void*, boost::asio::detail::scheduler_operation*, boost::system::error_code const&, unsigned long) /usr/include/boost/asio/detail/impl/epoll_reactor.ipp:815
    #20 0x5c43df7c8e7f in boost::asio::detail::scheduler::do_run_one(boost::asio::detail::conditionally_enabled_mutex::scoped_lock&, boost::asio::detail::scheduler_thread_info&, boost::system::error_code const&) (/workspaces/INSN/src/INSaNed+0x5c55e7f) (BuildId: ebe454c866988f44aa6059bd878123a717c12eb9)
    #21 0x5c43df7ca9be in boost::asio::detail::scheduler::run(boost::system::error_code&) /usr/include/boost/asio/detail/impl/scheduler.ipp:210
    #22 0x5c43df928686 in boost::asio::io_context::run() /usr/include/boost/asio/impl/io_context.ipp:64
    #23 0x5c43df9156e9 in boost::_mfi::mf0<unsigned long, boost::asio::io_context>::operator()(boost::asio::io_context*) const /usr/include/boost/bind/mem_fn_template.hpp:49
    #24 0x5c43df9156e9 in unsigned long boost::_bi::list1<boost::_bi::value<boost::asio::io_context*> >::operator()<unsigned long, boost::_mfi::mf0<unsigned long, boost::asio::io_context>, boost::_bi::list0>(boost::_bi::type<unsigned long>, boost::_mfi::mf0<unsigned long, boost::asio::io_context>&, boost::_bi::list0&, long) /usr/include/boost/bind/bind.hpp:229
    #25 0x5c43df9156e9 in boost::_bi::bind_t<unsigned long, boost::_mfi::mf0<unsigned long, boost::asio::io_context>, boost::_bi::list1<boost::_bi::value<boost::asio::io_context*> > >::operator()() /usr/include/boost/bind/bind.hpp:1274
    #26 0x5c43df9156e9 in boost::detail::thread_data<boost::_bi::bind_t<unsigned long, boost::_mfi::mf0<unsigned long, boost::asio::io_context>, boost::_bi::list1<boost::_bi::value<boost::asio::io_context*> > > >::run() /usr/include/boost/thread/detail/thread.hpp:120
    #27 0x7d1a09a6e99e  (/lib/x86_64-linux-gnu/libboost_thread.so.1.83.0+0x1699e) (BuildId: cdf2ab5aa23cece03cad83b104e3376e2e8edecb)
    #28 0x7d1a09b41a41 in asan_thread_start ../../../../src/libsanitizer/asan/asan_interceptors.cpp:234
    #29 0x7d1a086e5aa3 in start_thread nptl/pthread_create.c:447

Indirect leak of 54 byte(s) in 7 object(s) allocated from:
    #0 0x7d1a09be09c7 in malloc ../../../../src/libsanitizer/asan/asan_malloc_linux.cpp:69
    #1 0x7d1a09459043 in CRYPTO_strndup (/lib/x86_64-linux-gnu/libcrypto.so.3+0x225043) (BuildId: 0698e1ff610cb3c6993dccbd82c1281b1b4c5ade)
    #2 0x7d1a09453381  (/lib/x86_64-linux-gnu/libcrypto.so.3+0x21f381) (BuildId: 0698e1ff610cb3c6993dccbd82c1281b1b4c5ade)
    #3 0x7d1a0941892e  (/lib/x86_64-linux-gnu/libcrypto.so.3+0x1e492e) (BuildId: 0698e1ff610cb3c6993dccbd82c1281b1b4c5ade)
    #4 0x7d1a0942df4b  (/lib/x86_64-linux-gnu/libcrypto.so.3+0x1f9f4b) (BuildId: 0698e1ff610cb3c6993dccbd82c1281b1b4c5ade)
    #5 0x7d1a094534a8  (/lib/x86_64-linux-gnu/libcrypto.so.3+0x21f4a8) (BuildId: 0698e1ff610cb3c6993dccbd82c1281b1b4c5ade)
    #6 0x7d1a094531bf  (/lib/x86_64-linux-gnu/libcrypto.so.3+0x21f1bf) (BuildId: 0698e1ff610cb3c6993dccbd82c1281b1b4c5ade)
    #7 0x7d1a09462f96  (/lib/x86_64-linux-gnu/libcrypto.so.3+0x22ef96) (BuildId: 0698e1ff610cb3c6993dccbd82c1281b1b4c5ade)
    #8 0x7d1a09453337  (/lib/x86_64-linux-gnu/libcrypto.so.3+0x21f337) (BuildId: 0698e1ff610cb3c6993dccbd82c1281b1b4c5ade)
    #9 0x7d1a094536d8  (/lib/x86_64-linux-gnu/libcrypto.so.3+0x21f6d8) (BuildId: 0698e1ff610cb3c6993dccbd82c1281b1b4c5ade)
    #10 0x7d1a0942e804  (/lib/x86_64-linux-gnu/libcrypto.so.3+0x1fa804) (BuildId: 0698e1ff610cb3c6993dccbd82c1281b1b4c5ade)
    #11 0x7d1a0942eae3  (/lib/x86_64-linux-gnu/libcrypto.so.3+0x1faae3) (BuildId: 0698e1ff610cb3c6993dccbd82c1281b1b4c5ade)
    #12 0x7d1a094177e1 in EVP_MD_fetch (/lib/x86_64-linux-gnu/libcrypto.so.3+0x1e37e1) (BuildId: 0698e1ff610cb3c6993dccbd82c1281b1b4c5ade)
    #13 0x7d1a09418825 in EVP_Q_digest (/lib/x86_64-linux-gnu/libcrypto.so.3+0x1e4825) (BuildId: 0698e1ff610cb3c6993dccbd82c1281b1b4c5ade)
    #14 0x7d1a095641e8 in SHA256 (/lib/x86_64-linux-gnu/libcrypto.so.3+0x3301e8) (BuildId: 0698e1ff610cb3c6993dccbd82c1281b1b4c5ade)
    #15 0x5c43df26c73a in CHashWriter::GetHash() /workspaces/INSN/src/hash.h:106
    #16 0x5c43df26c73a in uint256 SerializeHash<CTransaction>(CTransaction const&, int, int) /workspaces/INSN/src/hash.h:158
    #17 0x5c43df26d523 in CTransaction::GetHash() const /workspaces/INSN/src/main.h:302
    #18 0x5c43df26d523 in CBlock::BuildMerkleTree() const /workspaces/INSN/src/main.h:755
    #19 0x5c43dfc1ca10 in CMainParams::CMainParams() /workspaces/INSN/src/chainparams.cpp:72
    #20 0x5c43dfc07ef5 in __static_initialization_and_destruction_0 /workspaces/INSN/src/chainparams.cpp:119
    #21 0x5c43dfc07ef5 in _GLOBAL__sub_I__Z6Paramsv /workspaces/INSN/src/chainparams.cpp:249
    #22 0x7d1a08673303 in call_init ../csu/libc-start.c:145
    #23 0x7d1a08673303 in __libc_start_main_impl ../csu/libc-start.c:347
    #24 0x5c43deef8834 in _start (/workspaces/INSN/src/INSaNed+0x5385834) (BuildId: ebe454c866988f44aa6059bd878123a717c12eb9)

Indirect leak of 32 byte(s) in 1 object(s) allocated from:
    #0 0x7d1a09be09c7 in malloc ../../../../src/libsanitizer/asan/asan_malloc_linux.cpp:69
    #1 0x7d1a0958126c in OPENSSL_sk_dup (/lib/x86_64-linux-gnu/libcrypto.so.3+0x34d26c) (BuildId: 0698e1ff610cb3c6993dccbd82c1281b1b4c5ade)
    #2 0x7d1a097fc79c  (/lib/x86_64-linux-gnu/libssl.so.3+0x3179c) (BuildId: 5f3b12d47114f9fbdc7765266cd0bb8f1b5ee8fc)
    #3 0x7d1a09808932 in SSL_CTX_new_ex (/lib/x86_64-linux-gnu/libssl.so.3+0x3d932) (BuildId: 5f3b12d47114f9fbdc7765266cd0bb8f1b5ee8fc)
    #4 0x5c43df901187 in boost::asio::ssl::context::context(boost::asio::ssl::context_base::method) /usr/include/boost/asio/ssl/impl/context.ipp:312
    #5 0x5c43df901187 in StartRPCThreads() /workspaces/INSN/src/rpcserver.cpp:552
    #6 0x5c43df11ac7c in AppInit2(boost::thread_group&) /workspaces/INSN/src/init.cpp:1124
    #7 0x5c43df27e953 in AppInit(int, char**) /workspaces/INSN/src/bitcoind.cpp:106
    #8 0x5c43df27f1b9 in main /workspaces/INSN/src/bitcoind.cpp:136
    #9 0x7d1a086731c9 in __libc_start_call_main ../sysdeps/nptl/libc_start_call_main.h:58
    #10 0x7d1a0867328a in __libc_start_main_impl ../csu/libc-start.c:360
    #11 0x5c43deef8834 in _start (/workspaces/INSN/src/INSaNed+0x5385834) (BuildId: ebe454c866988f44aa6059bd878123a717c12eb9)

Indirect leak of 32 byte(s) in 1 object(s) allocated from:
    #0 0x7d1a09be09c7 in malloc ../../../../src/libsanitizer/asan/asan_malloc_linux.cpp:69
    #1 0x7d1a094577c4 in CRYPTO_zalloc (/lib/x86_64-linux-gnu/libcrypto.so.3+0x2237c4) (BuildId: 0698e1ff610cb3c6993dccbd82c1281b1b4c5ade)
    #2 0x7d1a0958154d in OPENSSL_sk_new_reserve (/lib/x86_64-linux-gnu/libcrypto.so.3+0x34d54d) (BuildId: 0698e1ff610cb3c6993dccbd82c1281b1b4c5ade)
    #3 0x7d1a09808994 in SSL_CTX_new_ex (/lib/x86_64-linux-gnu/libssl.so.3+0x3d994) (BuildId: 5f3b12d47114f9fbdc7765266cd0bb8f1b5ee8fc)
    #4 0x5c43df901187 in boost::asio::ssl::context::context(boost::asio::ssl::context_base::method) /usr/include/boost/asio/ssl/impl/context.ipp:312
    #5 0x5c43df901187 in StartRPCThreads() /workspaces/INSN/src/rpcserver.cpp:552
    #6 0x5c43df11ac7c in AppInit2(boost::thread_group&) /workspaces/INSN/src/init.cpp:1124
    #7 0x5c43df27e953 in AppInit(int, char**) /workspaces/INSN/src/bitcoind.cpp:106
    #8 0x5c43df27f1b9 in main /workspaces/INSN/src/bitcoind.cpp:136
    #9 0x7d1a086731c9 in __libc_start_call_main ../sysdeps/nptl/libc_start_call_main.h:58
    #10 0x7d1a0867328a in __libc_start_main_impl ../csu/libc-start.c:360
    #11 0x5c43deef8834 in _start (/workspaces/INSN/src/INSaNed+0x5385834) (BuildId: ebe454c866988f44aa6059bd878123a717c12eb9)

Indirect leak of 32 byte(s) in 1 object(s) allocated from:
    #0 0x7d1a09be09c7 in malloc ../../../../src/libsanitizer/asan/asan_malloc_linux.cpp:69
    #1 0x7d1a095812dd in OPENSSL_sk_dup (/lib/x86_64-linux-gnu/libcrypto.so.3+0x34d2dd) (BuildId: 0698e1ff610cb3c6993dccbd82c1281b1b4c5ade)
    #2 0x7d1a09807ddb in SSL_new (/lib/x86_64-linux-gnu/libssl.so.3+0x3cddb) (BuildId: 5f3b12d47114f9fbdc7765266cd0bb8f1b5ee8fc)
    #3 0x5c43df7eb79f in boost::asio::ssl::detail::engine::engine(ssl_ctx_st*) (/workspaces/INSN/src/INSaNed+0x5c7879f) (BuildId: ebe454c866988f44aa6059bd878123a717c12eb9)
    #4 0x5c43df8119a8 in boost::asio::ssl::detail::stream_core::stream_core<boost::asio::any_io_executor>(ssl_ctx_st*, boost::asio::any_io_executor const&) /usr/include/boost/asio/ssl/detail/stream_core.hpp:43
    #5 0x5c43df8fa39a in boost::asio::ssl::stream<boost::asio::basic_stream_socket<boost::asio::ip::tcp, boost::asio::any_io_executor> >::stream<boost::asio::io_context&>(boost::asio::io_context&, boost::asio::ssl::context&) /usr/include/boost/asio/ssl/stream.hpp:108
    #6 0x5c43df8fa39a in AcceptedConnectionImpl<boost::asio::ip::tcp>::AcceptedConnectionImpl(boost::asio::io_context&, boost::asio::ssl::context&, bool) /workspaces/INSN/src/rpcserver.cpp:417
    #7 0x5c43df8fa39a in RPCListen<boost::asio::ip::tcp> /workspaces/INSN/src/rpcserver.cpp:465
    #8 0x5c43df90b940 in RPCAcceptHandler<boost::asio::ip::tcp> /workspaces/INSN/src/rpcserver.cpp:491
    #9 0x5c43df9684fb in void boost::_bi::list5<boost::_bi::value<boost::shared_ptr<boost::asio::basic_socket_acceptor<boost::asio::ip::tcp, boost::asio::any_io_executor> > >, boost::reference_wrapper<boost::asio::ssl::context>, boost::_bi::value<bool>, boost::_bi::value<AcceptedConnectionImpl<boost::asio::ip::tcp>*>, boost::arg<1> (*)()>::operator()<void (*)(boost::shared_ptr<boost::asio::basic_socket_acceptor<boost::asio::ip::tcp, boost::asio::any_io_executor> >, boost::asio::ssl::context&, bool, AcceptedConnection*, boost::system::error_code const&), boost::_bi::rrlist1<boost::system::error_code const&> >(boost::_bi::type<void>, void (*&)(boost::shared_ptr<boost::asio::basic_socket_acceptor<boost::asio::ip::tcp, boost::asio::any_io_executor> >, boost::asio::ssl::context&, bool, AcceptedConnection*, boost::system::error_code const&), boost::_bi::rrlist1<boost::system::error_code const&>&, int) /usr/include/boost/bind/bind.hpp:511
    #10 0x5c43df9684fb in void boost::_bi::bind_t<void, void (*)(boost::shared_ptr<boost::asio::basic_socket_acceptor<boost::asio::ip::tcp, boost::asio::any_io_executor> >, boost::asio::ssl::context&, bool, AcceptedConnection*, boost::system::error_code const&), boost::_bi::list5<boost::_bi::value<boost::shared_ptr<boost::asio::basic_socket_acceptor<boost::asio::ip::tcp, boost::asio::any_io_executor> > >, boost::reference_wrapper<boost::asio::ssl::context>, boost::_bi::value<bool>, boost::_bi::value<AcceptedConnectionImpl<boost::asio::ip::tcp>*>, boost::arg<1> (*)()> >::operator()<boost::system::error_code const&>(boost::system::error_code const&) /usr/include/boost/bind/bind.hpp:1286
    #11 0x5c43df9684fb in boost::asio::detail::binder1<boost::_bi::bind_t<void, void (*)(boost::shared_ptr<boost::asio::basic_socket_acceptor<boost::asio::ip::tcp, boost::asio::any_io_executor> >, boost::asio::ssl::context&, bool, AcceptedConnection*, boost::system::error_code const&), boost::_bi::list5<boost::_bi::value<boost::shared_ptr<boost::asio::basic_socket_acceptor<boost::asio::ip::tcp, boost::asio::any_io_executor> > >, boost::reference_wrapper<boost::asio::ssl::context>, boost::_bi::value<bool>, boost::_bi::value<AcceptedConnectionImpl<boost::asio::ip::tcp>*>, boost::arg<1> (*)()> >, boost::system::error_code>::operator()() /usr/include/boost/asio/detail/bind_handler.hpp:171
    #12 0x5c43df9684fb in void boost::asio::asio_handler_invoke<boost::asio::detail::binder1<boost::_bi::bind_t<void, void (*)(boost::shared_ptr<boost::asio::basic_socket_acceptor<boost::asio::ip::tcp, boost::asio::any_io_executor> >, boost::asio::ssl::context&, bool, AcceptedConnection*, boost::system::error_code const&), boost::_bi::list5<boost::_bi::value<boost::shared_ptr<boost::asio::basic_socket_acceptor<boost::asio::ip::tcp, boost::asio::any_io_executor> > >, boost::reference_wrapper<boost::asio::ssl::context>, boost::_bi::value<bool>, boost::_bi::value<AcceptedConnectionImpl<boost::asio::ip::tcp>*>, boost::arg<1> (*)()> >, boost::system::error_code> >(boost::asio::detail::binder1<boost::_bi::bind_t<void, void (*)(boost::shared_ptr<boost::asio::basic_socket_acceptor<boost::asio::ip::tcp, boost::asio::any_io_executor> >, boost::asio::ssl::context&, bool, AcceptedConnection*, boost::system::error_code const&), boost::_bi::list5<boost::_bi::value<boost::shared_ptr<boost::asio::basic_socket_acceptor<boost::asio::ip::tcp, boost::asio::any_io_executor> > >, boost::reference_wrapper<boost::asio::ssl::context>, boost::_bi::value<bool>, boost::_bi::value<AcceptedConnectionImpl<boost::asio::ip::tcp>*>, boost::arg<1> (*)()> >, boost::system::error_code>&, ...) /usr/include/boost/asio/handler_invoke_hook.hpp:88
    #13 0x5c43df9684fb in void boost_asio_handler_invoke_helpers::invoke<boost::asio::detail::binder1<boost::_bi::bind_t<void, void (*)(boost::shared_ptr<boost::asio::basic_socket_acceptor<boost::asio::ip::tcp, boost::asio::any_io_executor> >, boost::asio::ssl::context&, bool, AcceptedConnection*, boost::system::error_code const&), boost::_bi::list5<boost::_bi::value<boost::shared_ptr<boost::asio::basic_socket_acceptor<boost::asio::ip::tcp, boost::asio::any_io_executor> > >, boost::reference_wrapper<boost::asio::ssl::context>, boost::_bi::value<bool>, boost::_bi::value<AcceptedConnectionImpl<boost::asio::ip::tcp>*>, boost::arg<1> (*)()> >, boost::system::error_code>, boost::_bi::bind_t<void, void (*)(boost::shared_ptr<boost::asio::basic_socket_acceptor<boost::asio::ip::tcp, boost::asio::any_io_executor> >, boost::asio::ssl::context&, bool, AcceptedConnection*, boost::system::error_code const&), boost::_bi::list5<boost::_bi::value<boost::shared_ptr<boost::asio::basic_socket_acceptor<boost::asio::ip::tcp, boost::asio::any_io_executor> > >, boost::reference_wrapper<boost::asio::ssl::context>, boost::_bi::value<bool>, boost::_bi::value<AcceptedConnectionImpl<boost::asio::ip::tcp>*>, boost::arg<1> (*)()> > >(boost::asio::detail::binder1<boost::_bi::bind_t<void, void (*)(boost::shared_ptr<boost::asio::basic_socket_acceptor<boost::asio::ip::tcp, boost::asio::any_io_executor> >, boost::asio::ssl::context&, bool, AcceptedConnection*, boost::system::error_code const&), boost::_bi::list5<boost::_bi::value<boost::shared_ptr<boost::asio::basic_socket_acceptor<boost::asio::ip::tcp, boost::asio::any_io_executor> > >, boost::reference_wrapper<boost::asio::ssl::context>, boost::_bi::value<bool>, boost::_bi::value<AcceptedConnectionImpl<boost::asio::ip::tcp>*>, boost::arg<1> (*)()> >, boost::system::error_code>&, boost::_bi::bind_t<void, void (*)(boost::shared_ptr<boost::asio::basic_socket_acceptor<boost::asio::ip::tcp, boost::asio::any_io_executor> >, boost::asio::ssl::context&, bool, AcceptedConnection*, boost::system::error_code const&), boost::_bi::list5<boost::_bi::value<boost::shared_ptr<boost::asio::basic_socket_acceptor<boost::asio::ip::tcp, boost::asio::any_io_executor> > >, boost::reference_wrapper<boost::asio::ssl::context>, boost::_bi::value<bool>, boost::_bi::value<AcceptedConnectionImpl<boost::asio::ip::tcp>*>, boost::arg<1> (*)()> >&) /usr/include/boost/asio/detail/handler_invoke_helpers.hpp:54
    #14 0x5c43df9684fb in void boost::asio::detail::handler_work<boost::_bi::bind_t<void, void (*)(boost::shared_ptr<boost::asio::basic_socket_acceptor<boost::asio::ip::tcp, boost::asio::any_io_executor> >, boost::asio::ssl::context&, bool, AcceptedConnection*, boost::system::error_code const&), boost::_bi::list5<boost::_bi::value<boost::shared_ptr<boost::asio::basic_socket_acceptor<boost::asio::ip::tcp, boost::asio::any_io_executor> > >, boost::reference_wrapper<boost::asio::ssl::context>, boost::_bi::value<bool>, boost::_bi::value<AcceptedConnectionImpl<boost::asio::ip::tcp>*>, boost::arg<1> (*)()> >, boost::asio::any_io_executor, void>::complete<boost::asio::detail::binder1<boost::_bi::bind_t<void, void (*)(boost::shared_ptr<boost::asio::basic_socket_acceptor<boost::asio::ip::tcp, boost::asio::any_io_executor> >, boost::asio::ssl::context&, bool, AcceptedConnection*, boost::system::error_code const&), boost::_bi::list5<boost::_bi::value<boost::shared_ptr<boost::asio::basic_socket_acceptor<boost::asio::ip::tcp, boost::asio::any_io_executor> > >, boost::reference_wrapper<boost::asio::ssl::context>, boost::_bi::value<bool>, boost::_bi::value<AcceptedConnectionImpl<boost::asio::ip::tcp>*>, boost::arg<1> (*)()> >, boost::system::error_code> >(boost::asio::detail::binder1<boost::_bi::bind_t<void, void (*)(boost::shared_ptr<boost::asio::basic_socket_acceptor<boost::asio::ip::tcp, boost::asio::any_io_executor> >, boost::asio::ssl::context&, bool, AcceptedConnection*, boost::system::error_code const&), boost::_bi::list5<boost::_bi::value<boost::shared_ptr<boost::asio::basic_socket_acceptor<boost::asio::ip::tcp, boost::asio::any_io_executor> > >, boost::reference_wrapper<boost::asio::ssl::context>, boost::_bi::value<bool>, boost::_bi::value<AcceptedConnectionImpl<boost::asio::ip::tcp>*>, boost::arg<1> (*)()> >, boost::system::error_code>&, boost::_bi::bind_t<void, void (*)(boost::shared_ptr<boost::asio::basic_socket_acceptor<boost::asio::ip::tcp, boost::asio::any_io_executor> >, boost::asio::ssl::context&, bool, AcceptedConnection*, boost::system::error_code const&), boost::_bi::list5<boost::_bi::value<boost::shared_ptr<boost::asio::basic_socket_acceptor<boost::asio::ip::tcp, boost::asio::any_io_executor> > >, boost::reference_wrapper<boost::asio::ssl::context>, boost::_bi::value<bool>, boost::_bi::value<AcceptedConnectionImpl<boost::asio::ip::tcp>*>, boost::arg<1> (*)()> >&) /usr/include/boost/asio/detail/handler_work.hpp:524
    #15 0x5c43df9684fb in boost::asio::detail::reactive_socket_accept_op<boost::asio::basic_socket<boost::asio::ip::tcp, boost::asio::any_io_executor>, boost::asio::ip::tcp, boost::_bi::bind_t<void, void (*)(boost::shared_ptr<boost::asio::basic_socket_acceptor<boost::asio::ip::tcp, boost::asio::any_io_executor> >, boost::asio::ssl::context&, bool, AcceptedConnection*, boost::system::error_code const&), boost::_bi::list5<boost::_bi::value<boost::shared_ptr<boost::asio::basic_socket_acceptor<boost::asio::ip::tcp, boost::asio::any_io_executor> > >, boost::reference_wrapper<boost::asio::ssl::context>, boost::_bi::value<bool>, boost::_bi::value<AcceptedConnectionImpl<boost::asio::ip::tcp>*>, boost::arg<1> (*)()> >, boost::asio::any_io_executor>::do_complete(void*, boost::asio::detail::scheduler_operation*, boost::system::error_code const&, unsigned long) /usr/include/boost/asio/detail/reactive_socket_accept_op.hpp:155
    #16 0x5c43df7ce7c3 in boost::asio::detail::scheduler_operation::complete(void*, boost::system::error_code const&, unsigned long) /usr/include/boost/asio/detail/scheduler_operation.hpp:40
    #17 0x5c43df7ce7c3 in boost::asio::detail::epoll_reactor::descriptor_state::do_complete(void*, boost::asio::detail::scheduler_operation*, boost::system::error_code const&, unsigned long) /usr/include/boost/asio/detail/impl/epoll_reactor.ipp:815
    #18 0x5c43df7c8e7f in boost::asio::detail::scheduler::do_run_one(boost::asio::detail::conditionally_enabled_mutex::scoped_lock&, boost::asio::detail::scheduler_thread_info&, boost::system::error_code const&) (/workspaces/INSN/src/INSaNed+0x5c55e7f) (BuildId: ebe454c866988f44aa6059bd878123a717c12eb9)
    #19 0x5c43df7ca9be in boost::asio::detail::scheduler::run(boost::system::error_code&) /usr/include/boost/asio/detail/impl/scheduler.ipp:210
    #20 0x5c43df928686 in boost::asio::io_context::run() /usr/include/boost/asio/impl/io_context.ipp:64
    #21 0x5c43df9156e9 in boost::_mfi::mf0<unsigned long, boost::asio::io_context>::operator()(boost::asio::io_context*) const /usr/include/boost/bind/mem_fn_template.hpp:49
    #22 0x5c43df9156e9 in unsigned long boost::_bi::list1<boost::_bi::value<boost::asio::io_context*> >::operator()<unsigned long, boost::_mfi::mf0<unsigned long, boost::asio::io_context>, boost::_bi::list0>(boost::_bi::type<unsigned long>, boost::_mfi::mf0<unsigned long, boost::asio::io_context>&, boost::_bi::list0&, long) /usr/include/boost/bind/bind.hpp:229
    #23 0x5c43df9156e9 in boost::_bi::bind_t<unsigned long, boost::_mfi::mf0<unsigned long, boost::asio::io_context>, boost::_bi::list1<boost::_bi::value<boost::asio::io_context*> > >::operator()() /usr/include/boost/bind/bind.hpp:1274
    #24 0x5c43df9156e9 in boost::detail::thread_data<boost::_bi::bind_t<unsigned long, boost::_mfi::mf0<unsigned long, boost::asio::io_context>, boost::_bi::list1<boost::_bi::value<boost::asio::io_context*> > > >::run() /usr/include/boost/thread/detail/thread.hpp:120
    #25 0x7d1a09a6e99e  (/lib/x86_64-linux-gnu/libboost_thread.so.1.83.0+0x1699e) (BuildId: cdf2ab5aa23cece03cad83b104e3376e2e8edecb)
    #26 0x7d1a09b41a41 in asan_thread_start ../../../../src/libsanitizer/asan/asan_interceptors.cpp:234
    #27 0x7d1a086e5aa3 in start_thread nptl/pthread_create.c:447

Indirect leak of 32 byte(s) in 1 object(s) allocated from:
    #0 0x7d1a09be09c7 in malloc ../../../../src/libsanitizer/asan/asan_malloc_linux.cpp:69
    #1 0x7d1a094577c4 in CRYPTO_zalloc (/lib/x86_64-linux-gnu/libcrypto.so.3+0x2237c4) (BuildId: 0698e1ff610cb3c6993dccbd82c1281b1b4c5ade)
    #2 0x7d1a0958154d in OPENSSL_sk_new_reserve (/lib/x86_64-linux-gnu/libcrypto.so.3+0x34d54d) (BuildId: 0698e1ff610cb3c6993dccbd82c1281b1b4c5ade)
    #3 0x7d1a097fc5b8  (/lib/x86_64-linux-gnu/libssl.so.3+0x315b8) (BuildId: 5f3b12d47114f9fbdc7765266cd0bb8f1b5ee8fc)
    #4 0x7d1a09808932 in SSL_CTX_new_ex (/lib/x86_64-linux-gnu/libssl.so.3+0x3d932) (BuildId: 5f3b12d47114f9fbdc7765266cd0bb8f1b5ee8fc)
    #5 0x5c43df901187 in boost::asio::ssl::context::context(boost::asio::ssl::context_base::method) /usr/include/boost/asio/ssl/impl/context.ipp:312
    #6 0x5c43df901187 in StartRPCThreads() /workspaces/INSN/src/rpcserver.cpp:552
    #7 0x5c43df11ac7c in AppInit2(boost::thread_group&) /workspaces/INSN/src/init.cpp:1124
    #8 0x5c43df27e953 in AppInit(int, char**) /workspaces/INSN/src/bitcoind.cpp:106
    #9 0x5c43df27f1b9 in main /workspaces/INSN/src/bitcoind.cpp:136
    #10 0x7d1a086731c9 in __libc_start_call_main ../sysdeps/nptl/libc_start_call_main.h:58
    #11 0x7d1a0867328a in __libc_start_main_impl ../csu/libc-start.c:360
    #12 0x5c43deef8834 in _start (/workspaces/INSN/src/INSaNed+0x5385834) (BuildId: ebe454c866988f44aa6059bd878123a717c12eb9)

Indirect leak of 32 byte(s) in 1 object(s) allocated from:
    #0 0x7d1a09be09c7 in malloc ../../../../src/libsanitizer/asan/asan_malloc_linux.cpp:69
    #1 0x7d1a0958126c in OPENSSL_sk_dup (/lib/x86_64-linux-gnu/libcrypto.so.3+0x34d26c) (BuildId: 0698e1ff610cb3c6993dccbd82c1281b1b4c5ade)
    #2 0x7d1a09807ddb in SSL_new (/lib/x86_64-linux-gnu/libssl.so.3+0x3cddb) (BuildId: 5f3b12d47114f9fbdc7765266cd0bb8f1b5ee8fc)
    #3 0x5c43df7eb79f in boost::asio::ssl::detail::engine::engine(ssl_ctx_st*) (/workspaces/INSN/src/INSaNed+0x5c7879f) (BuildId: ebe454c866988f44aa6059bd878123a717c12eb9)
    #4 0x5c43df8119a8 in boost::asio::ssl::detail::stream_core::stream_core<boost::asio::any_io_executor>(ssl_ctx_st*, boost::asio::any_io_executor const&) /usr/include/boost/asio/ssl/detail/stream_core.hpp:43
    #5 0x5c43df8fa39a in boost::asio::ssl::stream<boost::asio::basic_stream_socket<boost::asio::ip::tcp, boost::asio::any_io_executor> >::stream<boost::asio::io_context&>(boost::asio::io_context&, boost::asio::ssl::context&) /usr/include/boost/asio/ssl/stream.hpp:108
    #6 0x5c43df8fa39a in AcceptedConnectionImpl<boost::asio::ip::tcp>::AcceptedConnectionImpl(boost::asio::io_context&, boost::asio::ssl::context&, bool) /workspaces/INSN/src/rpcserver.cpp:417
    #7 0x5c43df8fa39a in RPCListen<boost::asio::ip::tcp> /workspaces/INSN/src/rpcserver.cpp:465
    #8 0x5c43df90b940 in RPCAcceptHandler<boost::asio::ip::tcp> /workspaces/INSN/src/rpcserver.cpp:491
    #9 0x5c43df9684fb in void boost::_bi::list5<boost::_bi::value<boost::shared_ptr<boost::asio::basic_socket_acceptor<boost::asio::ip::tcp, boost::asio::any_io_executor> > >, boost::reference_wrapper<boost::asio::ssl::context>, boost::_bi::value<bool>, boost::_bi::value<AcceptedConnectionImpl<boost::asio::ip::tcp>*>, boost::arg<1> (*)()>::operator()<void (*)(boost::shared_ptr<boost::asio::basic_socket_acceptor<boost::asio::ip::tcp, boost::asio::any_io_executor> >, boost::asio::ssl::context&, bool, AcceptedConnection*, boost::system::error_code const&), boost::_bi::rrlist1<boost::system::error_code const&> >(boost::_bi::type<void>, void (*&)(boost::shared_ptr<boost::asio::basic_socket_acceptor<boost::asio::ip::tcp, boost::asio::any_io_executor> >, boost::asio::ssl::context&, bool, AcceptedConnection*, boost::system::error_code const&), boost::_bi::rrlist1<boost::system::error_code const&>&, int) /usr/include/boost/bind/bind.hpp:511
    #10 0x5c43df9684fb in void boost::_bi::bind_t<void, void (*)(boost::shared_ptr<boost::asio::basic_socket_acceptor<boost::asio::ip::tcp, boost::asio::any_io_executor> >, boost::asio::ssl::context&, bool, AcceptedConnection*, boost::system::error_code const&), boost::_bi::list5<boost::_bi::value<boost::shared_ptr<boost::asio::basic_socket_acceptor<boost::asio::ip::tcp, boost::asio::any_io_executor> > >, boost::reference_wrapper<boost::asio::ssl::context>, boost::_bi::value<bool>, boost::_bi::value<AcceptedConnectionImpl<boost::asio::ip::tcp>*>, boost::arg<1> (*)()> >::operator()<boost::system::error_code const&>(boost::system::error_code const&) /usr/include/boost/bind/bind.hpp:1286
    #11 0x5c43df9684fb in boost::asio::detail::binder1<boost::_bi::bind_t<void, void (*)(boost::shared_ptr<boost::asio::basic_socket_acceptor<boost::asio::ip::tcp, boost::asio::any_io_executor> >, boost::asio::ssl::context&, bool, AcceptedConnection*, boost::system::error_code const&), boost::_bi::list5<boost::_bi::value<boost::shared_ptr<boost::asio::basic_socket_acceptor<boost::asio::ip::tcp, boost::asio::any_io_executor> > >, boost::reference_wrapper<boost::asio::ssl::context>, boost::_bi::value<bool>, boost::_bi::value<AcceptedConnectionImpl<boost::asio::ip::tcp>*>, boost::arg<1> (*)()> >, boost::system::error_code>::operator()() /usr/include/boost/asio/detail/bind_handler.hpp:171
    #12 0x5c43df9684fb in void boost::asio::asio_handler_invoke<boost::asio::detail::binder1<boost::_bi::bind_t<void, void (*)(boost::shared_ptr<boost::asio::basic_socket_acceptor<boost::asio::ip::tcp, boost::asio::any_io_executor> >, boost::asio::ssl::context&, bool, AcceptedConnection*, boost::system::error_code const&), boost::_bi::list5<boost::_bi::value<boost::shared_ptr<boost::asio::basic_socket_acceptor<boost::asio::ip::tcp, boost::asio::any_io_executor> > >, boost::reference_wrapper<boost::asio::ssl::context>, boost::_bi::value<bool>, boost::_bi::value<AcceptedConnectionImpl<boost::asio::ip::tcp>*>, boost::arg<1> (*)()> >, boost::system::error_code> >(boost::asio::detail::binder1<boost::_bi::bind_t<void, void (*)(boost::shared_ptr<boost::asio::basic_socket_acceptor<boost::asio::ip::tcp, boost::asio::any_io_executor> >, boost::asio::ssl::context&, bool, AcceptedConnection*, boost::system::error_code const&), boost::_bi::list5<boost::_bi::value<boost::shared_ptr<boost::asio::basic_socket_acceptor<boost::asio::ip::tcp, boost::asio::any_io_executor> > >, boost::reference_wrapper<boost::asio::ssl::context>, boost::_bi::value<bool>, boost::_bi::value<AcceptedConnectionImpl<boost::asio::ip::tcp>*>, boost::arg<1> (*)()> >, boost::system::error_code>&, ...) /usr/include/boost/asio/handler_invoke_hook.hpp:88
    #13 0x5c43df9684fb in void boost_asio_handler_invoke_helpers::invoke<boost::asio::detail::binder1<boost::_bi::bind_t<void, void (*)(boost::shared_ptr<boost::asio::basic_socket_acceptor<boost::asio::ip::tcp, boost::asio::any_io_executor> >, boost::asio::ssl::context&, bool, AcceptedConnection*, boost::system::error_code const&), boost::_bi::list5<boost::_bi::value<boost::shared_ptr<boost::asio::basic_socket_acceptor<boost::asio::ip::tcp, boost::asio::any_io_executor> > >, boost::reference_wrapper<boost::asio::ssl::context>, boost::_bi::value<bool>, boost::_bi::value<AcceptedConnectionImpl<boost::asio::ip::tcp>*>, boost::arg<1> (*)()> >, boost::system::error_code>, boost::_bi::bind_t<void, void (*)(boost::shared_ptr<boost::asio::basic_socket_acceptor<boost::asio::ip::tcp, boost::asio::any_io_executor> >, boost::asio::ssl::context&, bool, AcceptedConnection*, boost::system::error_code const&), boost::_bi::list5<boost::_bi::value<boost::shared_ptr<boost::asio::basic_socket_acceptor<boost::asio::ip::tcp, boost::asio::any_io_executor> > >, boost::reference_wrapper<boost::asio::ssl::context>, boost::_bi::value<bool>, boost::_bi::value<AcceptedConnectionImpl<boost::asio::ip::tcp>*>, boost::arg<1> (*)()> > >(boost::asio::detail::binder1<boost::_bi::bind_t<void, void (*)(boost::shared_ptr<boost::asio::basic_socket_acceptor<boost::asio::ip::tcp, boost::asio::any_io_executor> >, boost::asio::ssl::context&, bool, AcceptedConnection*, boost::system::error_code const&), boost::_bi::list5<boost::_bi::value<boost::shared_ptr<boost::asio::basic_socket_acceptor<boost::asio::ip::tcp, boost::asio::any_io_executor> > >, boost::reference_wrapper<boost::asio::ssl::context>, boost::_bi::value<bool>, boost::_bi::value<AcceptedConnectionImpl<boost::asio::ip::tcp>*>, boost::arg<1> (*)()> >, boost::system::error_code>&, boost::_bi::bind_t<void, void (*)(boost::shared_ptr<boost::asio::basic_socket_acceptor<boost::asio::ip::tcp, boost::asio::any_io_executor> >, boost::asio::ssl::context&, bool, AcceptedConnection*, boost::system::error_code const&), boost::_bi::list5<boost::_bi::value<boost::shared_ptr<boost::asio::basic_socket_acceptor<boost::asio::ip::tcp, boost::asio::any_io_executor> > >, boost::reference_wrapper<boost::asio::ssl::context>, boost::_bi::value<bool>, boost::_bi::value<AcceptedConnectionImpl<boost::asio::ip::tcp>*>, boost::arg<1> (*)()> >&) /usr/include/boost/asio/detail/handler_invoke_helpers.hpp:54
    #14 0x5c43df9684fb in void boost::asio::detail::handler_work<boost::_bi::bind_t<void, void (*)(boost::shared_ptr<boost::asio::basic_socket_acceptor<boost::asio::ip::tcp, boost::asio::any_io_executor> >, boost::asio::ssl::context&, bool, AcceptedConnection*, boost::system::error_code const&), boost::_bi::list5<boost::_bi::value<boost::shared_ptr<boost::asio::basic_socket_acceptor<boost::asio::ip::tcp, boost::asio::any_io_executor> > >, boost::reference_wrapper<boost::asio::ssl::context>, boost::_bi::value<bool>, boost::_bi::value<AcceptedConnectionImpl<boost::asio::ip::tcp>*>, boost::arg<1> (*)()> >, boost::asio::any_io_executor, void>::complete<boost::asio::detail::binder1<boost::_bi::bind_t<void, void (*)(boost::shared_ptr<boost::asio::basic_socket_acceptor<boost::asio::ip::tcp, boost::asio::any_io_executor> >, boost::asio::ssl::context&, bool, AcceptedConnection*, boost::system::error_code const&), boost::_bi::list5<boost::_bi::value<boost::shared_ptr<boost::asio::basic_socket_acceptor<boost::asio::ip::tcp, boost::asio::any_io_executor> > >, boost::reference_wrapper<boost::asio::ssl::context>, boost::_bi::value<bool>, boost::_bi::value<AcceptedConnectionImpl<boost::asio::ip::tcp>*>, boost::arg<1> (*)()> >, boost::system::error_code> >(boost::asio::detail::binder1<boost::_bi::bind_t<void, void (*)(boost::shared_ptr<boost::asio::basic_socket_acceptor<boost::asio::ip::tcp, boost::asio::any_io_executor> >, boost::asio::ssl::context&, bool, AcceptedConnection*, boost::system::error_code const&), boost::_bi::list5<boost::_bi::value<boost::shared_ptr<boost::asio::basic_socket_acceptor<boost::asio::ip::tcp, boost::asio::any_io_executor> > >, boost::reference_wrapper<boost::asio::ssl::context>, boost::_bi::value<bool>, boost::_bi::value<AcceptedConnectionImpl<boost::asio::ip::tcp>*>, boost::arg<1> (*)()> >, boost::system::error_code>&, boost::_bi::bind_t<void, void (*)(boost::shared_ptr<boost::asio::basic_socket_acceptor<boost::asio::ip::tcp, boost::asio::any_io_executor> >, boost::asio::ssl::context&, bool, AcceptedConnection*, boost::system::error_code const&), boost::_bi::list5<boost::_bi::value<boost::shared_ptr<boost::asio::basic_socket_acceptor<boost::asio::ip::tcp, boost::asio::any_io_executor> > >, boost::reference_wrapper<boost::asio::ssl::context>, boost::_bi::value<bool>, boost::_bi::value<AcceptedConnectionImpl<boost::asio::ip::tcp>*>, boost::arg<1> (*)()> >&) /usr/include/boost/asio/detail/handler_work.hpp:524
    #15 0x5c43df9684fb in boost::asio::detail::reactive_socket_accept_op<boost::asio::basic_socket<boost::asio::ip::tcp, boost::asio::any_io_executor>, boost::asio::ip::tcp, boost::_bi::bind_t<void, void (*)(boost::shared_ptr<boost::asio::basic_socket_acceptor<boost::asio::ip::tcp, boost::asio::any_io_executor> >, boost::asio::ssl::context&, bool, AcceptedConnection*, boost::system::error_code const&), boost::_bi::list5<boost::_bi::value<boost::shared_ptr<boost::asio::basic_socket_acceptor<boost::asio::ip::tcp, boost::asio::any_io_executor> > >, boost::reference_wrapper<boost::asio::ssl::context>, boost::_bi::value<bool>, boost::_bi::value<AcceptedConnectionImpl<boost::asio::ip::tcp>*>, boost::arg<1> (*)()> >, boost::asio::any_io_executor>::do_complete(void*, boost::asio::detail::scheduler_operation*, boost::system::error_code const&, unsigned long) /usr/include/boost/asio/detail/reactive_socket_accept_op.hpp:155
    #16 0x5c43df7ce7c3 in boost::asio::detail::scheduler_operation::complete(void*, boost::system::error_code const&, unsigned long) /usr/include/boost/asio/detail/scheduler_operation.hpp:40
    #17 0x5c43df7ce7c3 in boost::asio::detail::epoll_reactor::descriptor_state::do_complete(void*, boost::asio::detail::scheduler_operation*, boost::system::error_code const&, unsigned long) /usr/include/boost/asio/detail/impl/epoll_reactor.ipp:815
    #18 0x5c43df7c8e7f in boost::asio::detail::scheduler::do_run_one(boost::asio::detail::conditionally_enabled_mutex::scoped_lock&, boost::asio::detail::scheduler_thread_info&, boost::system::error_code const&) (/workspaces/INSN/src/INSaNed+0x5c55e7f) (BuildId: ebe454c866988f44aa6059bd878123a717c12eb9)
    #19 0x5c43df7ca9be in boost::asio::detail::scheduler::run(boost::system::error_code&) /usr/include/boost/asio/detail/impl/scheduler.ipp:210
    #20 0x5c43df928686 in boost::asio::io_context::run() /usr/include/boost/asio/impl/io_context.ipp:64
    #21 0x5c43df9156e9 in boost::_mfi::mf0<unsigned long, boost::asio::io_context>::operator()(boost::asio::io_context*) const /usr/include/boost/bind/mem_fn_template.hpp:49
    #22 0x5c43df9156e9 in unsigned long boost::_bi::list1<boost::_bi::value<boost::asio::io_context*> >::operator()<unsigned long, boost::_mfi::mf0<unsigned long, boost::asio::io_context>, boost::_bi::list0>(boost::_bi::type<unsigned long>, boost::_mfi::mf0<unsigned long, boost::asio::io_context>&, boost::_bi::list0&, long) /usr/include/boost/bind/bind.hpp:229
    #23 0x5c43df9156e9 in boost::_bi::bind_t<unsigned long, boost::_mfi::mf0<unsigned long, boost::asio::io_context>, boost::_bi::list1<boost::_bi::value<boost::asio::io_context*> > >::operator()() /usr/include/boost/bind/bind.hpp:1274
    #24 0x5c43df9156e9 in boost::detail::thread_data<boost::_bi::bind_t<unsigned long, boost::_mfi::mf0<unsigned long, boost::asio::io_context>, boost::_bi::list1<boost::_bi::value<boost::asio::io_context*> > > >::run() /usr/include/boost/thread/detail/thread.hpp:120
    #25 0x7d1a09a6e99e  (/lib/x86_64-linux-gnu/libboost_thread.so.1.83.0+0x1699e) (BuildId: cdf2ab5aa23cece03cad83b104e3376e2e8edecb)
    #26 0x7d1a09b41a41 in asan_thread_start ../../../../src/libsanitizer/asan/asan_interceptors.cpp:234
    #27 0x7d1a086e5aa3 in start_thread nptl/pthread_create.c:447

Indirect leak of 32 byte(s) in 1 object(s) allocated from:
    #0 0x7d1a09be09c7 in malloc ../../../../src/libsanitizer/asan/asan_malloc_linux.cpp:69
    #1 0x7d1a095812dd in OPENSSL_sk_dup (/lib/x86_64-linux-gnu/libcrypto.so.3+0x34d2dd) (BuildId: 0698e1ff610cb3c6993dccbd82c1281b1b4c5ade)
    #2 0x7d1a09807ddb in SSL_new (/lib/x86_64-linux-gnu/libssl.so.3+0x3cddb) (BuildId: 5f3b12d47114f9fbdc7765266cd0bb8f1b5ee8fc)
    #3 0x5c43df7eb79f in boost::asio::ssl::detail::engine::engine(ssl_ctx_st*) (/workspaces/INSN/src/INSaNed+0x5c7879f) (BuildId: ebe454c866988f44aa6059bd878123a717c12eb9)
    #4 0x5c43df8119a8 in boost::asio::ssl::detail::stream_core::stream_core<boost::asio::any_io_executor>(ssl_ctx_st*, boost::asio::any_io_executor const&) /usr/include/boost/asio/ssl/detail/stream_core.hpp:43
    #5 0x5c43df8fa39a in boost::asio::ssl::stream<boost::asio::basic_stream_socket<boost::asio::ip::tcp, boost::asio::any_io_executor> >::stream<boost::asio::io_context&>(boost::asio::io_context&, boost::asio::ssl::context&) /usr/include/boost/asio/ssl/stream.hpp:108
    #6 0x5c43df8fa39a in AcceptedConnectionImpl<boost::asio::ip::tcp>::AcceptedConnectionImpl(boost::asio::io_context&, boost::asio::ssl::context&, bool) /workspaces/INSN/src/rpcserver.cpp:417
    #7 0x5c43df8fa39a in RPCListen<boost::asio::ip::tcp> /workspaces/INSN/src/rpcserver.cpp:465
    #8 0x5c43df9036ee in StartRPCThreads() /workspaces/INSN/src/rpcserver.cpp:594
    #9 0x5c43df11ac7c in AppInit2(boost::thread_group&) /workspaces/INSN/src/init.cpp:1124
    #10 0x5c43df27e953 in AppInit(int, char**) /workspaces/INSN/src/bitcoind.cpp:106
    #11 0x5c43df27f1b9 in main /workspaces/INSN/src/bitcoind.cpp:136
    #12 0x7d1a086731c9 in __libc_start_call_main ../sysdeps/nptl/libc_start_call_main.h:58
    #13 0x7d1a0867328a in __libc_start_main_impl ../csu/libc-start.c:360
    #14 0x5c43deef8834 in _start (/workspaces/INSN/src/INSaNed+0x5385834) (BuildId: ebe454c866988f44aa6059bd878123a717c12eb9)

Indirect leak of 32 byte(s) in 1 object(s) allocated from:
    #0 0x7d1a09be09c7 in malloc ../../../../src/libsanitizer/asan/asan_malloc_linux.cpp:69
    #1 0x7d1a094577c4 in CRYPTO_zalloc (/lib/x86_64-linux-gnu/libcrypto.so.3+0x2237c4) (BuildId: 0698e1ff610cb3c6993dccbd82c1281b1b4c5ade)
    #2 0x7d1a0958154d in OPENSSL_sk_new_reserve (/lib/x86_64-linux-gnu/libcrypto.so.3+0x34d54d) (BuildId: 0698e1ff610cb3c6993dccbd82c1281b1b4c5ade)
    #3 0x7d1a098089a9 in SSL_CTX_new_ex (/lib/x86_64-linux-gnu/libssl.so.3+0x3d9a9) (BuildId: 5f3b12d47114f9fbdc7765266cd0bb8f1b5ee8fc)
    #4 0x5c43df901187 in boost::asio::ssl::context::context(boost::asio::ssl::context_base::method) /usr/include/boost/asio/ssl/impl/context.ipp:312
    #5 0x5c43df901187 in StartRPCThreads() /workspaces/INSN/src/rpcserver.cpp:552
    #6 0x5c43df11ac7c in AppInit2(boost::thread_group&) /workspaces/INSN/src/init.cpp:1124
    #7 0x5c43df27e953 in AppInit(int, char**) /workspaces/INSN/src/bitcoind.cpp:106
    #8 0x5c43df27f1b9 in main /workspaces/INSN/src/bitcoind.cpp:136
    #9 0x7d1a086731c9 in __libc_start_call_main ../sysdeps/nptl/libc_start_call_main.h:58
    #10 0x7d1a0867328a in __libc_start_main_impl ../csu/libc-start.c:360
    #11 0x5c43deef8834 in _start (/workspaces/INSN/src/INSaNed+0x5385834) (BuildId: ebe454c866988f44aa6059bd878123a717c12eb9)

Indirect leak of 32 byte(s) in 1 object(s) allocated from:
    #0 0x7d1a09be09c7 in malloc ../../../../src/libsanitizer/asan/asan_malloc_linux.cpp:69
    #1 0x7d1a095813b4 in OPENSSL_sk_deep_copy (/lib/x86_64-linux-gnu/libcrypto.so.3+0x34d3b4) (BuildId: 0698e1ff610cb3c6993dccbd82c1281b1b4c5ade)
    #2 0x7d1a09462724  (/lib/x86_64-linux-gnu/libcrypto.so.3+0x22e724) (BuildId: 0698e1ff610cb3c6993dccbd82c1281b1b4c5ade)
    #3 0x7d1a09462ca3  (/lib/x86_64-linux-gnu/libcrypto.so.3+0x22eca3) (BuildId: 0698e1ff610cb3c6993dccbd82c1281b1b4c5ade)
    #4 0x7d1a09462d94  (/lib/x86_64-linux-gnu/libcrypto.so.3+0x22ed94) (BuildId: 0698e1ff610cb3c6993dccbd82c1281b1b4c5ade)
    #5 0x7d1a09453337  (/lib/x86_64-linux-gnu/libcrypto.so.3+0x21f337) (BuildId: 0698e1ff610cb3c6993dccbd82c1281b1b4c5ade)
    #6 0x7d1a094536d8  (/lib/x86_64-linux-gnu/libcrypto.so.3+0x21f6d8) (BuildId: 0698e1ff610cb3c6993dccbd82c1281b1b4c5ade)
    #7 0x7d1a0942e6dc  (/lib/x86_64-linux-gnu/libcrypto.so.3+0x1fa6dc) (BuildId: 0698e1ff610cb3c6993dccbd82c1281b1b4c5ade)
    #8 0x7d1a0942eae3  (/lib/x86_64-linux-gnu/libcrypto.so.3+0x1faae3) (BuildId: 0698e1ff610cb3c6993dccbd82c1281b1b4c5ade)
    #9 0x7d1a094337c1 in EVP_RAND_fetch (/lib/x86_64-linux-gnu/libcrypto.so.3+0x1ff7c1) (BuildId: 0698e1ff610cb3c6993dccbd82c1281b1b4c5ade)
    #10 0x7d1a0953e36b in RAND_get0_primary (/lib/x86_64-linux-gnu/libcrypto.so.3+0x30a36b) (BuildId: 0698e1ff610cb3c6993dccbd82c1281b1b4c5ade)
    #11 0x7d1a0953e7cf in RAND_get0_public (/lib/x86_64-linux-gnu/libcrypto.so.3+0x30a7cf) (BuildId: 0698e1ff610cb3c6993dccbd82c1281b1b4c5ade)
    #12 0x7d1a0953e897 in RAND_bytes_ex (/lib/x86_64-linux-gnu/libcrypto.so.3+0x30a897) (BuildId: 0698e1ff610cb3c6993dccbd82c1281b1b4c5ade)
    #13 0x5c43dfb429d9 in GetRandBytes(unsigned char*, int) /workspaces/INSN/src/util.cpp:155
    #14 0x5c43df73ebe9 in CAddrMan::CAddrMan() /workspaces/INSN/src/addrman.h:395
    #15 0x5c43df6b8f4a in __static_initialization_and_destruction_0 /workspaces/INSN/src/net.cpp:57
    #16 0x5c43df6b8f4a in _GLOBAL__sub_I_fDiscover /workspaces/INSN/src/net.cpp:1882
    #17 0x7d1a08673303 in call_init ../csu/libc-start.c:145
    #18 0x7d1a08673303 in __libc_start_main_impl ../csu/libc-start.c:347
    #19 0x5c43deef8834 in _start (/workspaces/INSN/src/INSaNed+0x5385834) (BuildId: ebe454c866988f44aa6059bd878123a717c12eb9)

Indirect leak of 32 byte(s) in 1 object(s) allocated from:
    #0 0x7d1a09be09c7 in malloc ../../../../src/libsanitizer/asan/asan_malloc_linux.cpp:69
    #1 0x7d1a094577c4 in CRYPTO_zalloc (/lib/x86_64-linux-gnu/libcrypto.so.3+0x2237c4) (BuildId: 0698e1ff610cb3c6993dccbd82c1281b1b4c5ade)
    #2 0x7d1a0958154d in OPENSSL_sk_new_reserve (/lib/x86_64-linux-gnu/libcrypto.so.3+0x34d54d) (BuildId: 0698e1ff610cb3c6993dccbd82c1281b1b4c5ade)
    #3 0x7d1a095afc6b in X509_STORE_new (/lib/x86_64-linux-gnu/libcrypto.so.3+0x37bc6b) (BuildId: 0698e1ff610cb3c6993dccbd82c1281b1b4c5ade)
    #4 0x7d1a09808897 in SSL_CTX_new_ex (/lib/x86_64-linux-gnu/libssl.so.3+0x3d897) (BuildId: 5f3b12d47114f9fbdc7765266cd0bb8f1b5ee8fc)
    #5 0x5c43df901187 in boost::asio::ssl::context::context(boost::asio::ssl::context_base::method) /usr/include/boost/asio/ssl/impl/context.ipp:312
    #6 0x5c43df901187 in StartRPCThreads() /workspaces/INSN/src/rpcserver.cpp:552
    #7 0x5c43df11ac7c in AppInit2(boost::thread_group&) /workspaces/INSN/src/init.cpp:1124
    #8 0x5c43df27e953 in AppInit(int, char**) /workspaces/INSN/src/bitcoind.cpp:106
    #9 0x5c43df27f1b9 in main /workspaces/INSN/src/bitcoind.cpp:136
    #10 0x7d1a086731c9 in __libc_start_call_main ../sysdeps/nptl/libc_start_call_main.h:58
    #11 0x7d1a0867328a in __libc_start_main_impl ../csu/libc-start.c:360
    #12 0x5c43deef8834 in _start (/workspaces/INSN/src/INSaNed+0x5385834) (BuildId: ebe454c866988f44aa6059bd878123a717c12eb9)

Indirect leak of 32 byte(s) in 1 object(s) allocated from:
    #0 0x7d1a09be09c7 in malloc ../../../../src/libsanitizer/asan/asan_malloc_linux.cpp:69
    #1 0x7d1a094577c4 in CRYPTO_zalloc (/lib/x86_64-linux-gnu/libcrypto.so.3+0x2237c4) (BuildId: 0698e1ff610cb3c6993dccbd82c1281b1b4c5ade)
    #2 0x7d1a0958154d in OPENSSL_sk_new_reserve (/lib/x86_64-linux-gnu/libcrypto.so.3+0x34d54d) (BuildId: 0698e1ff610cb3c6993dccbd82c1281b1b4c5ade)
    #3 0x7d1a095afc83 in X509_STORE_new (/lib/x86_64-linux-gnu/libcrypto.so.3+0x37bc83) (BuildId: 0698e1ff610cb3c6993dccbd82c1281b1b4c5ade)
    #4 0x7d1a09808897 in SSL_CTX_new_ex (/lib/x86_64-linux-gnu/libssl.so.3+0x3d897) (BuildId: 5f3b12d47114f9fbdc7765266cd0bb8f1b5ee8fc)
    #5 0x5c43df901187 in boost::asio::ssl::context::context(boost::asio::ssl::context_base::method) /usr/include/boost/asio/ssl/impl/context.ipp:312
    #6 0x5c43df901187 in StartRPCThreads() /workspaces/INSN/src/rpcserver.cpp:552
    #7 0x5c43df11ac7c in AppInit2(boost::thread_group&) /workspaces/INSN/src/init.cpp:1124
    #8 0x5c43df27e953 in AppInit(int, char**) /workspaces/INSN/src/bitcoind.cpp:106
    #9 0x5c43df27f1b9 in main /workspaces/INSN/src/bitcoind.cpp:136
    #10 0x7d1a086731c9 in __libc_start_call_main ../sysdeps/nptl/libc_start_call_main.h:58
    #11 0x7d1a0867328a in __libc_start_main_impl ../csu/libc-start.c:360
    #12 0x5c43deef8834 in _start (/workspaces/INSN/src/INSaNed+0x5385834) (BuildId: ebe454c866988f44aa6059bd878123a717c12eb9)

Indirect leak of 32 byte(s) in 1 object(s) allocated from:
    #0 0x7d1a09be09c7 in malloc ../../../../src/libsanitizer/asan/asan_malloc_linux.cpp:69
    #1 0x7d1a094577c4 in CRYPTO_zalloc (/lib/x86_64-linux-gnu/libcrypto.so.3+0x2237c4) (BuildId: 0698e1ff610cb3c6993dccbd82c1281b1b4c5ade)
    #2 0x7d1a09580b12  (/lib/x86_64-linux-gnu/libcrypto.so.3+0x34cb12) (BuildId: 0698e1ff610cb3c6993dccbd82c1281b1b4c5ade)
    #3 0x7d1a09580e34 in OPENSSL_sk_insert (/lib/x86_64-linux-gnu/libcrypto.so.3+0x34ce34) (BuildId: 0698e1ff610cb3c6993dccbd82c1281b1b4c5ade)
    #4 0x7d1a097f9b71  (/lib/x86_64-linux-gnu/libssl.so.3+0x2eb71) (BuildId: 5f3b12d47114f9fbdc7765266cd0bb8f1b5ee8fc)
    #5 0x7d1a09379e35 in CONF_parse_list (/lib/x86_64-linux-gnu/libcrypto.so.3+0x145e35) (BuildId: 0698e1ff610cb3c6993dccbd82c1281b1b4c5ade)
    #6 0x7d1a097f9a56  (/lib/x86_64-linux-gnu/libssl.so.3+0x2ea56) (BuildId: 5f3b12d47114f9fbdc7765266cd0bb8f1b5ee8fc)
    #7 0x7d1a097fb118 in SSL_CTX_set_ciphersuites (/lib/x86_64-linux-gnu/libssl.so.3+0x30118) (BuildId: 5f3b12d47114f9fbdc7765266cd0bb8f1b5ee8fc)
    #8 0x7d1a098088ff in SSL_CTX_new_ex (/lib/x86_64-linux-gnu/libssl.so.3+0x3d8ff) (BuildId: 5f3b12d47114f9fbdc7765266cd0bb8f1b5ee8fc)
    #9 0x5c43df901187 in boost::asio::ssl::context::context(boost::asio::ssl::context_base::method) /usr/include/boost/asio/ssl/impl/context.ipp:312
    #10 0x5c43df901187 in StartRPCThreads() /workspaces/INSN/src/rpcserver.cpp:552
    #11 0x5c43df11ac7c in AppInit2(boost::thread_group&) /workspaces/INSN/src/init.cpp:1124
    #12 0x5c43df27e953 in AppInit(int, char**) /workspaces/INSN/src/bitcoind.cpp:106
    #13 0x5c43df27f1b9 in main /workspaces/INSN/src/bitcoind.cpp:136
    #14 0x7d1a086731c9 in __libc_start_call_main ../sysdeps/nptl/libc_start_call_main.h:58
    #15 0x7d1a0867328a in __libc_start_main_impl ../csu/libc-start.c:360
    #16 0x5c43deef8834 in _start (/workspaces/INSN/src/INSaNed+0x5385834) (BuildId: ebe454c866988f44aa6059bd878123a717c12eb9)

Indirect leak of 32 byte(s) in 1 object(s) allocated from:
    #0 0x7d1a09be09c7 in malloc ../../../../src/libsanitizer/asan/asan_malloc_linux.cpp:69
    #1 0x7d1a094577c4 in CRYPTO_zalloc (/lib/x86_64-linux-gnu/libcrypto.so.3+0x2237c4) (BuildId: 0698e1ff610cb3c6993dccbd82c1281b1b4c5ade)
    #2 0x7d1a0958154d in OPENSSL_sk_new_reserve (/lib/x86_64-linux-gnu/libcrypto.so.3+0x34d54d) (BuildId: 0698e1ff610cb3c6993dccbd82c1281b1b4c5ade)
    #3 0x7d1a0937e86f in CTLOG_STORE_new_ex (/lib/x86_64-linux-gnu/libcrypto.so.3+0x14a86f) (BuildId: 0698e1ff610cb3c6993dccbd82c1281b1b4c5ade)
    #4 0x7d1a098088af in SSL_CTX_new_ex (/lib/x86_64-linux-gnu/libssl.so.3+0x3d8af) (BuildId: 5f3b12d47114f9fbdc7765266cd0bb8f1b5ee8fc)
    #5 0x5c43df901187 in boost::asio::ssl::context::context(boost::asio::ssl::context_base::method) /usr/include/boost/asio/ssl/impl/context.ipp:312
    #6 0x5c43df901187 in StartRPCThreads() /workspaces/INSN/src/rpcserver.cpp:552
    #7 0x5c43df11ac7c in AppInit2(boost::thread_group&) /workspaces/INSN/src/init.cpp:1124
    #8 0x5c43df27e953 in AppInit(int, char**) /workspaces/INSN/src/bitcoind.cpp:106
    #9 0x5c43df27f1b9 in main /workspaces/INSN/src/bitcoind.cpp:136
    #10 0x7d1a086731c9 in __libc_start_call_main ../sysdeps/nptl/libc_start_call_main.h:58
    #11 0x7d1a0867328a in __libc_start_main_impl ../csu/libc-start.c:360
    #12 0x5c43deef8834 in _start (/workspaces/INSN/src/INSaNed+0x5385834) (BuildId: ebe454c866988f44aa6059bd878123a717c12eb9)

Indirect leak of 32 byte(s) in 1 object(s) allocated from:
    #0 0x7d1a09be09c7 in malloc ../../../../src/libsanitizer/asan/asan_malloc_linux.cpp:69
    #1 0x7d1a094577c4 in CRYPTO_zalloc (/lib/x86_64-linux-gnu/libcrypto.so.3+0x2237c4) (BuildId: 0698e1ff610cb3c6993dccbd82c1281b1b4c5ade)
    #2 0x7d1a0958154d in OPENSSL_sk_new_reserve (/lib/x86_64-linux-gnu/libcrypto.so.3+0x34d54d) (BuildId: 0698e1ff610cb3c6993dccbd82c1281b1b4c5ade)
    #3 0x7d1a097f9a27  (/lib/x86_64-linux-gnu/libssl.so.3+0x2ea27) (BuildId: 5f3b12d47114f9fbdc7765266cd0bb8f1b5ee8fc)
    #4 0x7d1a097fb118 in SSL_CTX_set_ciphersuites (/lib/x86_64-linux-gnu/libssl.so.3+0x30118) (BuildId: 5f3b12d47114f9fbdc7765266cd0bb8f1b5ee8fc)
    #5 0x7d1a098088ff in SSL_CTX_new_ex (/lib/x86_64-linux-gnu/libssl.so.3+0x3d8ff) (BuildId: 5f3b12d47114f9fbdc7765266cd0bb8f1b5ee8fc)
    #6 0x5c43df901187 in boost::asio::ssl::context::context(boost::asio::ssl::context_base::method) /usr/include/boost/asio/ssl/impl/context.ipp:312
    #7 0x5c43df901187 in StartRPCThreads() /workspaces/INSN/src/rpcserver.cpp:552
    #8 0x5c43df11ac7c in AppInit2(boost::thread_group&) /workspaces/INSN/src/init.cpp:1124
    #9 0x5c43df27e953 in AppInit(int, char**) /workspaces/INSN/src/bitcoind.cpp:106
    #10 0x5c43df27f1b9 in main /workspaces/INSN/src/bitcoind.cpp:136
    #11 0x7d1a086731c9 in __libc_start_call_main ../sysdeps/nptl/libc_start_call_main.h:58
    #12 0x7d1a0867328a in __libc_start_main_impl ../csu/libc-start.c:360
    #13 0x5c43deef8834 in _start (/workspaces/INSN/src/INSaNed+0x5385834) (BuildId: ebe454c866988f44aa6059bd878123a717c12eb9)

Indirect leak of 32 byte(s) in 1 object(s) allocated from:
    #0 0x7d1a09be09c7 in malloc ../../../../src/libsanitizer/asan/asan_malloc_linux.cpp:69
    #1 0x7d1a0958126c in OPENSSL_sk_dup (/lib/x86_64-linux-gnu/libcrypto.so.3+0x34d26c) (BuildId: 0698e1ff610cb3c6993dccbd82c1281b1b4c5ade)
    #2 0x7d1a09807ddb in SSL_new (/lib/x86_64-linux-gnu/libssl.so.3+0x3cddb) (BuildId: 5f3b12d47114f9fbdc7765266cd0bb8f1b5ee8fc)
    #3 0x5c43df7eb79f in boost::asio::ssl::detail::engine::engine(ssl_ctx_st*) (/workspaces/INSN/src/INSaNed+0x5c7879f) (BuildId: ebe454c866988f44aa6059bd878123a717c12eb9)
    #4 0x5c43df8119a8 in boost::asio::ssl::detail::stream_core::stream_core<boost::asio::any_io_executor>(ssl_ctx_st*, boost::asio::any_io_executor const&) /usr/include/boost/asio/ssl/detail/stream_core.hpp:43
    #5 0x5c43df8fa39a in boost::asio::ssl::stream<boost::asio::basic_stream_socket<boost::asio::ip::tcp, boost::asio::any_io_executor> >::stream<boost::asio::io_context&>(boost::asio::io_context&, boost::asio::ssl::context&) /usr/include/boost/asio/ssl/stream.hpp:108
    #6 0x5c43df8fa39a in AcceptedConnectionImpl<boost::asio::ip::tcp>::AcceptedConnectionImpl(boost::asio::io_context&, boost::asio::ssl::context&, bool) /workspaces/INSN/src/rpcserver.cpp:417
    #7 0x5c43df8fa39a in RPCListen<boost::asio::ip::tcp> /workspaces/INSN/src/rpcserver.cpp:465
    #8 0x5c43df9036ee in StartRPCThreads() /workspaces/INSN/src/rpcserver.cpp:594
    #9 0x5c43df11ac7c in AppInit2(boost::thread_group&) /workspaces/INSN/src/init.cpp:1124
    #10 0x5c43df27e953 in AppInit(int, char**) /workspaces/INSN/src/bitcoind.cpp:106
    #11 0x5c43df27f1b9 in main /workspaces/INSN/src/bitcoind.cpp:136
    #12 0x7d1a086731c9 in __libc_start_call_main ../sysdeps/nptl/libc_start_call_main.h:58
    #13 0x7d1a0867328a in __libc_start_main_impl ../csu/libc-start.c:360
    #14 0x5c43deef8834 in _start (/workspaces/INSN/src/INSaNed+0x5385834) (BuildId: ebe454c866988f44aa6059bd878123a717c12eb9)

Indirect leak of 24 byte(s) in 1 object(s) allocated from:
    #0 0x7d1a09be09c7 in malloc ../../../../src/libsanitizer/asan/asan_malloc_linux.cpp:69
    #1 0x7d1a094577c4 in CRYPTO_zalloc (/lib/x86_64-linux-gnu/libcrypto.so.3+0x2237c4) (BuildId: 0698e1ff610cb3c6993dccbd82c1281b1b4c5ade)
    #2 0x7d1a095c37e8  (/lib/x86_64-linux-gnu/libcrypto.so.3+0x38f7e8) (BuildId: 0698e1ff610cb3c6993dccbd82c1281b1b4c5ade)
    #3 0x7d1a09460c91  (/lib/x86_64-linux-gnu/libcrypto.so.3+0x22cc91) (BuildId: 0698e1ff610cb3c6993dccbd82c1281b1b4c5ade)
    #4 0x7d1a09462ccb  (/lib/x86_64-linux-gnu/libcrypto.so.3+0x22eccb) (BuildId: 0698e1ff610cb3c6993dccbd82c1281b1b4c5ade)
    #5 0x7d1a09462d94  (/lib/x86_64-linux-gnu/libcrypto.so.3+0x22ed94) (BuildId: 0698e1ff610cb3c6993dccbd82c1281b1b4c5ade)
    #6 0x7d1a09453337  (/lib/x86_64-linux-gnu/libcrypto.so.3+0x21f337) (BuildId: 0698e1ff610cb3c6993dccbd82c1281b1b4c5ade)
    #7 0x7d1a094536d8  (/lib/x86_64-linux-gnu/libcrypto.so.3+0x21f6d8) (BuildId: 0698e1ff610cb3c6993dccbd82c1281b1b4c5ade)
    #8 0x7d1a0942e6dc  (/lib/x86_64-linux-gnu/libcrypto.so.3+0x1fa6dc) (BuildId: 0698e1ff610cb3c6993dccbd82c1281b1b4c5ade)
    #9 0x7d1a0942eae3  (/lib/x86_64-linux-gnu/libcrypto.so.3+0x1faae3) (BuildId: 0698e1ff610cb3c6993dccbd82c1281b1b4c5ade)
    #10 0x7d1a094337c1 in EVP_RAND_fetch (/lib/x86_64-linux-gnu/libcrypto.so.3+0x1ff7c1) (BuildId: 0698e1ff610cb3c6993dccbd82c1281b1b4c5ade)
    #11 0x7d1a0953e36b in RAND_get0_primary (/lib/x86_64-linux-gnu/libcrypto.so.3+0x30a36b) (BuildId: 0698e1ff610cb3c6993dccbd82c1281b1b4c5ade)
    #12 0x7d1a0953e7cf in RAND_get0_public (/lib/x86_64-linux-gnu/libcrypto.so.3+0x30a7cf) (BuildId: 0698e1ff610cb3c6993dccbd82c1281b1b4c5ade)
    #13 0x7d1a0953e897 in RAND_bytes_ex (/lib/x86_64-linux-gnu/libcrypto.so.3+0x30a897) (BuildId: 0698e1ff610cb3c6993dccbd82c1281b1b4c5ade)
    #14 0x5c43dfb429d9 in GetRandBytes(unsigned char*, int) /workspaces/INSN/src/util.cpp:155
    #15 0x5c43df73ebe9 in CAddrMan::CAddrMan() /workspaces/INSN/src/addrman.h:395
    #16 0x5c43df6b8f4a in __static_initialization_and_destruction_0 /workspaces/INSN/src/net.cpp:57
    #17 0x5c43df6b8f4a in _GLOBAL__sub_I_fDiscover /workspaces/INSN/src/net.cpp:1882
    #18 0x7d1a08673303 in call_init ../csu/libc-start.c:145
    #19 0x7d1a08673303 in __libc_start_main_impl ../csu/libc-start.c:347
    #20 0x5c43deef8834 in _start (/workspaces/INSN/src/INSaNed+0x5385834) (BuildId: ebe454c866988f44aa6059bd878123a717c12eb9)

Indirect leak of 24 byte(s) in 1 object(s) allocated from:
    #0 0x7d1a09be09c7 in malloc ../../../../src/libsanitizer/asan/asan_malloc_linux.cpp:69
    #1 0x7d1a094577c4 in CRYPTO_zalloc (/lib/x86_64-linux-gnu/libcrypto.so.3+0x2237c4) (BuildId: 0698e1ff610cb3c6993dccbd82c1281b1b4c5ade)
    #2 0x7d1a0937e83d in CTLOG_STORE_new_ex (/lib/x86_64-linux-gnu/libcrypto.so.3+0x14a83d) (BuildId: 0698e1ff610cb3c6993dccbd82c1281b1b4c5ade)
    #3 0x7d1a098088af in SSL_CTX_new_ex (/lib/x86_64-linux-gnu/libssl.so.3+0x3d8af) (BuildId: 5f3b12d47114f9fbdc7765266cd0bb8f1b5ee8fc)
    #4 0x5c43df901187 in boost::asio::ssl::context::context(boost::asio::ssl::context_base::method) /usr/include/boost/asio/ssl/impl/context.ipp:312
    #5 0x5c43df901187 in StartRPCThreads() /workspaces/INSN/src/rpcserver.cpp:552
    #6 0x5c43df11ac7c in AppInit2(boost::thread_group&) /workspaces/INSN/src/init.cpp:1124
    #7 0x5c43df27e953 in AppInit(int, char**) /workspaces/INSN/src/bitcoind.cpp:106
    #8 0x5c43df27f1b9 in main /workspaces/INSN/src/bitcoind.cpp:136
    #9 0x7d1a086731c9 in __libc_start_call_main ../sysdeps/nptl/libc_start_call_main.h:58
    #10 0x7d1a0867328a in __libc_start_main_impl ../csu/libc-start.c:360
    #11 0x5c43deef8834 in _start (/workspaces/INSN/src/INSaNed+0x5385834) (BuildId: ebe454c866988f44aa6059bd878123a717c12eb9)

Indirect leak of 20 byte(s) in 1 object(s) allocated from:
    #0 0x7d1a09be09c7 in malloc ../../../../src/libsanitizer/asan/asan_malloc_linux.cpp:69
    #1 0x7d1a098120b4  (/lib/x86_64-linux-gnu/libssl.so.3+0x470b4) (BuildId: 5f3b12d47114f9fbdc7765266cd0bb8f1b5ee8fc)
    #2 0x7d1a098088e7 in SSL_CTX_new_ex (/lib/x86_64-linux-gnu/libssl.so.3+0x3d8e7) (BuildId: 5f3b12d47114f9fbdc7765266cd0bb8f1b5ee8fc)
    #3 0x5c43df901187 in boost::asio::ssl::context::context(boost::asio::ssl::context_base::method) /usr/include/boost/asio/ssl/impl/context.ipp:312
    #4 0x5c43df901187 in StartRPCThreads() /workspaces/INSN/src/rpcserver.cpp:552
    #5 0x5c43df11ac7c in AppInit2(boost::thread_group&) /workspaces/INSN/src/init.cpp:1124
    #6 0x5c43df27e953 in AppInit(int, char**) /workspaces/INSN/src/bitcoind.cpp:106
    #7 0x5c43df27f1b9 in main /workspaces/INSN/src/bitcoind.cpp:136
    #8 0x7d1a086731c9 in __libc_start_call_main ../sysdeps/nptl/libc_start_call_main.h:58
    #9 0x7d1a0867328a in __libc_start_main_impl ../csu/libc-start.c:360
    #10 0x5c43deef8834 in _start (/workspaces/INSN/src/INSaNed+0x5385834) (BuildId: ebe454c866988f44aa6059bd878123a717c12eb9)

Indirect leak of 19 byte(s) in 1 object(s) allocated from:
    #0 0x7d1a09be09c7 in malloc ../../../../src/libsanitizer/asan/asan_malloc_linux.cpp:69
    #1 0x7d1a09458ee2 in CRYPTO_strdup (/lib/x86_64-linux-gnu/libcrypto.so.3+0x224ee2) (BuildId: 0698e1ff610cb3c6993dccbd82c1281b1b4c5ade)
    #2 0x7d1a09323145 in BIO_meth_new (/lib/x86_64-linux-gnu/libcrypto.so.3+0xef145) (BuildId: 0698e1ff610cb3c6993dccbd82c1281b1b4c5ade)
    #3 0x7d1a095c3f3d  (/lib/x86_64-linux-gnu/libcrypto.so.3+0x38ff3d) (BuildId: 0698e1ff610cb3c6993dccbd82c1281b1b4c5ade)
    #4 0x7d1a095c37f6  (/lib/x86_64-linux-gnu/libcrypto.so.3+0x38f7f6) (BuildId: 0698e1ff610cb3c6993dccbd82c1281b1b4c5ade)
    #5 0x7d1a09460c91  (/lib/x86_64-linux-gnu/libcrypto.so.3+0x22cc91) (BuildId: 0698e1ff610cb3c6993dccbd82c1281b1b4c5ade)
    #6 0x7d1a09462ccb  (/lib/x86_64-linux-gnu/libcrypto.so.3+0x22eccb) (BuildId: 0698e1ff610cb3c6993dccbd82c1281b1b4c5ade)
    #7 0x7d1a09462d94  (/lib/x86_64-linux-gnu/libcrypto.so.3+0x22ed94) (BuildId: 0698e1ff610cb3c6993dccbd82c1281b1b4c5ade)
    #8 0x7d1a09453337  (/lib/x86_64-linux-gnu/libcrypto.so.3+0x21f337) (BuildId: 0698e1ff610cb3c6993dccbd82c1281b1b4c5ade)
    #9 0x7d1a094536d8  (/lib/x86_64-linux-gnu/libcrypto.so.3+0x21f6d8) (BuildId: 0698e1ff610cb3c6993dccbd82c1281b1b4c5ade)
    #10 0x7d1a0942e6dc  (/lib/x86_64-linux-gnu/libcrypto.so.3+0x1fa6dc) (BuildId: 0698e1ff610cb3c6993dccbd82c1281b1b4c5ade)
    #11 0x7d1a0942eae3  (/lib/x86_64-linux-gnu/libcrypto.so.3+0x1faae3) (BuildId: 0698e1ff610cb3c6993dccbd82c1281b1b4c5ade)
    #12 0x7d1a094337c1 in EVP_RAND_fetch (/lib/x86_64-linux-gnu/libcrypto.so.3+0x1ff7c1) (BuildId: 0698e1ff610cb3c6993dccbd82c1281b1b4c5ade)
    #13 0x7d1a0953e36b in RAND_get0_primary (/lib/x86_64-linux-gnu/libcrypto.so.3+0x30a36b) (BuildId: 0698e1ff610cb3c6993dccbd82c1281b1b4c5ade)
    #14 0x7d1a0953e7cf in RAND_get0_public (/lib/x86_64-linux-gnu/libcrypto.so.3+0x30a7cf) (BuildId: 0698e1ff610cb3c6993dccbd82c1281b1b4c5ade)
    #15 0x7d1a0953e897 in RAND_bytes_ex (/lib/x86_64-linux-gnu/libcrypto.so.3+0x30a897) (BuildId: 0698e1ff610cb3c6993dccbd82c1281b1b4c5ade)
    #16 0x5c43dfb429d9 in GetRandBytes(unsigned char*, int) /workspaces/INSN/src/util.cpp:155
    #17 0x5c43df73ebe9 in CAddrMan::CAddrMan() /workspaces/INSN/src/addrman.h:395
    #18 0x5c43df6b8f4a in __static_initialization_and_destruction_0 /workspaces/INSN/src/net.cpp:57
    #19 0x5c43df6b8f4a in _GLOBAL__sub_I_fDiscover /workspaces/INSN/src/net.cpp:1882
    #20 0x7d1a08673303 in call_init ../csu/libc-start.c:145
    #21 0x7d1a08673303 in __libc_start_main_impl ../csu/libc-start.c:347
    #22 0x5c43deef8834 in _start (/workspaces/INSN/src/INSaNed+0x5385834) (BuildId: ebe454c866988f44aa6059bd878123a717c12eb9)

Indirect leak of 8 byte(s) in 1 object(s) allocated from:
    #0 0x7d1a09be09c7 in malloc ../../../../src/libsanitizer/asan/asan_malloc_linux.cpp:69
    #1 0x7d1a09458ee2 in CRYPTO_strdup (/lib/x86_64-linux-gnu/libcrypto.so.3+0x224ee2) (BuildId: 0698e1ff610cb3c6993dccbd82c1281b1b4c5ade)
    #2 0x7d1a09462705  (/lib/x86_64-linux-gnu/libcrypto.so.3+0x22e705) (BuildId: 0698e1ff610cb3c6993dccbd82c1281b1b4c5ade)
    #3 0x7d1a09462ca3  (/lib/x86_64-linux-gnu/libcrypto.so.3+0x22eca3) (BuildId: 0698e1ff610cb3c6993dccbd82c1281b1b4c5ade)
    #4 0x7d1a09462d94  (/lib/x86_64-linux-gnu/libcrypto.so.3+0x22ed94) (BuildId: 0698e1ff610cb3c6993dccbd82c1281b1b4c5ade)
    #5 0x7d1a09453337  (/lib/x86_64-linux-gnu/libcrypto.so.3+0x21f337) (BuildId: 0698e1ff610cb3c6993dccbd82c1281b1b4c5ade)
    #6 0x7d1a094536d8  (/lib/x86_64-linux-gnu/libcrypto.so.3+0x21f6d8) (BuildId: 0698e1ff610cb3c6993dccbd82c1281b1b4c5ade)
    #7 0x7d1a0942e6dc  (/lib/x86_64-linux-gnu/libcrypto.so.3+0x1fa6dc) (BuildId: 0698e1ff610cb3c6993dccbd82c1281b1b4c5ade)
    #8 0x7d1a0942eae3  (/lib/x86_64-linux-gnu/libcrypto.so.3+0x1faae3) (BuildId: 0698e1ff610cb3c6993dccbd82c1281b1b4c5ade)
    #9 0x7d1a094337c1 in EVP_RAND_fetch (/lib/x86_64-linux-gnu/libcrypto.so.3+0x1ff7c1) (BuildId: 0698e1ff610cb3c6993dccbd82c1281b1b4c5ade)
    #10 0x7d1a0953e36b in RAND_get0_primary (/lib/x86_64-linux-gnu/libcrypto.so.3+0x30a36b) (BuildId: 0698e1ff610cb3c6993dccbd82c1281b1b4c5ade)
    #11 0x7d1a0953e7cf in RAND_get0_public (/lib/x86_64-linux-gnu/libcrypto.so.3+0x30a7cf) (BuildId: 0698e1ff610cb3c6993dccbd82c1281b1b4c5ade)
    #12 0x7d1a0953e897 in RAND_bytes_ex (/lib/x86_64-linux-gnu/libcrypto.so.3+0x30a897) (BuildId: 0698e1ff610cb3c6993dccbd82c1281b1b4c5ade)
    #13 0x5c43dfb429d9 in GetRandBytes(unsigned char*, int) /workspaces/INSN/src/util.cpp:155
    #14 0x5c43df73ebe9 in CAddrMan::CAddrMan() /workspaces/INSN/src/addrman.h:395
    #15 0x5c43df6b8f4a in __static_initialization_and_destruction_0 /workspaces/INSN/src/net.cpp:57
    #16 0x5c43df6b8f4a in _GLOBAL__sub_I_fDiscover /workspaces/INSN/src/net.cpp:1882
    #17 0x7d1a08673303 in call_init ../csu/libc-start.c:145
    #18 0x7d1a08673303 in __libc_start_main_impl ../csu/libc-start.c:347
    #19 0x5c43deef8834 in _start (/workspaces/INSN/src/INSaNed+0x5385834) (BuildId: ebe454c866988f44aa6059bd878123a717c12eb9)

Indirect leak of 2 byte(s) in 1 object(s) allocated from:
    #0 0x7d1a09bdf778 in realloc ../../../../src/libsanitizer/asan/asan_malloc_linux.cpp:85
    #1 0x7d1a09463270  (/lib/x86_64-linux-gnu/libcrypto.so.3+0x22f270) (BuildId: 0698e1ff610cb3c6993dccbd82c1281b1b4c5ade)
    #2 0x7d1a0945354f  (/lib/x86_64-linux-gnu/libcrypto.so.3+0x21f54f) (BuildId: 0698e1ff610cb3c6993dccbd82c1281b1b4c5ade)
    #3 0x7d1a094531e6  (/lib/x86_64-linux-gnu/libcrypto.so.3+0x21f1e6) (BuildId: 0698e1ff610cb3c6993dccbd82c1281b1b4c5ade)
    #4 0x7d1a09462f96  (/lib/x86_64-linux-gnu/libcrypto.so.3+0x22ef96) (BuildId: 0698e1ff610cb3c6993dccbd82c1281b1b4c5ade)
    #5 0x7d1a09453337  (/lib/x86_64-linux-gnu/libcrypto.so.3+0x21f337) (BuildId: 0698e1ff610cb3c6993dccbd82c1281b1b4c5ade)
    #6 0x7d1a094536d8  (/lib/x86_64-linux-gnu/libcrypto.so.3+0x21f6d8) (BuildId: 0698e1ff610cb3c6993dccbd82c1281b1b4c5ade)
    #7 0x7d1a0942e804  (/lib/x86_64-linux-gnu/libcrypto.so.3+0x1fa804) (BuildId: 0698e1ff610cb3c6993dccbd82c1281b1b4c5ade)
    #8 0x7d1a0942eae3  (/lib/x86_64-linux-gnu/libcrypto.so.3+0x1faae3) (BuildId: 0698e1ff610cb3c6993dccbd82c1281b1b4c5ade)
    #9 0x7d1a09447f0f in EVP_SIGNATURE_fetch (/lib/x86_64-linux-gnu/libcrypto.so.3+0x213f0f) (BuildId: 0698e1ff610cb3c6993dccbd82c1281b1b4c5ade)
    #10 0x7d1a097fa8b7  (/lib/x86_64-linux-gnu/libssl.so.3+0x2f8b7) (BuildId: 5f3b12d47114f9fbdc7765266cd0bb8f1b5ee8fc)
    #11 0x7d1a098088c7 in SSL_CTX_new_ex (/lib/x86_64-linux-gnu/libssl.so.3+0x3d8c7) (BuildId: 5f3b12d47114f9fbdc7765266cd0bb8f1b5ee8fc)
    #12 0x5c43df901187 in boost::asio::ssl::context::context(boost::asio::ssl::context_base::method) /usr/include/boost/asio/ssl/impl/context.ipp:312
    #13 0x5c43df901187 in StartRPCThreads() /workspaces/INSN/src/rpcserver.cpp:552
    #14 0x5c43df11ac7c in AppInit2(boost::thread_group&) /workspaces/INSN/src/init.cpp:1124
    #15 0x5c43df27e953 in AppInit(int, char**) /workspaces/INSN/src/bitcoind.cpp:106
    #16 0x5c43df27f1b9 in main /workspaces/INSN/src/bitcoind.cpp:136
    #17 0x7d1a086731c9 in __libc_start_call_main ../sysdeps/nptl/libc_start_call_main.h:58
    #18 0x7d1a0867328a in __libc_start_main_impl ../csu/libc-start.c:360
    #19 0x5c43deef8834 in _start (/workspaces/INSN/src/INSaNed+0x5385834) (BuildId: ebe454c866988f44aa6059bd878123a717c12eb9)

SUMMARY: AddressSanitizer: 191306 byte(s) leaked in 283 allocation(s).
